FrameNo,head_x,head_y,head_z,left_shoulder_x,left_shoulder_y,left_shoulder_z,left_elbow_x,left_elbow_y,left_elbow_z,right_shoulder_x,right_shoulder_y,right_shoulder_z,right_elbow_x,right_elbow_y,right_elbow_z,left_hand_x,left_hand_y,left_hand_z,right_hand_x,right_hand_y,right_hand_z,left_hip_x,left_hip_y,left_hip_z,right_hip_x,right_hip_y,right_hip_z,left_knee_x,left_knee_y,left_knee_z,right_knee_x,right_knee_y,right_knee_z,left_foot_x,left_foot_y,left_foot_z,right_foot_x,right_foot_y,right_foot_z,running_video
0,0.0100809298455715,-0.616960883140564,-0.3094178438186645,0.1585481911897659,-0.5059545636177063,-0.13846056163311,0.2504594326019287,-0.7225168347358704,-0.1899236142635345,-0.1267815083265304,-0.4992900788784027,-0.1532124280929565,-0.2618786990642547,-0.6604392528533936,-0.2399570047855377,0.2941600382328033,-0.9488795399665833,-0.2549762725830078,-0.2557113468647003,-0.8814734220504761,-0.3399459719657898,0.1085916757583618,-0.0007306733168661,0.0059618353843688,-0.108999989926815,0.0002003377303481,-0.0047979950904846,0.1254923492670059,0.4052746295928955,0.0115433484315872,-0.1122466623783111,0.3855393528938293,0.0063176341354846,0.1720558404922485,0.7492526769638062,0.1439247131347656,-0.1312315762042999,0.7422609925270081,0.1391550302505493,0
1,0.0050428691320121,-0.6167827844619751,-0.314808040857315,0.1542405635118484,-0.5039336085319519,-0.1434002071619033,0.253558874130249,-0.7187179327011108,-0.1928260624408722,-0.1355160921812057,-0.4992804229259491,-0.1561571359634399,-0.269610047340393,-0.665786862373352,-0.2354260385036468,0.3010545372962951,-0.943170428276062,-0.2579610645771026,-0.2604111433029175,-0.8881846070289612,-0.3211386799812317,0.1086459979414939,-0.000529070792254,0.0059555419720709,-0.109047882258892,-1.8335849745199084e-05,-0.0047933291643857,0.1145771369338035,0.4077540338039398,0.0154439266771078,-0.1295731663703918,0.3856710195541382,0.0071238619275391,0.1642297059297561,0.7488258481025696,0.14750537276268,-0.1527986228466034,0.7414916753768921,0.1393106877803802,1
2,0.0045912312343716,-0.6167964339256287,-0.3153610229492187,0.1524694561958313,-0.5025118589401245,-0.1432303339242935,0.2548471987247467,-0.7162929773330688,-0.189612329006195,-0.1394221782684326,-0.499654471874237,-0.1562190651893615,-0.275850385427475,-0.672909677028656,-0.2270195037126541,0.3083965182304382,-0.9409191608428956,-0.2543749809265136,-0.265870600938797,-0.8949430584907532,-0.3048550188541412,0.1086625829339027,-0.0004583477566484,0.0059098317287862,-0.1090621426701545,-0.0001015957313938,-0.0047534094192087,0.1088115721940994,0.4108568727970123,0.016173867508769,-0.1289311051368713,0.3873024880886078,0.0071999724023044,0.1600168049335479,0.7503944039344788,0.1450902819633484,-0.1497149318456649,0.7431705594062805,0.1364262700080871,1
3,0.0046882000751793,-0.6176426410675049,-0.3141708970069885,0.1524088531732559,-0.5025110244750977,-0.1423162370920181,0.2564392685890198,-0.7163886427879333,-0.1867352724075317,-0.140512615442276,-0.500673770904541,-0.155096098780632,-0.2769713103771209,-0.6775007247924805,-0.2235176861286163,0.3142570555210113,-0.9410654902458192,-0.2490445077419281,-0.267043799161911,-0.8985704779624939,-0.3014804720878601,0.108723871409893,-0.0002628168149385,0.0056321588344872,-0.1091150268912315,-0.000306669564452,-0.0044971206225454,0.1049005091190338,0.4133365154266357,0.0203303378075361,-0.128670647740364,0.3885321617126465,0.0105792889371514,0.1584242731332779,0.7506428360939026,0.1482908874750137,-0.1487406343221664,0.7431809902191162,0.1404170840978622,1
4,0.0039623980410397,-0.6176826357841492,-0.3312070667743683,0.1487420350313186,-0.4991466701030731,-0.1536061614751815,0.2574061453342438,-0.7142637372016907,-0.1964005380868911,-0.143639788031578,-0.4999315142631531,-0.1761584430932998,-0.2805671095848083,-0.6768993139266968,-0.2490780800580978,0.3177436590194702,-0.9402448534965516,-0.2617862522602081,-0.2729659378528595,-0.8980669975280762,-0.3301288187503814,0.108750969171524,-0.0002910561161115,0.0069083445705473,-0.1091410368680954,-0.0002847911673597,-0.0057692606933414,0.1055320873856544,0.4134751558303833,0.0236877091228961,-0.1281900703907013,0.3885800838470459,0.0091044595465064,0.1602779775857925,0.7496866583824158,0.153326153755188,-0.1472546011209488,0.7424463629722595,0.1403988450765609,1
5,0.0037755754310637,-0.6177772283554077,-0.3225525021553039,0.1488601714372635,-0.5003120303153992,-0.1500362306833267,0.2559865415096283,-0.7143211960792542,-0.1936863958835601,-0.1433412730693817,-0.5004103183746338,-0.1647554337978363,-0.2804386913776397,-0.6767474412918091,-0.233043685555458,0.3173786997795105,-0.941930890083313,-0.2583128809928894,-0.2735917270183563,-0.8993633389472961,-0.312818169593811,0.1087861284613609,-0.0002814196341205,0.0066178562119603,-0.1091718450188636,-0.0002951516071334,-0.0054943459108471,0.1066201403737068,0.4134034514427185,0.0235054120421409,-0.126072347164154,0.3891367018222809,0.0096651157364249,0.164072036743164,0.748914361000061,0.1531066298484802,-0.1417895704507827,0.7423630952835083,0.1420220881700515,1
6,0.0030293038580566,-0.6199721097946167,-0.3199414312839508,0.1479241997003555,-0.5004898905754089,-0.1476016640663147,0.2557815015316009,-0.7141075730323792,-0.190251886844635,-0.145161747932434,-0.5006173253059387,-0.1642337590456009,-0.2813569605350494,-0.6764734387397766,-0.2305823862552642,0.3169571757316589,-0.9420663714408876,-0.2551189363002777,-0.2773535549640655,-0.8991044163703918,-0.3084419667720794,0.1089223325252533,-0.0002853221085388,0.006617163773626,-0.1093048974871635,-0.0002937436802312,-0.0054969047196209,0.1081981733441352,0.4126693308353424,0.0239340141415596,-0.1258808970451355,0.3891410529613495,0.0099216336384415,0.1655556857585907,0.7445123195648193,0.1609546393156051,-0.1413184851408004,0.7393195033073425,0.1476760804653167,1
7,-0.0017916515935212,-0.6202372312545776,-0.3202545642852783,0.1458406895399093,-0.500474750995636,-0.1483821868896484,0.2544488608837127,-0.7139011025428772,-0.1926891803741455,-0.1471287906169891,-0.500630259513855,-0.1641509085893631,-0.2837565541267395,-0.6762603521347046,-0.2318767458200454,0.3155520260334015,-0.9419662356376648,-0.2585031390190124,-0.2826317846775055,-0.8982517719268799,-0.3137006759643554,0.1089096292853355,-0.0002698988537304,0.0064075663685798,-0.109289065003395,-0.0003094370185863,-0.0052960063330829,0.1084798499941825,0.412677139043808,0.02355289272964,-0.1258570849895477,0.3896831274032593,0.0102346278727054,0.1655903160572052,0.7457994818687439,0.1535312384366989,-0.1410497575998306,0.7409215569496155,0.1460282653570175,1
8,-0.0018351963954046,-0.6155720353126526,-0.3279332518577575,0.1444359868764877,-0.5000743269920349,-0.1527047902345657,0.2522304058074951,-0.7139523029327393,-0.1978528946638107,-0.1472967714071273,-0.4995154738426208,-0.171568676829338,-0.2853719294071197,-0.6740484833717346,-0.2490853071212768,0.3135454356670379,-0.9424591660499572,-0.2637047171592712,-0.2845957279205322,-0.8975101709365845,-0.3384649753570556,0.1088721826672554,-0.0002821527305059,0.006424396764487,-0.1092483326792717,-0.0002983620506711,-0.0053164344280958,0.10866679251194,0.4126598238945007,0.0229269862174987,-0.1256723999977111,0.3900404274463653,0.0098267970606684,0.1666909456253051,0.7462376356124878,0.1478118449449539,-0.1406280249357223,0.7415487766265869,0.1416710168123245,1
9,-0.0024275339674204,-0.615648090839386,-0.3283846378326416,0.142950028181076,-0.5000727772712708,-0.1525249481201172,0.2482061386108398,-0.7140904664993286,-0.1976844668388366,-0.1481373608112335,-0.4991578459739685,-0.1744011640548706,-0.2865638136863708,-0.6739762425422668,-0.2526468336582184,0.3113220632076263,-0.94317364692688,-0.263415664434433,-0.2876544296741485,-0.8970891833305359,-0.3395223021507263,0.1088676005601883,-0.0003143183712381,0.0067448979243636,-0.1092441082000732,-0.000267489318503,-0.0056490651331841,0.1088815778493881,0.4129699766635895,0.0239912457764148,-0.1255830824375152,0.390618234872818,0.0094233844429254,0.1666697859764099,0.7467657923698425,0.1483259499073028,-0.1404313743114471,0.7431882619857788,0.1406452655792236,1
10,-0.0024122446775436,-0.6128655672073364,-0.3264825642108917,0.1428352445363998,-0.5010177493095398,-0.149593099951744,0.2471532225608825,-0.7143898010253906,-0.1943575143814087,-0.1480997204780578,-0.499098926782608,-0.1719473451375961,-0.2866149544715881,-0.6714978218078613,-0.2517481744289398,0.3099150955677032,-0.943963885307312,-0.2607854008674621,-0.2888122498989105,-0.8965545296669006,-0.3395003974437713,0.10887011885643,-0.0003507163783069,0.0067651979625225,-0.1092453300952911,-0.0002318021142855,-0.0056719509884715,0.1092190742492675,0.4129871726036072,0.0234997682273387,-0.1248053908348083,0.3908069729804992,0.0088772168383002,0.1673187166452407,0.7468206286430359,0.1474183648824691,-0.1392112821340561,0.7432345151901245,0.1398656517267227,1
11,-0.0049993759021162,-0.6198485493659973,-0.325552225112915,0.1401307582855224,-0.5011795163154602,-0.1490827947854995,0.2446823120117187,-0.716675341129303,-0.1936956048011779,-0.1502232998609542,-0.4989475607872009,-0.1719946563243866,-0.2868162393569946,-0.6714797616004944,-0.2518041431903839,0.3038403689861297,-0.9459529519081116,-0.2595881223678589,-0.2887218594551086,-0.8946993350982666,-0.3387503921985626,0.1088632717728614,-0.0003590818087104,0.0069454153999686,-0.1092369183897972,-0.0002231066609965,-0.0058510354720056,0.1093973964452743,0.4130260348320007,0.0248802471905946,-0.1256684362888336,0.3908358514308929,0.0093357255682349,0.1677085012197494,0.7470771074295044,0.1486749649047851,-0.1391993165016174,0.7431817054748535,0.1406614780426025,1
12,-0.0057358965277671,-0.6202706098556519,-0.3120370805263519,0.1400071531534195,-0.5063039660453796,-0.1357692927122116,0.2403025776147842,-0.7186967730522156,-0.1762495785951614,-0.150873601436615,-0.4996070265769958,-0.1562094390392303,-0.2932935357093811,-0.6720011234283447,-0.2319206148386001,0.2994737327098846,-0.9459848999977112,-0.2402495294809341,-0.2917913496494293,-0.8963704705238342,-0.3157148063182831,0.1089054122567176,-0.0003849792119581,0.0065717720426619,-0.10927614569664,-0.0001991286262637,-0.0054904003627598,0.1094938069581985,0.413107305765152,0.0244170632213354,-0.1266714334487915,0.3913224637508392,0.011065193451941,0.166437029838562,0.7476947903633118,0.1480071693658828,-0.1391163170337677,0.7433708906173706,0.1413604319095611,1
13,-0.0057078874669969,-0.6183752417564392,-0.3015366196632385,0.1404157727956771,-0.5108799338340759,-0.124037317931652,0.2402566969394683,-0.7232982516288757,-0.1590676009654998,-0.1503483802080154,-0.5012472867965698,-0.1450947970151901,-0.2923164963722229,-0.6715177297592163,-0.2164977192878723,0.2975011467933655,-0.9487814903259276,-0.2188370376825332,-0.2916871309280395,-0.8953861594200134,-0.3000775873661041,0.1089140027761459,-0.0003543978673405,0.0065336804836988,-0.1092825978994369,-0.0002312103752046,-0.0054527265019714,0.1097604483366012,0.4131150543689728,0.0243731718510389,-0.1258847564458847,0.3913604021072387,0.0112456306815147,0.1650008708238601,0.7477490901947021,0.1480506956577301,-0.1381545066833496,0.7433947324752808,0.1413836479187011,1
14,-0.0092123392969369,-0.6197202801704407,-0.3150601387023926,0.1372724026441574,-0.5084410309791565,-0.1361480206251144,0.2394340187311172,-0.7216601371765137,-0.1745769381523132,-0.1517302244901657,-0.4997327029705047,-0.1600688248872757,-0.2921603322029114,-0.6696734428405762,-0.2343699485063552,0.2929028272628784,-0.9440725445747375,-0.237221822142601,-0.2886589467525482,-0.8899752497673035,-0.3166345953941345,0.1088533028960228,-0.0003603987279348,0.0070180911570787,-0.1092174649238586,-0.000226318166824,-0.005915886722505,0.1097831130027771,0.4138495326042175,0.0269870888441801,-0.1265098452568054,0.3911001086235046,0.01163762062788,0.165022000670433,0.7487798929214478,0.1483681499958038,-0.1397516280412674,0.7432594895362854,0.1414435505867004,1
15,-0.0074945976957678,-0.6190680265426636,-0.3154417276382446,0.1376911699771881,-0.5090561509132385,-0.1362943351268768,0.2366298288106918,-0.7229341268539429,-0.1750775724649429,-0.1514768898487091,-0.4997138381004333,-0.1599572002887725,-0.2926805317401886,-0.6684120297431946,-0.2386066317558288,0.2923104763031006,-0.9466314911842346,-0.2385561764240265,-0.2893466651439667,-0.8890460133552551,-0.3315636217594147,0.1089292541146278,-0.0004194244684185,0.006435411516577,-0.1092879623174667,-0.0001702187873888,-0.0053437515161931,0.1090224534273147,0.4145112633705139,0.0254100933670997,-0.1266185045242309,0.3921430110931396,0.0134219620376825,0.1628141552209854,0.7503754496574402,0.1435090899467468,-0.1380490511655807,0.7440126538276672,0.1414803564548492,1
16,-0.0065976516343653,-0.6125162839889526,-0.322009414434433,0.1382858157157898,-0.5088106989860535,-0.1400187164545059,0.2369343787431717,-0.7229666709899902,-0.178083449602127,-0.1499456465244293,-0.4991804659366607,-0.1655783355236053,-0.2915664315223694,-0.6659954786300659,-0.2496567815542221,0.2925633192062378,-0.9474504590034484,-0.2415816187858581,-0.2893744111061096,-0.8885015845298767,-0.346168041229248,0.108929269015789,-0.0004331702366471,0.0065373880788683,-0.1092883050441742,-0.0001569220330566,-0.0054473700001835,0.1094430238008499,0.4145554304122925,0.0232046190649271,-0.1265601813793182,0.3922730088233948,0.0116529064252972,0.1633564531803131,0.7505557537078857,0.1403501182794571,-0.1378300487995147,0.7449546456336975,0.1362558454275131,1
17,-0.0087270969524979,-0.6161724925041199,-0.3242895603179931,0.1348510235548019,-0.5064035058021545,-0.1430380344390869,0.2357597351074218,-0.7200247049331665,-0.1821464151144027,-0.1525637954473495,-0.4983137547969818,-0.1691919267177581,-0.2922742068767547,-0.665448784828186,-0.2500119209289551,0.2904569506645202,-0.9439472556114196,-0.2485236972570419,-0.2894332408905029,-0.8862000703811646,-0.3442264199256897,0.1088777408003807,-0.000454714812804,0.0066237798891961,-0.1092343777418136,-0.0001361844915663,-0.0055295987986028,0.1074522659182548,0.4158229827880859,0.0253267958760261,-0.1274715662002563,0.3922891616821289,0.0118430256843566,0.1630431115627288,0.7537523508071899,0.1382089108228683,-0.1410791426897049,0.7461923956871033,0.1349476128816604,1
18,-0.0086165005341172,-0.6187297701835632,-0.2906744480133056,0.1371628493070602,-0.5127890706062317,-0.1167932823300361,0.2357130646705627,-0.7286649942398071,-0.1523772329092025,-0.1523304581642151,-0.5019187927246094,-0.1308039128780365,-0.2925306856632232,-0.6676046252250671,-0.1992761939764022,0.2897478342056274,-0.955537736415863,-0.2091786116361618,-0.2892884910106659,-0.8875540494918823,-0.2826941311359405,0.1088922545313835,-0.0004631162155419,0.0060160863213241,-0.1092418655753135,-0.0001288993953494,-0.0049189776182174,0.1074502244591713,0.4159647226333618,0.0253726691007614,-0.1249193027615547,0.3923083841800689,0.0136111099272966,0.1654203236103058,0.7540079355239868,0.1370568424463272,-0.1325622349977493,0.7461950182914734,0.1360609978437423,1
19,-0.0100134024396538,-0.6197188496589661,-0.2944055795669555,0.1364548206329345,-0.5124377012252808,-0.1181759461760521,0.2342883050441742,-0.7264314293861389,-0.1578796356916427,-0.1525767296552658,-0.5018583536148071,-0.1361032575368881,-0.2934772074222564,-0.6659349799156189,-0.2063712030649185,0.2890896797180176,-0.95286625623703,-0.2188735455274582,-0.2904289066791534,-0.8867096304893494,-0.2941947877407074,0.1088825613260269,-0.000505500822328,0.0053406162187457,-0.1092286184430122,-8.672419062349945e-05,-0.0042448248714208,0.1066605225205421,0.4160281419754028,0.0247834417968988,-0.1252551823854446,0.3926170170307159,0.0150873726233839,0.1640118509531021,0.7539905905723572,0.1371807307004928,-0.1335300058126449,0.7464393377304077,0.1381985247135162,1
20,-0.0048396899364888,-0.6195771098136902,-0.296009361743927,0.1385857760906219,-0.5122398138046265,-0.12034622579813,0.2347328513860702,-0.7264648675918579,-0.1606286019086837,-0.1518774330615997,-0.5018069744110107,-0.1368947923183441,-0.2933501005172729,-0.6660144329071045,-0.2105352133512497,0.2893614768981933,-0.9529781341552734,-0.222304031252861,-0.2887089848518371,-0.8871518969535828,-0.2973119914531708,0.1088893413543701,-0.0005050831823609,0.0050122435204684,-0.1092326268553733,-8.904742571758106e-05,-0.0039297272451221,0.1060380861163139,0.4160849452018738,0.0249216426163911,-0.1248761117458343,0.3926442563533783,0.0172315705567598,0.1625514179468155,0.7544090747833252,0.1371222734451294,-0.1320732682943344,0.7464023232460022,0.1396350711584091,1
21,-0.0058415834791958,-0.6192906498908997,-0.3012416362762451,0.1385134756565094,-0.5118262767791748,-0.1269793808460235,0.2345123589038849,-0.7242771983146667,-0.1679978221654892,-0.1516703069210052,-0.501760721206665,-0.1393754184246063,-0.2930520474910736,-0.6659508943557739,-0.2114601582288742,0.2892854213714599,-0.9508001804351808,-0.2320040017366409,-0.2885350883007049,-0.8871800899505615,-0.3005690574645996,0.1088739857077598,-0.0005134375533089,0.0049428106285631,-0.1092144027352333,-8.08382174000144e-05,-0.003859918564558,0.106088176369667,0.4161116778850555,0.0248671527951955,-0.1246608197689056,0.3926694095134735,0.0176049005240201,0.1639019399881363,0.7541228532791138,0.1371728926897049,-0.1320987492799759,0.7463847398757935,0.1406481117010116,1
22,-0.0050332220271229,-0.6182431578636169,-0.3066763579845428,0.138312742114067,-0.5116943120956421,-0.1273393034934997,0.2345058023929596,-0.7241856455802917,-0.1685364544391632,-0.1517409533262252,-0.5013298988342285,-0.1486360728740692,-0.2931931018829345,-0.6650270819664001,-0.233857974410057,0.2897601723670959,-0.9492663145065308,-0.2324396967887878,-0.2885182499885559,-0.8869010806083679,-0.3297626376152038,0.1088839098811149,-0.0005774376331828,0.0049761459231376,-0.1092228665947914,-1.777869329089299e-05,-0.003898048074916,0.106124460697174,0.4161417484283447,0.0248492620885372,-0.1250083595514297,0.3931499123573303,0.0173469483852386,0.163533940911293,0.7541294693946838,0.1372036933898925,-0.1329603642225265,0.7468701601028442,0.1398272365331649,1
23,-0.0049159685149788,-0.6172410845756531,-0.3120376467704773,0.1388338059186935,-0.5114800930023193,-0.1352940201759338,0.2355166971683502,-0.7242396473884583,-0.1778192669153213,-0.1502180397510528,-0.5013366341590881,-0.1515455543994903,-0.2920143604278564,-0.6652001142501831,-0.2344041019678115,0.289819598197937,-0.9493587017059326,-0.2418873608112335,-0.2884472608566284,-0.8869296312332153,-0.3298888504505157,0.1088759824633598,-0.0005917472881264,0.0047953878529369,-0.1092143431305885,-2.7310079531162046e-06,-0.0037166171241551,0.1066994294524192,0.4160890281200409,0.0238139871507883,-0.1243189498782157,0.3933939933776855,0.0173473786562681,0.1654332876205444,0.7536571621894836,0.1373467445373535,-0.1325208693742752,0.7469425797462463,0.1404799222946167,1
24,-0.0032950204331427,-0.6278584599494934,-0.287653386592865,0.1402966231107711,-0.5116029977798462,-0.1179690957069397,0.240855410695076,-0.724131166934967,-0.1602508723735809,-0.150250107049942,-0.5041853785514832,-0.1304179280996322,-0.2918333411216736,-0.67448490858078,-0.1907247453927993,0.2936366200447082,-0.948293685913086,-0.2259147316217422,-0.286567747592926,-0.896050214767456,-0.2642394304275512,0.1088745146989822,-0.0005826558335684,0.0032366137020289,-0.109212152659893,-1.16057353807264e-05,-0.0021686577238142,0.10550507158041,0.416088193655014,0.0233175139874219,-0.1237049847841262,0.3936803638935089,0.0191766526550054,0.1655232310295105,0.7538810968399048,0.1380327045917511,-0.1298566460609436,0.747163712978363,0.144659012556076,1
25,-0.0020951952319592,-0.6274581551551819,-0.2900508642196655,0.1410031914710998,-0.5111340880393982,-0.119207426905632,0.2418376505374908,-0.7215130925178528,-0.161619022488594,-0.1502037495374679,-0.5031368136405945,-0.1319352090358734,-0.292361319065094,-0.6695443391799927,-0.19981649518013,0.2947756350040436,-0.9464539289474488,-0.2288030534982681,-0.2865861058235168,-0.8950377106666565,-0.2872371077537536,0.1090061515569686,-0.0006359047838486,0.0032771858386695,-0.1093406751751899,4.116365744266659e-05,-0.0022127155680209,0.1063860356807708,0.4161317348480224,0.0230833161622285,-0.1243326216936111,0.3937238752841949,0.0184986349195241,0.1661121696233749,0.7531282305717468,0.1413422226905822,-0.1300559341907501,0.7465123534202576,0.1448342204093933,1
26,-0.0034424322657287,-0.6229303479194641,-0.3027554154396057,0.141009509563446,-0.5105762481689453,-0.1323497146368026,0.241743266582489,-0.721319317817688,-0.178178071975708,-0.1497327387332916,-0.5024307370185852,-0.1418642848730087,-0.2913968861103058,-0.6690270304679871,-0.2100098580121994,0.2926128208637237,-0.9460904002189636,-0.2440127283334732,-0.2867477238178253,-0.8947398066520691,-0.2988111972808838,0.1090322285890579,-0.0006449813954532,0.0031527113169431,-0.1093689650297164,5.0190428737550974e-05,-0.0020881271921098,0.107941523194313,0.4152773022651672,0.0207881554961204,-0.1254832446575164,0.3937624394893646,0.018484991043806,0.1685100942850113,0.7497320771217346,0.1437522172927856,-0.1313414573669433,0.7454405426979065,0.1472471952438354,1
27,-0.0025743010919541,-0.623075544834137,-0.3031724691390991,0.1408307403326034,-0.5100263357162476,-0.1319399923086166,0.2420806139707565,-0.7212674617767334,-0.1763183325529098,-0.1500577926635742,-0.5018900036811829,-0.1447283029556274,-0.2924646139144897,-0.6685904860496521,-0.2153343707323074,0.2936495840549469,-0.945846676826477,-0.2426071316003799,-0.2869853377342224,-0.8945757150650024,-0.3007645905017853,0.1090871766209602,-0.0007194772479124,0.0035245302133262,-0.1094254776835441,0.000123040183098,-0.0024532445240765,0.1097492277622222,0.4143574833869934,0.0212521869689226,-0.1257843822240829,0.3936574459075928,0.0178158897906541,0.1700968593358993,0.7463552355766296,0.150031492114067,-0.1318574398756027,0.7438349723815918,0.1478509455919265,1
28,-0.0023473678156733,-0.6232268214225769,-0.3064422011375427,0.1407617628574371,-0.5100315809249878,-0.1319519281387329,0.2428948432207107,-0.7213367223739624,-0.1746760457754135,-0.1502505391836166,-0.5013779997825623,-0.1522507518529892,-0.2935813665390014,-0.665382444858551,-0.2325796484947204,0.2950584888458252,-0.9448915719985962,-0.2409911006689071,-0.2884483635425567,-0.8901258707046509,-0.3230648934841156,0.109145313501358,-0.0007631271728314,0.0044727772474288,-0.1094828471541404,0.0001681283320067,-0.0034101225901395,0.1120395436882972,0.4136973023414612,0.0226165708154439,-0.1255730092525482,0.3935602009296417,0.0175659283995628,0.1714427322149276,0.7460923194885254,0.152114912867546,-0.1318786591291427,0.7422508597373962,0.1490046083927154,1
29,-0.0017769213300198,-0.6226075887680054,-0.3159275650978088,0.1407454460859298,-0.509550154209137,-0.1359392255544662,0.2436254918575287,-0.7211084365844727,-0.1769919693470001,-0.1502498537302017,-0.5002410411834717,-0.1642340272665023,-0.2939116656780243,-0.6634172201156616,-0.2489953190088272,0.2958128750324249,-0.9434086084365844,-0.2438905835151672,-0.2898356914520263,-0.88792884349823,-0.3406354188919067,0.1091920509934425,-0.00080124696251,0.005356699693948,-0.1095313280820846,0.000207601711736,-0.00429840805009,0.1135273277759552,0.4135283827781677,0.0233056675642728,-0.1254019737243652,0.3935335576534271,0.0167812742292881,0.1725876927375793,0.7461022138595581,0.1527843624353408,-0.1319435387849807,0.7417104244232178,0.149063304066658,1
30,-0.001327033736743,-0.6225870251655579,-0.320890873670578,0.1410065442323684,-0.509128749370575,-0.1406935006380081,0.2438924610614776,-0.7209978699684143,-0.1821619123220443,-0.1497058272361755,-0.4999240934848785,-0.169282466173172,-0.2939039766788482,-0.6638179421424866,-0.2525645792484283,0.2957475781440735,-0.9422350525856018,-0.2484994530677795,-0.2906566560268402,-0.8879262208938599,-0.3417494297027588,0.1092264279723167,-0.0008139858837239,0.005712526384741,-0.1095669865608215,0.0002206680510425,-0.0046501485630869,0.1143222674727439,0.4134978950023651,0.0240954551845788,-0.1251213550567627,0.3935123383998871,0.016767406836152,0.1730822324752807,0.7461465001106262,0.1532018184661865,-0.1318351030349731,0.7413722276687622,0.149625539779663,1
31,-0.0026071884203702,-0.6218035817146301,-0.3187796771526336,0.1407049298286438,-0.5090675354003906,-0.1405414342880249,0.2433292418718338,-0.7208399772644043,-0.1827095448970794,-0.1500951647758484,-0.4996911883354187,-0.1626114845275879,-0.2944352328777313,-0.6620817184448242,-0.2424946278333664,0.29513680934906,-0.9430055022239684,-0.2493669688701629,-0.2942048907279968,-0.8876063823699951,-0.3370605111122131,0.10927664488554,-0.000846941024065,0.0051799551583826,-0.1096173226833343,0.0002536772517487,-0.004112278111279,0.1135042980313301,0.4134715497493744,0.0225198790431022,-0.1279139071702957,0.393508106470108,0.0167868211865425,0.1725020259618759,0.7457402348518372,0.1528534293174743,-0.1345973014831543,0.741280734539032,0.1497069150209427,1
32,-0.0036156431306153,-0.6217616200447083,-0.3223936259746551,0.1394971013069152,-0.5079009532928467,-0.1455392986536026,0.2432265132665634,-0.7207379341125488,-0.1900876760482788,-0.1513242572546005,-0.4995332062244415,-0.1656491458415985,-0.2943671643733978,-0.6621969938278198,-0.2461128979921341,0.2951588928699493,-0.9429406523704528,-0.2577136754989624,-0.2939040958881378,-0.8860304951667786,-0.3406949043273926,0.1092626750469207,-0.0008638786384835,0.0045820549130439,-0.1096047013998031,0.0002704487997107,-0.0035113487392663,0.1116243451833725,0.413456529378891,0.0222480632364749,-0.1273188143968582,0.393616646528244,0.0179517436772584,0.1695076823234558,0.7458217740058899,0.151609867811203,-0.1331597417593002,0.7417171597480774,0.1502613723278045,1
33,-0.0035941589158028,-0.6211817264556885,-0.3311396837234497,0.1396873444318771,-0.5070419311523438,-0.1528264135122299,0.2430796027183532,-0.7206404209136963,-0.1969650387763977,-0.1506253629922866,-0.4988699853420257,-0.1727880984544754,-0.2944477796554565,-0.6620563864707947,-0.2523673176765442,0.2952474355697632,-0.9429553747177124,-0.2653096914291382,-0.2958551049232483,-0.884520411491394,-0.346073716878891,0.1092478930950164,-0.0008675057906657,0.0045609725639224,-0.1095910817384719,0.0002751813153736,-0.0034899534657597,0.1116113886237144,0.4139264822006225,0.0236843489110469,-0.1232105940580368,0.3941019475460052,0.0184327661991119,0.1704617291688919,0.7480735182762146,0.1480605006217956,-0.1296024024486541,0.7446058392524719,0.1497556120157241,1
34,-0.0035124097485095,-0.6224666237831116,-0.3216046392917633,0.1388423591852188,-0.5085852146148682,-0.1429622322320938,0.2416117936372757,-0.7211183309555054,-0.1864977926015854,-0.1520690768957138,-0.4994368255138397,-0.1660304069519043,-0.2957504987716675,-0.6665629148483276,-0.2461226135492324,0.2942682802677154,-0.9427308440208436,-0.2560421824455261,-0.2966720461845398,-0.8907983899116516,-0.33739173412323,0.1093047186732292,-0.0009736694628372,0.004564503673464,-0.1096460595726966,0.0003801059210672,-0.0034942761994898,0.1112938001751899,0.4139442145824432,0.0236899517476558,-0.125654712319374,0.3942350447177887,0.0184363089501857,0.1697497516870498,0.7480846643447876,0.1485966891050338,-0.1323474049568176,0.744414210319519,0.149796113371849,1
35,-0.0042203511111438,-0.6226069927215576,-0.3173455595970154,0.1389421075582504,-0.5093808174133301,-0.1413011699914932,0.2416012436151504,-0.7211446762084961,-0.1854717433452606,-0.1521242409944534,-0.500362753868103,-0.158281996846199,-0.2970793843269348,-0.6667736768722534,-0.2312543392181396,0.2937926650047302,-0.9422540664672852,-0.25445756316185,-0.2968543171882629,-0.8906223177909851,-0.317838191986084,0.1093134433031082,-0.0009773861384019,0.0038508384022861,-0.1096540167927742,0.0003840478602796,-0.0027826747391372,0.11116873472929,0.413583368062973,0.0231812447309494,-0.125013992190361,0.3942344784736633,0.0199550371617078,0.1688454747200012,0.74761563539505,0.146955206990242,-0.1307951807975769,0.7440378069877625,0.1502674221992492,1
36,-0.0058647040277719,-0.6256471276283264,-0.3036651611328125,0.1386339515447616,-0.5093744397163391,-0.1296311020851135,0.2415828555822372,-0.7210412621498108,-0.1724433600902557,-0.1528054326772689,-0.5003862977027893,-0.148768350481987,-0.2968258261680603,-0.6664855480194092,-0.2225658744573593,0.2937910854816437,-0.9424181580543518,-0.2404419183731079,-0.2968778908252716,-0.8904910087585449,-0.3087613880634308,0.1093054488301277,-0.0009900769218802,0.0042679337784647,-0.1096450388431549,0.000397230614908,-0.0031956892926245,0.1124412193894386,0.4132623374462127,0.0231594499200582,-0.1250347346067428,0.3938535153865814,0.0164167415350675,0.1690502315759658,0.747702419757843,0.1468885391950607,-0.1314842253923416,0.7444330453872681,0.1449613273143768,1
37,-0.0057999268174171,-0.6273026466369629,-0.300910472869873,0.1386110633611679,-0.5103353261947632,-0.1249840632081031,0.2391060292720794,-0.7205861806869507,-0.163147285580635,-0.1536894291639328,-0.5016658306121826,-0.1472459733486175,-0.2999372482299804,-0.6698337197303772,-0.2183684259653091,0.2930064499378204,-0.9407042860984802,-0.2285212874412536,-0.2975353300571441,-0.8919568657875061,-0.2975893020629883,0.1094674840569496,-0.0010085933608934,0.0042707230895757,-0.1098134890198707,0.0004129149019718,-0.0031981549691408,0.1120829954743385,0.4136314988136291,0.0238598268479108,-0.1254576593637466,0.3938696384429931,0.0166407618671655,0.1650814712047577,0.747837245464325,0.148599624633789,-0.1322870254516601,0.7441936731338501,0.1455498039722442,1
38,-0.0044634570367634,-0.6244525909423828,-0.3020204603672027,0.14035464823246,-0.5101805329322815,-0.1294501274824142,0.23947174847126,-0.7213635444641113,-0.1718205362558365,-0.15072101354599,-0.5010066628456116,-0.147636204957962,-0.2984116971492767,-0.6675643920898438,-0.2195214033126831,0.293070375919342,-0.9449700713157654,-0.2352628260850906,-0.2979232966899872,-0.8917136192321777,-0.2990810573101043,0.1094799488782882,-0.0009887745836749,0.0038924103137105,-0.1098259463906288,0.0003934234555345,-0.0028151073493063,0.1120852082967758,0.4136621057987213,0.0204799007624387,-0.1254814565181732,0.3940048217773437,0.0165469571948051,0.1652815788984298,0.7477837204933167,0.1469046175479889,-0.1322250068187713,0.7443810701370239,0.1452973335981369,1
39,-0.0078730778768658,-0.627519428730011,-0.3022391200065613,0.1387194544076919,-0.5099207162857056,-0.1307798624038696,0.2397583574056625,-0.7278949618339539,-0.1803522408008575,-0.1528196185827255,-0.5010782480239868,-0.1477288156747818,-0.2972108423709869,-0.6777501702308655,-0.2202042341232299,0.2900295853614807,-0.9507854580879213,-0.2417818754911422,-0.2951790392398834,-0.8967800736427307,-0.3001608252525329,0.1094829216599464,-0.0010320849251002,0.0038823122158646,-0.1098292395472526,0.0004373663978185,-0.0028044926002621,0.1115675717592239,0.4136777818202972,0.022105211392045,-0.1306251883506775,0.3934957683086395,0.0169044937938451,0.1635843217372894,0.7473256587982178,0.1541928797960281,-0.1391769051551818,0.7435904145240784,0.1477409452199936,1
40,-0.0078831603750586,-0.6270455718040466,-0.3026018738746643,0.1381722241640091,-0.5105934143066406,-0.1308053433895111,0.2376649379730224,-0.7265812754631042,-0.177464559674263,-0.1538891643285751,-0.5014757513999939,-0.1478465497493744,-0.2997074723243713,-0.6772605776786804,-0.2200847566127777,0.2902015149593353,-0.9479305148124696,-0.2412197142839431,-0.2965746223926544,-0.8967283368110657,-0.2997427582740783,0.1094958782196044,-0.0010828982340171,0.0038102027028799,-0.1098429933190345,0.0004868953546974,-0.0027362194377928,0.1117191240191459,0.4132502377033233,0.0207063630223274,-0.1303184032440185,0.3940826654434204,0.016888728365302,0.1636177748441696,0.7479444742202759,0.1472822278738021,-0.1375958770513534,0.7454322576522827,0.1447899937629699,1
41,-0.0034318065736442,-0.6246631741523743,-0.3122888803482055,0.1393351107835769,-0.5075264573097229,-0.1377970427274704,0.2375910729169845,-0.7230604887008667,-0.1862563043832779,-0.1516826897859573,-0.5000240802764893,-0.1571319103240966,-0.296355277299881,-0.6725394129753113,-0.2406632751226425,0.2901352345943451,-0.9447296261787416,-0.2519279718399048,-0.2957364916801452,-0.8940867185592651,-0.327831357717514,0.109523519873619,-0.0012477956479415,0.0042317486368119,-0.1098740771412849,0.0006506948266178,-0.0031529052648693,0.1159076765179634,0.4128560721874237,0.0208649951964616,-0.1304194182157516,0.3940711617469787,0.0150272920727729,0.1651647835969925,0.746626079082489,0.149276852607727,-0.1335836350917816,0.7456422448158264,0.1425940990447998,1
42,-0.0030755922198295,-0.6235341429710388,-0.3132329881191253,0.1395810395479202,-0.506885290145874,-0.1400352418422699,0.2393794655799865,-0.7211849093437195,-0.1912844777107238,-0.151548147201538,-0.5000855922698975,-0.1573136448860168,-0.2943883836269378,-0.6725702285766602,-0.241611897945404,0.2948863804340362,-0.9427936673164368,-0.2598275244235992,-0.2957028150558471,-0.895376443862915,-0.3325740993022918,0.1095297113060951,-0.0012661977671086,0.0037592756561934,-0.1098800078034401,0.0006694759940728,-0.0026869459543377,0.1165301129221916,0.4110211431980133,0.0143148647621274,-0.1303901076316833,0.3938877582550049,0.01436816342175,0.1679633557796478,0.745547890663147,0.1419126689434051,-0.1317476481199264,0.7455243468284607,0.1398722678422927,1
43,-0.0030381311662495,-0.6225252151489258,-0.3139578104019165,0.1397605687379837,-0.5073769688606262,-0.1408241540193557,0.241088405251503,-0.7243585586547852,-0.1916304528713226,-0.1516671478748321,-0.5004780292510986,-0.157238483428955,-0.2950392663478851,-0.6757292151451111,-0.2388869524002075,0.2962689101696014,-0.9478395581245422,-0.2594797313213348,-0.296108603477478,-0.9012005925178528,-0.32206991314888,0.1095368117094039,-0.0012850216589868,0.0030935995746403,-0.1098881289362907,0.0006900863954797,-0.0020503769628703,0.1184023767709732,0.408872902393341,0.0116697493940591,-0.1316264122724533,0.3926080167293548,0.0136835370212793,0.172224074602127,0.7440051436424255,0.1396248489618301,-0.1315423250198364,0.7430325150489807,0.1392202526330948,1
44,-0.0068732183426618,-0.6046118140220642,-0.3361454308032989,0.1357724815607071,-0.5035659074783325,-0.1620934605598449,0.2361883968114853,-0.7243632078170776,-0.2265244722366333,-0.1533431410789489,-0.4934429824352264,-0.1777504682540893,-0.2958334982395172,-0.667850136756897,-0.2714525759220123,0.2826407551765442,-0.9489909410476683,-0.2981000542640686,-0.3003000020980835,-0.8986483812332153,-0.3643279373645782,0.1095321550965309,-0.0016295092646032,0.0030785158742219,-0.1098867282271385,0.001058368012309,-0.0020380835048854,0.1241059228777885,0.399118572473526,-0.0270173475146293,-0.1482234895229339,0.3842602074146271,-0.0276897475123405,0.1713559925556183,0.7344396114349365,0.1071405783295631,-0.1334333568811416,0.7337574362754822,0.1026327461004257,1
45,-0.0075430567376315,-0.595310389995575,-0.3597147762775421,0.1349516808986663,-0.4970792233943939,-0.1817916482686996,0.2359926402568817,-0.7225136160850525,-0.2469955086708068,-0.1532123982906341,-0.4872573614120483,-0.2034987956285476,-0.2937785685062408,-0.656037449836731,-0.3035658001899719,0.2758417427539825,-0.948220670223236,-0.3153117299079895,-0.3002606034278869,-0.8869314789772034,-0.4044709205627441,0.1095098108053207,-0.0017496814252808,0.003845689818263,-0.1098698377609252,0.0011833780445158,-0.0027885518502444,0.1283702999353408,0.3973315358161926,-0.0201494377106428,-0.1468623727560043,0.380256712436676,-0.0327289216220378,0.172364205121994,0.7288905382156372,0.1097804605960846,-0.131037101149559,0.7295422554016113,0.1016127988696098,1
46,-0.0075787263922393,-0.5895642638206482,-0.3597048223018646,0.1343229115009308,-0.4927933514118194,-0.181974858045578,0.2363791316747665,-0.7155500054359436,-0.2528989315032959,-0.153977170586586,-0.4821557700634002,-0.204331561923027,-0.2928457856178283,-0.6495676636695862,-0.3077655136585235,0.2726896703243255,-0.9371853470802308,-0.3287830948829651,-0.2987105548381805,-0.8835111856460571,-0.4094550609588623,0.1095279902219772,-0.0019879022147506,0.00412672245875,-0.1098909527063369,0.0014306653756648,-0.0030789831653237,0.1308417320251464,0.393937736749649,-0.0330027528107166,-0.1541420668363571,0.3749585151672363,-0.0456742905080318,0.1723251342773437,0.7254078984260559,0.1023419424891471,-0.1322645097970962,0.7205839157104492,0.0904105454683303,1
47,-0.0085013099014759,-0.5914331078529358,-0.3624802827835083,0.1341073662042617,-0.4873332679271698,-0.1867638677358627,0.2375429719686508,-0.7157131433486938,-0.254835844039917,-0.1540421992540359,-0.4782047867774963,-0.2065843939781189,-0.2956676483154297,-0.6500718593597412,-0.3061268925666809,0.2726607322692871,-0.943675935268402,-0.3208065330982208,-0.3022333681583404,-0.8837253451347351,-0.3990238904953003,0.1095772162079811,-0.0024824778083711,0.005133852828294,-0.1099544018507003,0.0019690650515258,-0.0040842243470251,0.1434644311666488,0.3746987283229828,-0.0921481177210807,-0.171267494559288,0.3571045398712158,-0.1090840697288513,0.1726807951927185,0.7102074027061462,0.0484796687960624,-0.1400698274374008,0.7030082941055298,0.0280855502933263,1
48,-0.0188523568212986,-0.6016042232513428,-0.3438202440738678,0.1273590922355651,-0.4877547919750213,-0.18134705722332,0.2298366278409958,-0.717675507068634,-0.2507358193397522,-0.1617298424243927,-0.4787614345550537,-0.1880171000957489,-0.3092875182628631,-0.6543896794319153,-0.2712242603302002,0.2562475502490997,-0.9480811953544616,-0.3170976340770721,-0.3083068430423736,-0.8894437551498413,-0.3407336473464966,0.1095889434218406,-0.0026486357674002,0.0048859952948987,-0.1099710315465927,0.0021581058390438,-0.0038307670038193,0.1456751376390457,0.3652110993862152,-0.1005076318979263,-0.1990891247987747,0.3418690264225006,-0.1192980036139488,0.1624152660369873,0.6973999738693237,0.0440935380756855,-0.1600049585103988,0.6845445036888123,0.0228746272623538,1
49,-0.0212062057107687,-0.5997182726860046,-0.3606723546981811,0.1304273456335067,-0.4762861430644989,-0.1992209553718567,0.2299483716487884,-0.7076194286346436,-0.2996513843536377,-0.1605274826288223,-0.4714698791503906,-0.2009889781475067,-0.3077383041381836,-0.6481565237045288,-0.2909103333950043,0.2557896673679352,-0.9459791779518129,-0.3712709248065948,-0.3081237375736236,-0.8827105164527893,-0.3554992973804474,0.1104803010821342,-0.0026601236313581,0.0047358428128063,-0.1109192967414856,0.0021758675575256,-0.0036714419256895,0.1455395519733429,0.360340803861618,-0.1261179149150848,-0.2050457894802093,0.330898642539978,-0.1504358649253845,0.1584994494915008,0.6879581809043884,0.0359619632363319,-0.1658735424280166,0.6684461832046509,0.0046194829046726,1
50,-0.0209456831216812,-0.5976620316505432,-0.3611982464790344,0.1327713280916214,-0.4728235006332397,-0.1978948414325714,0.2391295582056045,-0.7077084183692932,-0.2905696928501129,-0.1585733741521835,-0.4698079228401184,-0.2032191902399063,-0.3062350451946258,-0.6485186219215393,-0.2906219959259033,0.2606631219387054,-0.9460793733596802,-0.3569249212741852,-0.3078487813472748,-0.8826156854629517,-0.3564766049385071,0.1107238456606864,-0.0025622663088142,0.0048126229085028,-0.1111720278859138,0.0021085212938487,-0.0037387458141893,0.1580938547849655,0.3373038470745086,-0.1781667619943618,-0.2119450122117996,0.3028638362884521,-0.1948726773262024,0.1584939360618591,0.6703003644943237,-0.034499567002058,-0.173578143119812,0.6519933938980103,-0.0565888509154319,1
51,-0.0213913936167955,-0.5977640748023987,-0.3605287969112396,0.1329744905233383,-0.472668319940567,-0.1962747722864151,0.2401067912578582,-0.7091081142425537,-0.2883026301860809,-0.1595998704433441,-0.4686364531517029,-0.2027457356452942,-0.3064827919006347,-0.6489580869674683,-0.2902731001377105,0.2671465873718261,-0.9514686465263368,-0.340936541557312,-0.3155929744243622,-0.8829290270805359,-0.3508086204528808,0.1117025017738342,-0.0024686830583959,0.005223664920777,-0.1121357232332229,0.0020308522507548,-0.0041095609776675,0.1636429131031036,0.318914532661438,-0.2211100459098816,-0.2220631092786789,0.280334323644638,-0.2312330454587936,0.1554021090269088,0.6396626830101013,-0.052708726376295,-0.1747392863035202,0.6192070841789246,-0.0738044306635856,1
52,-0.0207715705037117,-0.5950198173522949,-0.3620147705078125,0.1381126940250396,-0.4699183106422424,-0.1978852897882461,0.2510951459407806,-0.7084962725639343,-0.2850643098354339,-0.1583097130060196,-0.4676771759986877,-0.2033829540014267,-0.3061836659908294,-0.6459695100784302,-0.2898265421390533,0.2807628512382507,-0.9513481855392456,-0.33970707654953,-0.3258819580078125,-0.8813802599906921,-0.351188451051712,0.112673707306385,-0.0024055386893451,0.0051637473516166,-0.1130974814295768,0.0019785454496741,-0.0040264730341732,0.1690206676721573,0.3084380328655243,-0.2411736696958542,-0.2263605594635009,0.2654423117637634,-0.241910919547081,0.155601292848587,0.6214134097099304,-0.0576358288526535,-0.1747015416622162,0.6024620532989502,-0.0752234831452369,1
53,-0.0206206794828176,-0.5917155146598816,-0.3626686632633209,0.1380756497383117,-0.4695216417312622,-0.1970660388469696,0.2533067464828491,-0.7079650163650513,-0.2781564891338348,-0.158444195985794,-0.4672479033470154,-0.2038312554359436,-0.3065923154354095,-0.6452261209487915,-0.2824168503284454,0.2864067256450653,-0.9504316449165344,-0.3287585973739624,-0.3247591555118561,-0.8814768195152283,-0.3333353102207184,0.1133273467421531,-0.0023797135800123,0.0051733441650867,-0.1137326136231422,0.0019585699774324,-0.0040272856131196,0.1675175130367279,0.3021303117275238,-0.2615809738636017,-0.2281946688890457,0.2497771829366684,-0.2622064352035522,0.1558125019073486,0.5990458130836487,-0.0700195580720901,-0.174832209944725,0.5865582227706909,-0.0891193598508834,1
54,-0.0285050999373197,-0.5931516885757446,-0.3601705133914947,0.1340545862913131,-0.4697816669940948,-0.1968372017145156,0.2507277727127075,-0.7101794481277466,-0.2747789919376373,-0.1639928519725799,-0.467028945684433,-0.202685996890068,-0.3172248005867004,-0.6455028057098389,-0.2711684703826904,0.2843446135520935,-0.9528184533119202,-0.3218643367290497,-0.3345374464988708,-0.8834537863731384,-0.3108860850334167,0.1138825714588165,-0.0023643386084586,0.0048708198592066,-0.1142611429095268,0.0019501108909025,-0.0036724819801747,0.1649299412965774,0.2800811231136322,-0.3094061911106109,-0.2363521605730056,0.2148422300815582,-0.2839316725730896,0.1526268571615219,0.5662577748298645,-0.1011373326182365,-0.1800002753734588,0.5487943887710571,-0.1007090136408805,1
55,-0.0289510712027549,-0.585881233215332,-0.3718917965888977,0.1324423402547836,-0.4679533243179321,-0.2019757777452469,0.2504623830318451,-0.7084342837333679,-0.2794167399406433,-0.1651799380779266,-0.4602811932563782,-0.2114713042974472,-0.3243457376956939,-0.6343287825584412,-0.2754124104976654,0.2838761210441589,-0.951977014541626,-0.3318548500537872,-0.3443469405174255,-0.877437949180603,-0.3143985271453857,0.1142682060599327,-0.0026738645974546,0.0044445050880312,-0.1146439909934997,0.0022772166412323,-0.0031952324789017,0.1643564403057098,0.2758516669273376,-0.3089678287506103,-0.2520632743835449,0.2154348641633987,-0.2829975187778473,0.1528231352567672,0.5659363269805908,-0.1109007894992828,-0.1887784302234649,0.5535241365432739,-0.1060159429907798,1
56,-0.0287065766751766,-0.5830003023147583,-0.3736595511436462,0.1321545541286468,-0.4663112759590149,-0.2029810398817062,0.2497819811105728,-0.7069200277328491,-0.2809642553329468,-0.1669119149446487,-0.4563574194908142,-0.2146492004394531,-0.3283483684062958,-0.6295481324195862,-0.2807416617870331,0.2851045727729797,-0.9508373737335204,-0.3358876705169678,-0.3451962172985077,-0.8756250143051147,-0.3173233866691589,0.1149055138230323,-0.0027169852983206,0.0044476478360593,-0.1152519807219505,0.0023261695168912,-0.0031860498711466,0.1639152616262436,0.2603550553321838,-0.3343059420585632,-0.2544222772121429,0.1884725093841552,-0.3086791932582855,0.1526975631713867,0.5401139259338379,-0.1273633539676666,-0.1915363222360611,0.5300431847572327,-0.124636486172676,1
57,-0.0289106257259845,-0.583278238773346,-0.3732563555240631,0.132096990942955,-0.4655389487743377,-0.2027145326137542,0.2488937824964523,-0.7031852006912231,-0.281577318906784,-0.1684316843748092,-0.4536183774471283,-0.2167785912752151,-0.3322103321552276,-0.6277340650558472,-0.2914309501647949,0.290434181690216,-0.9428767561912536,-0.3378542065620422,-0.3494477272033691,-0.8728793263435364,-0.3311245739459991,0.1155708953738212,-0.0028294047806411,0.0048334603197872,-0.1158885955810546,0.0024405503645539,-0.0035000424832105,0.1673257052898407,0.2429203540086746,-0.3405064940452575,-0.2520024478435516,0.1729187071323394,-0.3212063014507293,0.153803676366806,0.5121403932571411,-0.1192088946700096,-0.1910726279020309,0.5049111843109131,-0.125731810927391,1
58,-0.0218976326286792,-0.583476722240448,-0.3728852272033691,0.13617505133152,-0.4655012786388397,-0.2017114013433456,0.2592039406299591,-0.7009822130203247,-0.2802302539348602,-0.1660628467798233,-0.4538333117961883,-0.2169875502586364,-0.3313480913639068,-0.6227222084999084,-0.2911062836647033,0.3010510504245758,-0.9406498670578004,-0.3372915983200073,-0.3484286069869995,-0.8671430945396423,-0.3319141566753387,0.1159260421991348,-0.0027594021521508,0.00493506481871,-0.1162363216280937,0.0023727358784526,-0.0035799858160316,0.1842726469039917,0.2425798773765564,-0.3316503763198852,-0.255443662405014,0.1654866188764572,-0.3199760913848877,0.1657738834619522,0.5040767788887024,-0.1149333119392395,-0.1903067082166671,0.4933143258094787,-0.1210906654596328,1
59,-0.0190797727555036,-0.5866696834564209,-0.3670782744884491,0.138372004032135,-0.4655222296714782,-0.1965576708316803,0.2613942623138428,-0.700553834438324,-0.2721141874790191,-0.1658178716897964,-0.454028457403183,-0.2109279781579971,-0.3326478600502014,-0.6243923902511597,-0.2819071114063263,0.309736430644989,-0.939543604850769,-0.3273167312145233,-0.3481828868389129,-0.8713200688362122,-0.316776841878891,0.1165175214409828,-0.0026814800221472,0.0052225864492356,-0.1167853847146034,0.0022888630628585,-0.003822783473879,0.1882187277078628,0.2248995006084442,-0.3477765917778015,-0.2588837742805481,0.149233877658844,-0.3268946409225464,0.1670691072940826,0.4823715388774872,-0.1158726811408996,-0.1859505027532577,0.467791199684143,-0.124800905585289,1
60,-0.0210893098264932,-0.583521842956543,-0.3622499704360962,0.1378485411405563,-0.4633049666881561,-0.1856153607368469,0.2607458531856537,-0.6915580034255981,-0.2492803782224655,-0.1674340963363647,-0.4505338668823242,-0.2044392228126526,-0.3343431949615478,-0.6172357797622681,-0.2665380537509918,0.3121485114097595,-0.9291975498199464,-0.3021911978721618,-0.3477514088153839,-0.8630841374397278,-0.3034144043922424,0.1172526702284812,-0.0026369453407824,0.0053264973685145,-0.1174842864274978,0.0022365716286003,-0.0038954459596425,0.1954567581415176,0.2034702748060226,-0.3513321280479431,-0.2745717167854309,0.1350827366113662,-0.3279158174991607,0.1683298647403717,0.4598567187786102,-0.1188121885061264,-0.1969102323055267,0.4449675679206848,-0.1231587156653404,1
61,-0.0128026604652404,-0.5855287313461304,-0.3509896695613861,0.1417150050401687,-0.4633399546146393,-0.174685463309288,0.2604439854621887,-0.6899425983428955,-0.2402286827564239,-0.163339301943779,-0.4506444633007049,-0.1973352879285812,-0.3305135369300842,-0.6168763041496277,-0.2611121237277984,0.3249267637729645,-0.929628312587738,-0.2962121963500976,-0.3489362001419067,-0.8622941970825195,-0.3002623319625854,0.1181596741080284,-0.0023215091787278,0.0061347498558461,-0.1183412373065948,0.0019107717089354,-0.0046393512748181,0.1996309012174606,0.1866143345832824,-0.3608497083187103,-0.2720272243022918,0.1071794629096984,-0.3442909717559814,0.1682570129632949,0.4381652474403381,-0.125146672129631,-0.1963491290807724,0.4289366900920868,-0.1395833194255828,1
62,-0.0084108300507068,-0.5928948521614075,-0.3253829777240753,0.1503670513629913,-0.4662606120109558,-0.1547925919294357,0.2685750722885132,-0.6907532811164856,-0.2140969634056091,-0.1595845967531204,-0.4513057470321655,-0.1743677258491516,-0.3303928673267364,-0.6171965599060059,-0.2383281290531158,0.3358636796474457,-0.9328880906105042,-0.263588935136795,-0.3487772643566131,-0.8628372550010681,-0.2753309905529022,0.1196938902139663,-0.0017318788450211,0.006514960899949,-0.119814783334732,0.0013011351693421,-0.0049738194793462,0.21419158577919,0.1425656527280807,-0.3771557807922363,-0.277365893125534,0.0756607577204704,-0.3546662628650665,0.1684552878141403,0.3939786255359649,-0.146436408162117,-0.1973120123147964,0.3883127570152282,-0.160833939909935,1
63,0.0008383102249354,-0.5947265028953552,-0.3214724063873291,0.1557371914386749,-0.4662895202636719,-0.1522642076015472,0.2853517830371856,-0.6909611225128174,-0.2142535597085952,-0.1549824923276901,-0.4546936750411987,-0.1745490431785583,-0.3211683928966522,-0.6190751194953918,-0.241559624671936,0.3567943572998047,-0.9365484714508056,-0.2627728879451751,-0.3436171114444732,-0.8673962354660034,-0.2798192501068115,0.1201836392283439,-0.0006453634705394,0.0075886137783527,-0.1202675998210907,0.0001796249853214,-0.0059461006894707,0.2327798008918762,0.1316916197538375,-0.3707585036754608,-0.2820311486721039,0.0487331598997116,-0.3634439408779144,0.1729752272367477,0.3817483484745025,-0.1470062583684921,-0.1975858062505722,0.3730483651161194,-0.1735291332006454,1
64,0.0003320213290862,-0.5977187752723694,-0.3066578507423401,0.1549950987100601,-0.4662470817565918,-0.1390264481306076,0.2839278280735016,-0.6872236132621765,-0.1962519884109497,-0.1577254980802536,-0.453516274690628,-0.1586628258228302,-0.3356899619102478,-0.6089873313903809,-0.2271075844764709,0.3668250739574432,-0.9328134059906006,-0.2442348152399063,-0.3594392240047455,-0.8629186153411865,-0.2671416997909546,0.1204888299107551,-0.0005092271603643,0.0081738578155636,-0.1205334290862083,2.822734495566692e-05,-0.0064891586080193,0.2453368157148361,0.0840397775173187,-0.3680746555328369,-0.2894834280014038,0.0194880217313766,-0.3705303966999054,0.1697083562612533,0.3529842495918274,-0.1566342413425445,-0.1907448768615722,0.3309405446052551,-0.1812396049499511,1
65,-0.0001945026451721,-0.5978135466575623,-0.3072071373462677,0.1543672829866409,-0.4662419259548187,-0.1394572854042053,0.2827552556991577,-0.6801697611808777,-0.2017621546983719,-0.1589054465293884,-0.4530272781848907,-0.1602916419506073,-0.3418422639369964,-0.6056542992591858,-0.2303506284952163,0.3654068410396576,-0.928671658039093,-0.2512798309326172,-0.3631943762302398,-0.8597593903541565,-0.2709831595420837,0.1205242723226547,-0.0006442123558372,0.0082316594198346,-0.1205625757575035,0.0001519280485808,-0.0065342509187757,0.2474478483200073,0.0526562295854091,-0.3655820488929748,-0.3096876740455627,0.0114227626472711,-0.3669619858264923,0.1711965650320053,0.328674703836441,-0.1659059226512909,-0.1966624408960342,0.3227549493312835,-0.1807203292846679,1
66,-0.0055607915855944,-0.5947200655937195,-0.3137449026107788,0.1532673090696334,-0.4634001553058624,-0.145017072558403,0.2916195392608642,-0.6761772632598877,-0.2177510112524032,-0.1609468758106231,-0.4483211636543274,-0.1630436033010482,-0.3528898954391479,-0.6051951050758362,-0.2314924895763397,0.3638014197349548,-0.9206942319869996,-0.2789573073387146,-0.3770126402378082,-0.8559802174568176,-0.2800173759460449,0.1202843561768531,-0.0009101266623474,0.0080052288249135,-0.1203219071030616,0.000414655834902,-0.0063093183562159,0.2457873523235321,0.0474475175142288,-0.3640316724777221,-0.3133819699287414,0.0149507289752364,-0.3657144606113434,0.1715710014104843,0.3224753141403198,-0.1641896814107895,-0.1999370902776718,0.3289564847946167,-0.1778977364301681,1
67,0.0036466703750193,-0.590308666229248,-0.3229615092277527,0.1582884788513183,-0.4626820981502533,-0.1493054628372192,0.3080458343029022,-0.6702163815498352,-0.2220688611268997,-0.1569833904504776,-0.4473888874053955,-0.1709015667438507,-0.3518437147140503,-0.6036163568496704,-0.2369396090507507,0.3701614737510681,-0.9088090658187866,-0.282702624797821,-0.376242995262146,-0.8555756211280823,-0.2806804478168487,0.1201657056808471,-0.0008515901281498,0.0080687599256634,-0.1202013939619064,0.0003479339356999,-0.0063823298551142,0.2544327080249786,0.0418206639587879,-0.3598837852478027,-0.3103070855140686,-0.0027416252996772,-0.3648450672626495,0.1700241714715957,0.3063166737556457,-0.1635862290859222,-0.1985220462083816,0.3058962821960449,-0.1761975884437561,1
68,0.0038359281606972,-0.5903466939926147,-0.3218749761581421,0.1535046994686126,-0.4636551737785339,-0.1513172686100006,0.3050333261489868,-0.6668570637702942,-0.2259663939476013,-0.1569640636444091,-0.447565883398056,-0.1761800497770309,-0.3504566252231598,-0.5990192294120789,-0.2457127571105957,0.3685417473316192,-0.9092133045196532,-0.2885284423828125,-0.3767130076885223,-0.8514050841331482,-0.2925213277339935,0.1193552985787391,-0.000714648689609,0.0082839531823992,-0.119384653866291,0.0002074375952361,-0.0066008302383124,0.2521691918373108,0.0243999995291233,-0.3406054675579071,-0.3087560534477234,-0.0217217821627855,-0.3595742583274841,0.1693596094846725,0.2890924513339996,-0.1604874581098556,-0.2016772627830505,0.2858780920505523,-0.1752926856279373,1
69,0.0061478018760681,-0.5937987565994263,-0.3196981251239776,0.1530413776636123,-0.4648051857948303,-0.1517437696456909,0.3033718168735504,-0.6640806198120117,-0.225902110338211,-0.1553120166063308,-0.4499609470367431,-0.1762861758470535,-0.3494828343391418,-0.5994242429733276,-0.2462709695100784,0.3675344884395599,-0.9075458645820618,-0.2887330651283264,-0.3754621744155884,-0.8514548540115356,-0.2937436103820801,0.1186730042099952,-0.0007768933428451,0.0083143897354602,-0.1187175139784812,0.0002660050522536,-0.0066386903636157,0.2515670657157898,0.0051268134266138,-0.3386342227458954,-0.3081821203231811,-0.0267974901944398,-0.3533702790737152,0.1733459681272506,0.2789233922958374,-0.159627765417099,-0.2020712345838546,0.277020663022995,-0.1745389103889465,1
70,0.0059942603111267,-0.5939583778381348,-0.3066744804382324,0.1528919339179992,-0.4754408001899719,-0.1356507986783981,0.3067166209220886,-0.6651186943054199,-0.2012868523597717,-0.1602348834276199,-0.4531261920928955,-0.1593551039695739,-0.3588921725749969,-0.5995325446128845,-0.2247173935174942,0.3668946325778961,-0.9081891179084778,-0.2690775990486145,-0.3799516856670379,-0.8518352508544922,-0.2784518599510193,0.1186846867203712,-0.0008688428206369,0.0083710653707385,-0.1187256500124931,0.0003530028625391,-0.0067020449787378,0.2516331970691681,0.0097598796710371,-0.3387696444988251,-0.3079563975334167,-0.0252155680209398,-0.3539246916770935,0.1730665266513824,0.2812559604644775,-0.1660339683294296,-0.2044136822223663,0.279436856508255,-0.1857044100761413,1
71,0.0057523902505636,-0.5976653099060059,-0.307858258485794,0.1518523693084716,-0.4749846756458282,-0.1365585625171661,0.3062460720539093,-0.6624205112457275,-0.2028347253799438,-0.1607166677713394,-0.4536948800086975,-0.1628871113061905,-0.3577778339385986,-0.5993000268936157,-0.2314834594726562,0.3664864599704742,-0.904264271259308,-0.2700300216674804,-0.3836427330970764,-0.8497365117073059,-0.2839381396770477,0.1186289563775062,-0.0009074159897863,0.0085001783445477,-0.1186742782592773,0.0003929972590412,-0.0068426253274083,0.2510816156864166,0.0149884242564439,-0.3389718234539032,-0.3077385127544403,-0.0229179579764604,-0.3543499112129211,0.1728297472000122,0.2860470414161682,-0.1657122671604156,-0.2043466567993164,0.2820690274238586,-0.1857542991638183,1
72,0.0009845077292993,-0.59932541847229,-0.3083781599998474,0.1506820768117904,-0.4747370183467865,-0.1378532797098159,0.3062630593776703,-0.6597421169281006,-0.2029497325420379,-0.1716452986001968,-0.4538964927196502,-0.1620630323886871,-0.3722768723964691,-0.5995957851409912,-0.2259295135736465,0.3670851290225982,-0.8949265480041504,-0.2688968181610107,-0.3978314399719238,-0.8498550653457642,-0.2763434946537018,0.1195304319262504,-0.001006246660836,0.0085339117795228,-0.1195527389645576,0.0005020680837333,-0.0068774372339248,0.2490599006414413,0.0743972659111023,-0.3460419774055481,-0.3080101013183594,0.0161899216473102,-0.3581711649894714,0.1657236963510513,0.3344519734382629,-0.1597442477941513,-0.2058971673250198,0.3315318524837494,-0.1850907057523727,1
73,-0.0019085484091192,-0.5986648201942444,-0.3088982999324798,0.1492690742015838,-0.4745514094829559,-0.135991558432579,0.3024078905582428,-0.6600504517555237,-0.1871784627437591,-0.1743054389953613,-0.4552617073059082,-0.1616755276918411,-0.3712583780288696,-0.6032103896141052,-0.2196700870990753,0.3810671269893646,-0.890284538269043,-0.2452426999807357,-0.3967012763023376,-0.8538176417350769,-0.2626065015792846,0.1204625889658927,-0.0012840222334489,0.0088920406997203,-0.1204609870910644,0.0007691462524235,-0.0071938708424568,0.2375713884830474,0.0771795287728309,-0.3568441569805145,-0.3010780811309814,0.0312421284615993,-0.3688753843307495,0.1507600396871566,0.3512645363807678,-0.157225027680397,-0.1954286694526672,0.3359543681144714,-0.1793564707040786,1
74,-0.0031827921047806,-0.5822016596794128,-0.3342658281326294,0.1426541656255722,-0.4677684903144836,-0.1507862955331802,0.2745173871517181,-0.6600472927093506,-0.200813353061676,-0.1743679493665695,-0.451861709356308,-0.1844971477985382,-0.3644862771034241,-0.599846363067627,-0.2500952482223511,0.3693069517612457,-0.8909595012664795,-0.2602872550487518,-0.3829974830150604,-0.8473902344703674,-0.2975241839885711,0.1205347999930381,-0.0017009614966809,0.0092212818562984,-0.1205408498644828,0.0011831360170617,-0.0075013325549662,0.2367406636476516,0.1087185963988304,-0.3562266528606415,-0.3016442954540252,0.0561236068606376,-0.3687769770622253,0.1596282124519348,0.3677732944488525,-0.150161013007164,-0.1962012201547622,0.3750583231449127,-0.1774344146251678,1
75,0.0016820568125694,-0.579905092716217,-0.3398743569850921,0.142840102314949,-0.4636413156986236,-0.1555272936820984,0.2775276601314544,-0.6565499305725098,-0.2084803134202957,-0.1716727167367935,-0.4518317282199859,-0.1946996748447418,-0.3447073996067047,-0.6012579798698425,-0.2587503790855407,0.3737466335296631,-0.883962094783783,-0.2669886946678161,-0.3646820187568664,-0.8475438952445984,-0.2986956536769867,0.1209928020834922,-0.0017143302829936,0.0097092930227518,-0.1210064440965652,0.0011954177170991,-0.00793316680938,0.2194057255983352,0.1293629109859466,-0.3690753579139709,-0.2918430864810943,0.0521273277699947,-0.3705223202705383,0.1592953205108642,0.3799421191215515,-0.1487898230552673,-0.1976245641708374,0.3757475614547729,-0.1745765060186386,1
76,0.0032629487104713,-0.5803190469741821,-0.3424981832504272,0.1409031748771667,-0.4635717868804931,-0.1600034534931183,0.2681694626808166,-0.6613568067550659,-0.2129442989826202,-0.1715264022350311,-0.4517994821071625,-0.200502723455429,-0.343077003955841,-0.5998553037643433,-0.2630089819431305,0.3607131242752075,-0.8958851099014282,-0.2702093422412872,-0.3603247106075287,-0.8459048271179199,-0.302910715341568,0.1212816759943962,-0.0014247230719774,0.0099551612511277,-0.1213014647364616,0.0009092193795368,-0.0081521216779947,0.2116927653551101,0.1763652563095092,-0.368669331073761,-0.2843612134456634,0.0633239522576332,-0.366077184677124,0.1611504554748535,0.4153620898723602,-0.135640263557434,-0.1994859874248504,0.398508608341217,-0.1624126583337783,1
77,0.0031589625868946,-0.5808853507041931,-0.3508439660072326,0.1428707689046859,-0.4619279503822326,-0.1682759225368499,0.2678825259208679,-0.6594504117965698,-0.2291812151670456,-0.1678636819124221,-0.4545774459838867,-0.2039852887392044,-0.3403154909610748,-0.6044883728027344,-0.2692192494869232,0.3539145886898041,-0.8960291743278503,-0.2926133275032043,-0.3580406308174133,-0.8468833565711975,-0.311511218547821,0.1213819831609726,-0.0013392459368333,0.0100194057449698,-0.1214223578572273,0.0008328424883075,-0.0082171261310577,0.209780603647232,0.205667495727539,-0.3541640937328338,-0.2725162506103515,0.0980685800313949,-0.3589044511318207,0.173268437385559,0.4522851109504699,-0.1283373236656189,-0.1992356181144714,0.4328638911247253,-0.1543696522712707,1
78,-0.0063967290334403,-0.5878004431724548,-0.3500102758407593,0.1396647542715072,-0.46347376704216,-0.1673163920640945,0.2564913034439087,-0.6670649647712708,-0.2285225987434387,-0.1715589016675949,-0.4545446634292602,-0.1995725631713867,-0.3451456427574157,-0.604454517364502,-0.2638696134090423,0.3323651254177093,-0.9088557958602904,-0.2896458208560943,-0.3712066411972046,-0.8477360010147095,-0.3089840114116668,0.1214135363698005,-0.0011958172544836,0.0103242909535765,-0.1214550659060478,0.0007016801973804,-0.0085559645667672,0.2109416723251342,0.2152007967233657,-0.3407061994075775,-0.270012766122818,0.1184049472212791,-0.3520680367946625,0.1684163808822631,0.4804473519325256,-0.1300895512104034,-0.1989875733852386,0.4624753296375274,-0.1597235649824142,1
79,-0.0150215160101652,-0.585527777671814,-0.3637079894542694,0.1397428065538406,-0.4611678123474121,-0.1848104298114776,0.2577444911003113,-0.6669363379478455,-0.2574375569820404,-0.1702694594860077,-0.4537610411643982,-0.2089556604623794,-0.3360436856746673,-0.6044562458992004,-0.2730998396873474,0.3242412805557251,-0.9081130623817444,-0.3202168643474579,-0.3675434291362762,-0.8454589247703552,-0.3190885484218597,0.1213371381163597,-0.0011527956230565,0.0101598259061574,-0.1213944032788276,0.000668522901833,-0.0084076821804046,0.2097959369421005,0.2298737466335296,-0.3273295164108276,-0.2673104405403137,0.139672189950943,-0.3369498550891876,0.1685152649879455,0.5009286403656006,-0.1294736266136169,-0.2002487182617187,0.4843555092811584,-0.1505142599344253,1
80,-0.0160066951066255,-0.5894404649734497,-0.361834853887558,0.1406468003988266,-0.4622083008289337,-0.182252287864685,0.2627643942832947,-0.676044762134552,-0.2518403232097626,-0.170193150639534,-0.4544677734375,-0.205237865447998,-0.3363626599311828,-0.6130561828613281,-0.2691693007946014,0.3231872618198395,-0.91826593875885,-0.3132769465446472,-0.3671480119228363,-0.8550127744674683,-0.3146090805530548,0.1211831420660018,-0.0012723092222586,0.0101595977321267,-0.121255949139595,0.0008090927731245,-0.00842569116503,0.2101504206657409,0.2213582247495651,-0.3266987204551697,-0.2571589052677154,0.1533939242362976,-0.3355486989021301,0.1697857677936554,0.5104277729988098,-0.1301140785217285,-0.1959404796361923,0.4948399364948272,-0.1505600214004516,1
81,-0.0159426983445882,-0.5905247926712036,-0.3608661890029907,0.1414714008569717,-0.46287801861763,-0.1818795949220657,0.2659498155117035,-0.686454176902771,-0.2494889050722122,-0.1691479533910751,-0.4555816352367401,-0.2049065232276916,-0.3347671329975128,-0.6222866773605347,-0.2688565850257873,0.3244132697582245,-0.9298757910728456,-0.3101125359535217,-0.3587674498558044,-0.8631631731987,-0.3136533200740814,0.1210367977619171,-0.0013077091425657,0.0101857669651508,-0.1211371794342994,0.0008561874856241,-0.0084741283208131,0.2100127786397934,0.2374147623777389,-0.3145727813243866,-0.249295175075531,0.1710341870784759,-0.3283195793628692,0.1685424149036407,0.5350349545478821,-0.1224463060498237,-0.190099686384201,0.5125507116317749,-0.1459400802850723,1
82,-0.0196399725973606,-0.5911558866500854,-0.363397866487503,0.1417151540517807,-0.4631339013576507,-0.1867952346801757,0.2679210603237152,-0.6886435747146606,-0.2550852596759796,-0.1686680763959884,-0.4558438062667846,-0.2076508551836013,-0.3317840695381164,-0.627200722694397,-0.2714533507823944,0.3202873170375824,-0.928919553756714,-0.3116919994354248,-0.3554598093032837,-0.8659976720809937,-0.3146302103996277,0.1207973286509513,-0.001395727857016,0.0099724382162094,-0.1209398508071899,0.000961756450124,-0.008321626111865,0.206619381904602,0.2515190243721008,-0.3044250309467315,-0.2442148774862289,0.1925597786903381,-0.3178434073925018,0.1675487160682678,0.5494070053100586,-0.1106070578098297,-0.1859022229909896,0.5309158563613892,-0.1350709348917007,1
83,-0.0193521603941917,-0.593490481376648,-0.3628533482551574,0.1421627104282379,-0.4654937386512756,-0.1864664256572723,0.2687340080738067,-0.6963523030281067,-0.2537469565868377,-0.1686054319143295,-0.4576304256916046,-0.2058659940958023,-0.3318354785442352,-0.6360689997673035,-0.2711071968078613,0.3183299303054809,-0.9339709877967834,-0.3125160038471222,-0.3465920686721802,-0.8719382882118225,-0.3127557635307312,0.1205909252166748,-0.0015089898370206,0.0100487666204571,-0.1207478791475296,0.0010921695502474,-0.0084327971562743,0.2016780972480774,0.2568193674087524,-0.3072418868541717,-0.2363148480653762,0.2063192427158355,-0.3183489441871643,0.1640969812870025,0.5687447786331177,-0.1232723519206047,-0.1785638183355331,0.5476620197296143,-0.1365675628185272,1
84,-0.022695742547512,-0.6128905415534973,-0.3186215460300445,0.1419949531555175,-0.4766402542591095,-0.150871142745018,0.2704257369041443,-0.7033182382583618,-0.2113292962312698,-0.1722835600376129,-0.4672612845897674,-0.1663565039634704,-0.3328693211078644,-0.6512414813041687,-0.2343334257602691,0.3082916140556335,-0.935968816280365,-0.2645061016082763,-0.3468092083930969,-0.9012725949287416,-0.2706060111522674,0.1203131377696991,-0.0017715198919177,0.0100608440116047,-0.1204990372061729,0.001391944126226,-0.0084811402484774,0.1956556439399719,0.2709217071533203,-0.2982844412326813,-0.2296112775802612,0.2351429611444473,-0.3060607016086578,0.1577174812555313,0.5959785580635071,-0.1236005499958992,-0.1731893718242645,0.5775483846664429,-0.1391836702823639,1
85,-0.0319999605417251,-0.6218076944351196,-0.3222416043281555,0.1369050145149231,-0.4854820966720581,-0.1537748575210571,0.2556176483631134,-0.7196474075317383,-0.2164327353239059,-0.1752960979938507,-0.4714612066745758,-0.169261172413826,-0.3388237655162811,-0.6552345752716064,-0.2385213822126388,0.2920520007610321,-0.948949694633484,-0.2714115977287292,-0.3483537435531616,-0.8956099152565002,-0.2764816880226135,0.1195504739880561,-0.0022656498476862,0.0096186557784676,-0.1198071613907814,0.0019129333086311,-0.0081099197268486,0.1854211837053299,0.2932708263397217,-0.2562348246574402,-0.2316352427005767,0.2702118456363678,-0.2510806024074554,0.1561898589134216,0.6203303337097168,-0.0910162404179573,-0.1835094094276428,0.6126450300216675,-0.1018817499279975,1
86,-0.034185878932476,-0.6196306943893433,-0.3256903886795044,0.1357193440198898,-0.4853212535381317,-0.1561877131462097,0.2547613978385925,-0.7175702452659607,-0.220851719379425,-0.1754277050495147,-0.4711263477802276,-0.170691967010498,-0.3388017117977142,-0.6528419256210327,-0.2429211437702179,0.2903597950935364,-0.9471194744110109,-0.2766249477863312,-0.3479816019535064,-0.8949059247970581,-0.2867275774478912,0.1190485283732414,-0.0024084094911813,0.0095513379201293,-0.1193494126200676,0.0020627591293305,-0.0080685317516326,0.1774739325046539,0.3047071695327759,-0.2415129095315933,-0.2244199067354202,0.2739807069301605,-0.2440510988235473,0.1561744809150695,0.6341755986213684,-0.083614245057106,-0.1835429966449737,0.620458722114563,-0.0999844670295715,1
87,-0.0324128568172454,-0.6185283064842224,-0.3322800099849701,0.1359203904867172,-0.4850885272026062,-0.1636347472667694,0.2542196810245514,-0.7158933877944946,-0.2346951216459274,-0.1736089289188385,-0.4708757698535919,-0.1743228435516357,-0.3361899554729461,-0.6536495089530945,-0.2524119317531585,0.2859292924404144,-0.94364333152771,-0.2918807566165924,-0.3445352017879486,-0.8923295140266418,-0.2990457117557525,0.118313081562519,-0.0025570499710738,0.0094469655305147,-0.1186516359448432,0.0022165062837302,-0.0079952450469136,0.1718292236328125,0.3188602030277252,-0.215127944946289,-0.21821129322052,0.2942847609519958,-0.223177969455719,0.1562136262655258,0.6500309705734253,-0.0614940859377384,-0.1826268583536148,0.6382200717926025,-0.0844839662313461,1
88,-0.0300782900303602,-0.619062066078186,-0.3332081139087677,0.1355905383825302,-0.4865776300430298,-0.1638806611299514,0.243604764342308,-0.7188107967376709,-0.2388646751642227,-0.1723159700632095,-0.4746950268745422,-0.1754809916019439,-0.3318316638469696,-0.6622089743614197,-0.2616618275642395,0.2790449857711792,-0.9456112384796144,-0.3003620207309723,-0.3366285860538482,-0.8932831287384033,-0.3130050301551819,0.1173324361443519,-0.0026490581221878,0.0092953070998191,-0.117708645761013,0.0023082431871443,-0.0078829396516084,0.1697939038276672,0.3329499959945678,-0.1752810627222061,-0.2170011401176452,0.3137918412685394,-0.1916534304618835,0.1561241894960403,0.6719319224357605,-0.0321347080171108,-0.1826429963111877,0.6565382480621338,-0.0557873025536537,1
89,-0.0298464521765708,-0.6188100576400757,-0.3394804894924164,0.1344060897827148,-0.4867925941944122,-0.1671607345342636,0.2415511161088943,-0.7200303673744202,-0.2431824058294296,-0.172556534409523,-0.4748910665512085,-0.1853443831205368,-0.3301674127578735,-0.6658687591552734,-0.27180877327919,0.2766302824020386,-0.9454079270362854,-0.3056528866291046,-0.3327237069606781,-0.896287202835083,-0.321372777223587,0.1166521310806274,-0.0027156567666679,0.0092867892235517,-0.1170532032847404,0.002367420354858,-0.0078942328691482,0.1684207469224929,0.3487338423728943,-0.1334244459867477,-0.2072760611772537,0.3283931612968445,-0.1630793660879135,0.1565300226211547,0.6906419396400452,0.0115846060216426,-0.1794761270284652,0.6676990389823914,-0.0176507476717233,1
90,-0.0297197811305522,-0.6186192631721497,-0.338138997554779,0.133596658706665,-0.4895614087581634,-0.1632184386253357,0.2409809082746505,-0.7212258577346802,-0.2261575162410736,-0.1725155413150787,-0.4785798788070678,-0.1834546029567718,-0.3277718126773834,-0.6682181358337402,-0.2573780119419098,0.2758203446865082,-0.9474931955337524,-0.2843291461467743,-0.3317110240459442,-0.8976913690567017,-0.3071138560771942,0.1152920797467231,-0.0027547539211809,0.0092922700569033,-0.1157214641571044,0.0024053941015154,-0.0079331565648317,0.1685245931148529,0.359813779592514,-0.0803502425551414,-0.1847429871559143,0.3431013822555542,-0.1225875169038772,0.1571267396211624,0.7147538065910339,0.0421751774847507,-0.1735888570547104,0.6925958395004272,0.014664052054286,1
91,-0.0296807121485471,-0.6250426769256592,-0.3369033634662628,0.1287090480327606,-0.4987764060497284,-0.1566408425569534,0.2327323108911514,-0.7299425601959229,-0.2062905430793762,-0.1726510673761367,-0.4835834503173828,-0.1856383383274078,-0.3219753503799438,-0.6719813942909241,-0.263882577419281,0.2739326953887939,-0.9546618461608888,-0.2657609283924103,-0.3285028338432312,-0.8978836536407471,-0.315408706665039,0.1145159155130386,-0.0028295505326241,0.0095114605501294,-0.1149899959564209,0.0024711361620575,-0.0082387151196599,0.1637634038925171,0.3680746555328369,-0.0524103865027427,-0.1730989813804626,0.3543110191822052,-0.0983545333147049,0.1607055515050888,0.7139938473701477,0.0815201252698898,-0.1604129523038864,0.7017936706542969,0.0450121387839317,1
92,-0.0264002550393342,-0.6260356903076172,-0.336711436510086,0.1288115233182907,-0.5005534887313843,-0.1553073525428772,0.2305550575256347,-0.7296236753463745,-0.2100815325975418,-0.1709610074758529,-0.4852140843868255,-0.1892595440149307,-0.3129074573516845,-0.6673030257225037,-0.2949820160865783,0.2717759907245636,-0.950631856918335,-0.2813338041305542,-0.3154934644699096,-0.8841965794563293,-0.3812441825866699,0.1140829622745513,-0.0029792122077196,0.0099525833502411,-0.1145719662308693,0.0026000919751822,-0.0087428940460085,0.1507284790277481,0.3842848539352417,-0.0080725150182843,-0.1535629630088806,0.367305189371109,-0.0575932413339614,0.1648393273353576,0.7217511534690857,0.1348140835762024,-0.1407948583364486,0.7140107750892639,0.0933387801051139,1
93,-0.0264113992452621,-0.6313346028327942,-0.3326536417007446,0.1285816878080368,-0.5029531717300415,-0.153730884194374,0.2291740179061889,-0.7287667989730835,-0.2102576345205307,-0.1707770824432373,-0.4874491095542907,-0.1889556497335434,-0.3092167675495147,-0.6670189499855042,-0.2960460484027862,0.2715063393115997,-0.9507710337638856,-0.2804675698280334,-0.3142506182193756,-0.8832139372825623,-0.3847526311874389,0.1137734726071357,-0.0030656496528536,0.0099640749394893,-0.1142654418945312,0.0026748143136501,-0.0087617505341768,0.142527163028717,0.3930813670158386,0.0005624231416732,-0.1500573307275772,0.3709245920181274,-0.0516421720385551,0.1647101491689682,0.7282577753067017,0.1475705057382583,-0.1366485208272934,0.7199816703796387,0.102435790002346,1
94,-0.0230161603540182,-0.6308935284614563,-0.3333963751792907,0.1290424913167953,-0.5026993751525879,-0.1553586274385452,0.2284034192562103,-0.7255058288574219,-0.2111941128969192,-0.1682047843933105,-0.4875583350658417,-0.1889738589525222,-0.3088970780372619,-0.6616215705871582,-0.2940456867218017,0.2717339396476745,-0.94964337348938,-0.2836063206195831,-0.313849002122879,-0.8736433982849121,-0.3872305750846863,0.1135906130075454,-0.0032922190148383,0.009598015807569,-0.1140913665294647,0.0028704216238111,-0.0084188701584935,0.1347772181034088,0.3992274105548858,0.0052287583239376,-0.1459488123655319,0.3787650465965271,-0.0330591686069965,0.1646881997585296,0.7327867150306702,0.1480518877506256,-0.134538471698761,0.7315007448196411,0.1116485595703125,1
95,-0.0239654425531625,-0.6311471462249756,-0.3257703781127929,0.1291558295488357,-0.503277599811554,-0.1550434976816177,0.2286866903305053,-0.7252152562141418,-0.2119560241699218,-0.1681977957487106,-0.4920063614845276,-0.1705106645822525,-0.308379054069519,-0.6637409925460815,-0.2605730891227722,0.2731751203536987,-0.9500895738601683,-0.2845418751239776,-0.3142852783203125,-0.8744813799858093,-0.3664937019348144,0.1133045777678489,-0.0033384410198777,0.0056253792718052,-0.1137934327125549,0.0029140668921172,-0.0044837812893092,0.1293948739767074,0.4030530452728271,0.007315912283957,-0.1452490240335464,0.382167637348175,-0.0122272735461592,0.1680561006069183,0.7352691888809204,0.1435371339321136,-0.1348019540309906,0.7369602918624878,0.1257007867097854,1
96,-0.0170666445046663,-0.6335592269897461,-0.274608850479126,0.1331705152988433,-0.5131700038909912,-0.1073182970285415,0.2324697822332382,-0.7352015972137451,-0.1495957225561142,-0.1642560511827469,-0.5023840665817261,-0.1152125746011734,-0.3078376650810241,-0.6722122430801392,-0.1764755994081497,0.2763967514038086,-0.9617617726325988,-0.2132371813058853,-0.3028821945190429,-0.8893672227859497,-0.2497188150882721,0.1129240319132804,-0.0029259100556373,0.0007367504294961,-0.1133807376027107,0.0024559942539781,0.0003348733880557,0.1137441918253898,0.4089597165584564,0.0109201781451702,-0.1410974711179733,0.3887834250926971,0.0156321283429861,0.1630814373493194,0.745624303817749,0.1452792286872863,-0.1347738802433014,0.7398679852485657,0.148657739162445,1
97,-0.0192011576145887,-0.6333509087562561,-0.2952988445758819,0.1308562010526657,-0.5125046372413635,-0.1336701065301895,0.2301920652389526,-0.7343423366546631,-0.1857486069202423,-0.1649687737226486,-0.5015965700149536,-0.1281105428934097,-0.3079419732093811,-0.6727906465530396,-0.1843463331460952,0.2763541042804718,-0.9609658718109132,-0.2554272413253784,-0.3038429021835327,-0.8886627554893494,-0.2748888731002807,0.1124394610524177,-0.0028633333276957,-0.000198274894501,-0.1128687411546707,0.0023792053107172,0.0012816857779398,0.1093785539269447,0.4112913608551025,0.0146267442032694,-0.1387126296758651,0.3918628096580505,0.0237061474472284,0.1630446314811706,0.7488968968391418,0.1416232883930206,-0.1349130272865295,0.7433890700340271,0.1539065688848495,1
98,-0.0185269098728895,-0.6355430483818054,-0.2871408462524414,0.1309504508972168,-0.5167253017425537,-0.1182883828878402,0.2258046269416809,-0.7376786470413208,-0.1600854694843292,-0.1618649363517761,-0.5048803091049194,-0.1295421123504638,-0.3056948482990265,-0.6728634238243103,-0.1985890418291092,0.2756570279598236,-0.9623226523399352,-0.2290241569280624,-0.3032914996147156,-0.8884550333023071,-0.2841688096523285,0.1121406257152557,-0.0027885774616152,-0.0001169703900814,-0.1125624775886535,0.0022907142993062,0.001193433185108,0.1113523468375206,0.4107759892940521,0.01870958507061,-0.1297431141138076,0.3941092491149902,0.0217719729989767,0.1627842485904693,0.7500654458999634,0.1441342383623123,-0.1292880326509475,0.7472143173217773,0.148596316576004,1
99,-0.0170927289873361,-0.6331074833869934,-0.3150174021720886,0.1307462155818939,-0.5140812993049622,-0.1419792473316192,0.2260112464427948,-0.7358033061027527,-0.1837658286094665,-0.1619516760110855,-0.5036094188690186,-0.160646840929985,-0.3058097660541534,-0.6719633936882019,-0.2414093166589737,0.2783564627170563,-0.961508810520172,-0.2480884939432144,-0.2995859384536743,-0.8876016736030579,-0.3266506791114807,0.1119032874703407,-0.0026041984092444,-4.122085101698758e-06,-0.1123122125864029,0.0020913097541779,0.0010827984660863,0.1092255413532257,0.4126535356044769,0.0203577261418104,-0.1287520229816436,0.3942490220069885,0.0246356632560491,0.1626776307821273,0.7508543133735657,0.1467026472091674,-0.1298256069421768,0.7459035515785217,0.1556668579578399,1
100,-0.00544024258852,-0.630684494972229,-0.317129522562027,0.1336207836866378,-0.5131649971008301,-0.1419113874435424,0.2261595427989959,-0.7351207137107849,-0.1839421540498733,-0.1564167886972427,-0.503092885017395,-0.1648104041814804,-0.2972956895828247,-0.667467474937439,-0.254634141921997,0.2789167761802673,-0.9612233638763428,-0.2493672966957092,-0.2938527762889862,-0.8871250152587891,-0.3481503427028656,0.1118252426385879,-0.0025987378321588,0.0004572288598865,-0.1122345924377441,0.0020819525234401,0.0006101972539909,0.1102789714932441,0.4120694994926452,0.0187160819768905,-0.1241796612739563,0.3945445418357849,0.0219631027430295,0.1651257872581482,0.7499958872795105,0.1497681885957718,-0.1220347508788108,0.7449177503585815,0.155558243393898,1
101,-0.0062683704309165,-0.6310160160064697,-0.3162784576416015,0.134218543767929,-0.5129338502883911,-0.1411957889795303,0.2297295182943344,-0.7348529696464539,-0.1826376318931579,-0.1557687371969223,-0.5030129551887512,-0.1633238643407821,-0.2967961728572845,-0.6679381132125854,-0.2464041858911514,0.2801684439182281,-0.9611117243766784,-0.2475751191377639,-0.2916918694972992,-0.8869237899780273,-0.3344086110591888,0.1115536466240882,-0.0023866463452577,0.0005469590541906,-0.111956775188446,0.0018570044776424,0.0005201952299103,0.110273540019989,0.411971777677536,0.0213256496936082,-0.1239445656538009,0.3940760493278503,0.0239222180098295,0.1644115447998047,0.7498975992202759,0.1488856226205825,-0.1224550753831863,0.7446239590644836,0.154891088604927,1
102,-0.0068500549532473,-0.6314932703971863,-0.3157846629619598,0.1346864849328994,-0.512759268283844,-0.1420248299837112,0.2315501719713211,-0.7344080805778503,-0.1835816502571106,-0.1557984352111816,-0.5029552578926086,-0.1572340279817581,-0.2969636917114258,-0.6693736910820007,-0.2234925776720047,0.2805054783821106,-0.9601172804832458,-0.2481261640787124,-0.2898692488670349,-0.8890365362167358,-0.3024534881114959,0.1114334389567375,-0.0023576091043651,6.220286741154268e-05,-0.1118336766958236,0.0018232400761917,0.001002054545097,0.1105224192142486,0.4121944308280945,0.0204328708350658,-0.1231088787317276,0.3944863677024841,0.0260004680603742,0.1648731827735901,0.7512497901916504,0.1449487209320068,-0.122707188129425,0.7453937530517578,0.1543067097663879,1
103,-0.0051586446352303,-0.6313942074775696,-0.3142728805541992,0.1354002505540847,-0.5125053524971008,-0.1378706246614456,0.2340522408485412,-0.7333375811576843,-0.1743158996105194,-0.1550528407096862,-0.503456175327301,-0.1549507528543472,-0.2971298694610595,-0.670376718044281,-0.2194129079580307,0.2870036363601684,-0.95663720369339,-0.2402398586273193,-0.2895030081272125,-0.8906832933425903,-0.298695296049118,0.1112475097179412,-0.0022839135490357,-1.7166961697512306e-05,-0.1116468608379364,0.0017412640154361,0.0010759612778201,0.109727993607521,0.4126166403293609,0.0199655313044786,-0.1212577745318412,0.3950689733028412,0.0266394838690757,0.1649669557809829,0.7525719404220581,0.1405459493398666,-0.1226286366581916,0.745984673500061,0.1536003947257995,1
104,-0.0023064946290105,-0.6305288076400757,-0.3145783841609955,0.136587768793106,-0.5107933282852173,-0.137561410665512,0.2347740978002548,-0.7295999526977539,-0.1746380478143692,-0.1541550904512405,-0.5031907558441162,-0.1560763716697693,-0.2965452373027801,-0.6686397194862366,-0.2310376167297363,0.2890309989452362,-0.9540602564811708,-0.2410413324832916,-0.2882331311702728,-0.8884106874465942,-0.3232344090938568,0.1111780479550361,-0.0022545123938471,0.0001261339784832,-0.1115758195519447,0.0017072163755074,0.0009316655923612,0.1098600849509239,0.4130733013153076,0.0196815580129623,-0.1215206533670425,0.3952108025550842,0.0259862896054983,0.1667320132255554,0.7535014748573303,0.1391716450452804,-0.1241961419582367,0.7466529607772827,0.1533000469207763,1
105,-0.0022958207409828,-0.6297413110733032,-0.3146131932735443,0.1370661258697509,-0.5092063546180725,-0.13764189183712,0.2349230945110321,-0.7270715236663818,-0.1749597489833831,-0.153644248843193,-0.5016400814056396,-0.1559771299362182,-0.2967624068260193,-0.6638939380645752,-0.2333619892597198,0.2904790043830871,-0.9531124830245972,-0.2429706305265426,-0.2892106473445892,-0.8849053978919983,-0.3309202790260315,0.1111093685030937,-0.0022376936394721,0.0001524822291685,-0.1115070730447769,0.0016870560357347,0.0009049131185747,0.1099334508180618,0.4131823182106018,0.0192237216979265,-0.1216861829161644,0.3954415321350097,0.025576964020729,0.1668890714645385,0.753424882888794,0.1379565298557281,-0.1244371905922889,0.7470845580101013,0.1529411375522613,1
106,0.0015499093569815,-0.6259652972221375,-0.3253275454044342,0.138590469956398,-0.5066078305244446,-0.1451702713966369,0.235818013548851,-0.7265495657920837,-0.1846986413002014,-0.1503887474536895,-0.5001451373100281,-0.1691990792751312,-0.2949493527412414,-0.6626756191253662,-0.2538334131240845,0.2913758754730224,-0.9530707597732544,-0.2534857988357544,-0.2871206998825073,-0.883159339427948,-0.3501749634742737,0.1110072508454322,-0.0020871623419225,0.0004230744380038,-0.1114045977592468,0.001528309774585,0.0006438968121074,0.1099865511059761,0.4134222865104675,0.0186673570424318,-0.1220217198133468,0.3954117000102997,0.0253674648702144,0.1670654118061065,0.7533767223358154,0.136857122182846,-0.1272678226232528,0.7469968199729919,0.1518143415451049,0
107,0.0013163051335141,-0.6266818046569824,-0.3175147175788879,0.1389299482107162,-0.5065242648124695,-0.1394208073616027,0.2363313138484954,-0.7261548042297363,-0.1768711060285568,-0.1496288180351257,-0.5003865361213684,-0.1602025926113128,-0.2939323186874389,-0.6654391884803772,-0.2391286194324493,0.2939525842666626,-0.9519302248954772,-0.2437633126974105,-0.2844043970108032,-0.8854907155036926,-0.3309224843978882,0.110945776104927,-0.0020595244131982,0.0005531889619305,-0.1113426238298416,0.0014954141806811,0.0005166711052879,0.111378289759159,0.413406103849411,0.0185012798756361,-0.1222065687179565,0.3952584862709045,0.024229472503066,0.1764654368162155,0.7500790953636169,0.1384817063808441,-0.1274875402450561,0.7465593814849854,0.1503919214010238,0
108,0.001681579160504,-0.6263397932052612,-0.3174531757831573,0.1411431729793548,-0.5045139789581299,-0.1402820944786071,0.240635871887207,-0.7237258553504944,-0.1826182305812835,-0.1474607288837433,-0.4987107217311859,-0.1602669507265091,-0.2869467735290527,-0.6632095575332642,-0.2426329404115677,0.2942350804805755,-0.9517090916633606,-0.2498500943183899,-0.2808052599430084,-0.8847565650939941,-0.3403589129447937,0.1108907237648963,-0.0020380057394504,0.0012562471674755,-0.1112865731120109,0.0014710838440805,-0.0001911342405946,0.1119201183319091,0.4137112200260162,0.0183584615588188,-0.1223629266023635,0.3952289521694183,0.0178435090929269,0.1773706972599029,0.7484076023101807,0.1468320935964584,-0.128895491361618,0.7468710541725159,0.1480634808540344,0
109,0.0007592575275339,-0.6263512969017029,-0.3178283870220184,0.1410454213619232,-0.5039334297180176,-0.1412058472633361,0.2426830232143402,-0.7227540612220764,-0.1830635368824005,-0.1476733982563018,-0.4988051652908325,-0.1602203696966171,-0.2872285544872284,-0.6652500629425049,-0.2392888814210891,0.2969788908958435,-0.9489920139312744,-0.2497678250074386,-0.2789049744606018,-0.8854847550392151,-0.329444020986557,0.1108242645859718,-0.0020190426148474,0.0013914387673139,-0.1112157776951789,0.0014492971822619,-0.0003194383170921,0.1141565293073654,0.4136416614055633,0.018370097503066,-0.1232624575495719,0.3952009677886963,0.0180068053305149,0.1805498003959655,0.7478606104850769,0.1484085470438003,-0.1298732906579971,0.746789276599884,0.1485893130302429,0
110,0.0008329815464094,-0.6248067617416382,-0.3242882192134857,0.1409056484699249,-0.5030807852745056,-0.1433363556861877,0.2417357861995697,-0.7224165201187134,-0.184144988656044,-0.1476799100637436,-0.4955415427684784,-0.1700486242771148,-0.287393718957901,-0.6613448262214661,-0.2607161402702331,0.2967030107975006,-0.947563111782074,-0.2504498958587646,-0.2785038948059082,-0.8824781775474548,-0.3548940420150757,0.1107750311493873,-0.002021184656769,0.0029444943647831,-0.1111664324998855,0.0014464908745139,-0.0018576425500214,0.1144428774714469,0.4145467281341553,0.0195398367941379,-0.1252273768186569,0.3952721059322357,0.0174261685460805,0.1795301437377929,0.7486271262168884,0.1490814387798309,-0.1319107860326767,0.7467617988586426,0.1482027620077133,0
111,0.0008050150354392,-0.6249735355377197,-0.3259219825267792,0.1407152712345123,-0.5031404495239258,-0.1436217129230499,0.2414870411157608,-0.7221750020980835,-0.1848223805427551,-0.1478739976882934,-0.4952622056007385,-0.173662856221199,-0.2876623272895813,-0.6595968008041382,-0.2661196291446686,0.2964236438274383,-0.9460879564285278,-0.2532309293746948,-0.279208093881607,-0.879355788230896,-0.3619178533554077,0.1107405647635459,-0.0020130849443376,0.0039369645528495,-0.1111310049891471,0.0014353805454447,-0.0028306888416409,0.1137874200940132,0.4158678352832794,0.0201328918337821,-0.1258453130722046,0.3953159153461456,0.0165269430726766,0.1746154427528381,0.7507006525993347,0.1475880444049835,-0.1326099336147308,0.7471384406089783,0.1449200958013534,0
112,0.0001778568548616,-0.6254396438598633,-0.3268323540687561,0.1409595608711242,-0.502683162689209,-0.1480752080678939,0.2421007603406906,-0.7209899425506592,-0.1957654953002929,-0.1478905975818634,-0.495286613702774,-0.1736645698547363,-0.2877632081508636,-0.6604276895523071,-0.2650343477725982,0.296528548002243,-0.9448996782302856,-0.2645489573478699,-0.280838668346405,-0.8794006705284119,-0.3615951538085937,0.1107101812958717,-0.0019882267806679,0.0040207179263234,-0.1110996156930923,0.0014080905821174,-0.0029072165489196,0.1127973571419715,0.4166377484798431,0.0199698042124509,-0.1262382268905639,0.3953035175800323,0.0163526814430952,0.1716891080141067,0.7515187859535217,0.1467857509851455,-0.1325745582580566,0.7471284866333008,0.1448789238929748,0
113,-0.0022818846628069,-0.6254327893257141,-0.3270158171653747,0.1405380815267563,-0.5022079348564148,-0.1505898386240005,0.2408882826566696,-0.7199128866195679,-0.1995463967323303,-0.1490532755851745,-0.4951139092445373,-0.1730229407548904,-0.2893761992454529,-0.6604507565498352,-0.2644825279712677,0.2946590483188629,-0.9444579482078552,-0.2679071128368377,-0.2837050259113312,-0.8791688084602356,-0.3601558804512024,0.1106905341148376,-0.0019769810605794,0.0039196698926389,-0.1110780835151672,0.0013945869868621,-0.002805468859151,0.1121313348412513,0.4167547225952148,0.0196734219789505,-0.1270620673894882,0.3951966762542724,0.0168178342282772,0.1678614169359207,0.7513030767440796,0.1471116691827774,-0.1334023922681808,0.7465545535087585,0.1462727338075637,0
114,-0.0027440902777016,-0.6254531145095825,-0.3260436654090881,0.1405282914638519,-0.502094030380249,-0.1505167484283447,0.2408951222896576,-0.7198045253753662,-0.2001495361328125,-0.14943628013134,-0.4950950145721435,-0.170961782336235,-0.2897469997406006,-0.660301148891449,-0.2641192972660064,0.2940565645694732,-0.944121479988098,-0.2687895894050598,-0.2856104969978332,-0.8782777190208435,-0.3593553602695465,0.1106691360473632,-0.0019795557018369,0.0038156306836754,-0.1110556200146675,0.0013946896651759,-0.0026998142711818,0.1112294644117355,0.4167986214160919,0.0181812476366758,-0.1276027560234069,0.3952663242816925,0.0166929643601179,0.1668845564126968,0.7514716982841492,0.1446010470390319,-0.1332144737243652,0.7471513152122498,0.1447626948356628,0
115,-0.0026135810185223,-0.6217533946037292,-0.333548903465271,0.1404355764389038,-0.4998161196708679,-0.1565407663583755,0.2399080395698547,-0.7185727953910828,-0.2051363289356231,-0.1494372189044952,-0.4935507476329803,-0.1769269853830337,-0.2899153530597687,-0.6591587662696838,-0.2687416672706604,0.2926646769046783,-0.943905234336853,-0.2731786370277405,-0.2854650616645813,-0.8769661784172058,-0.3658438622951507,0.1106442660093307,-0.0019406792707741,0.0037502388004213,-0.1110300943255424,0.0013516552280634,-0.0026312214322388,0.1090231984853744,0.4173978567123413,0.0175394937396049,-0.1281743496656417,0.3953588008880615,0.0170713365077972,0.163811519742012,0.7521582245826721,0.1427819728851318,-0.1332195550203323,0.7472424507141113,0.1447619348764419,0
116,-0.0025686887092888,-0.621512234210968,-0.3331959843635559,0.1404277831315994,-0.4997662603855133,-0.1562810987234115,0.2395813316106796,-0.7185676097869873,-0.2047596126794815,-0.1496253311634063,-0.4934183061122894,-0.176565334200859,-0.2917011976242065,-0.6588959693908691,-0.2679316997528076,0.2921809256076813,-0.9438177347183228,-0.2727616131305694,-0.2868702411651611,-0.876788318157196,-0.365179032087326,0.1106270477175712,-0.0019194192718714,0.0036753907334059,-0.1110118627548217,0.0013283183798193,-0.0025555377360433,0.1073659360408783,0.4176671504974365,0.0171848982572555,-0.1292564123868942,0.3953648507595062,0.0171351768076419,0.1628191173076629,0.7523658871650696,0.1407683491706848,-0.1332238763570785,0.7472819089889526,0.1438546329736709,0
117,-0.0032436873298138,-0.6223968863487244,-0.3290982544422149,0.1404840648174286,-0.4997948706150055,-0.1555036306381225,0.2403532564640045,-0.7184756994247437,-0.2045024633407592,-0.1502037495374679,-0.4945921897888183,-0.1709024012088775,-0.2918664216995239,-0.6615089178085327,-0.2589263319969177,0.2923035621643066,-0.9433737397193908,-0.2725214958190918,-0.2868731319904327,-0.8778213262557983,-0.3553196489810943,0.1106142029166221,-0.0018946807831525,0.002778569003567,-0.11099773645401,0.0013018740573897,-0.0016672593774273,0.1068155840039253,0.4177025854587555,0.0151204457506537,-0.130170464515686,0.3953657150268554,0.0186059139668941,0.1628378927707672,0.752511739730835,0.140745997428894,-0.1331382095813751,0.7467890977859497,0.1470699310302734,0
118,-0.00285977544263,-0.6219965815544128,-0.329681783914566,0.1404683589935302,-0.4997425079345703,-0.1553477346897125,0.2389195263385772,-0.7187026739120483,-0.2039736062288284,-0.1502386778593063,-0.4939884543418884,-0.1719745397567749,-0.2921940982341766,-0.6613473892211914,-0.2605864703655243,0.2907320559024811,-0.9437001347541808,-0.2705944180488586,-0.2867107987403869,-0.8780674934387207,-0.3557722866535187,0.1106012910604476,-0.0019010151736438,0.002867585979402,-0.1109848767518997,0.0013053112197667,-0.0017618186539039,0.1068043559789657,0.4180932939052582,0.016684390604496,-0.1301164925098419,0.3955418467521667,0.0185838062316179,0.1624936163425445,0.7525288462638855,0.1448064446449279,-0.1326330155134201,0.7470983862876892,0.1472175866365432,0
