FrameNo,head_x,head_y,head_z,left_shoulder_x,left_shoulder_y,left_shoulder_z,left_elbow_x,left_elbow_y,left_elbow_z,right_shoulder_x,right_shoulder_y,right_shoulder_z,right_elbow_x,right_elbow_y,right_elbow_z,left_hand_x,left_hand_y,left_hand_z,right_hand_x,right_hand_y,right_hand_z,left_hip_x,left_hip_y,left_hip_z,right_hip_x,right_hip_y,right_hip_z,left_knee_x,left_knee_y,left_knee_z,right_knee_x,right_knee_y,right_knee_z,left_foot_x,left_foot_y,left_foot_z,right_foot_x,right_foot_y,right_foot_z
0,0.010080929845571518,-0.616960883140564,-0.30941784381866455,0.15854819118976593,-0.5059545636177063,-0.13846056163311005,0.2504594326019287,-0.7225168347358704,-0.18992361426353455,-0.12678150832653046,-0.4992900788784027,-0.15321242809295654,-0.26187869906425476,-0.6604392528533936,-0.23995700478553772,0.29416003823280334,-0.9488795399665833,-0.2549762725830078,-0.2557113468647003,-0.8814734220504761,-0.3399459719657898,0.10859167575836182,-0.0007306733168661594,0.0059618353843688965,-0.10899998992681503,0.0002003377303481102,-0.004797995090484619,0.12549234926700592,0.4052746295928955,0.01154334843158722,-0.11224666237831116,0.38553935289382935,0.0063176341354846954,0.17205584049224854,0.7492526769638062,0.14392471313476562,-0.13123157620429993,0.7422609925270081,0.13915503025054932
1,0.005042869132012129,-0.6167827844619751,-0.31480804085731506,0.15424056351184845,-0.5039336085319519,-0.14340020716190338,0.253558874130249,-0.7187179327011108,-0.1928260624408722,-0.13551609218120575,-0.4992804229259491,-0.15615713596343994,-0.26961004734039307,-0.665786862373352,-0.23542603850364685,0.30105453729629517,-0.943170428276062,-0.25796106457710266,-0.2604111433029175,-0.8881846070289612,-0.3211386799812317,0.10864599794149399,-0.0005290707922540605,0.005955541972070932,-0.10904788225889206,-1.8335849745199084e-05,-0.004793329164385796,0.11457713693380356,0.4077540338039398,0.015443926677107811,-0.12957316637039185,0.3856710195541382,0.00712386192753911,0.16422970592975616,0.7488258481025696,0.14750537276268005,-0.1527986228466034,0.7414916753768921,0.13931068778038025
2,0.004591231234371662,-0.6167964339256287,-0.31536102294921875,0.1524694561958313,-0.5025118589401245,-0.14323033392429352,0.2548471987247467,-0.7162929773330688,-0.18961232900619507,-0.13942217826843262,-0.49965447187423706,-0.15621906518936157,-0.275850385427475,-0.672909677028656,-0.2270195037126541,0.30839651823043823,-0.9409191608428955,-0.25437498092651367,-0.265870600938797,-0.8949430584907532,-0.30485501885414124,0.10866258293390274,-0.0004583477566484362,0.00590983172878623,-0.10906214267015457,-0.00010159573139389977,-0.004753409419208765,0.10881157219409943,0.41085687279701233,0.016173867508769035,-0.12893110513687134,0.3873024880886078,0.007199972402304411,0.16001680493354797,0.7503944039344788,0.1450902819633484,-0.14971493184566498,0.7431705594062805,0.13642627000808716
3,0.0046882000751793385,-0.6176426410675049,-0.3141708970069885,0.15240885317325592,-0.5025110244750977,-0.14231623709201813,0.2564392685890198,-0.7163886427879333,-0.18673527240753174,-0.140512615442276,-0.500673770904541,-0.15509609878063202,-0.27697131037712097,-0.6775007247924805,-0.22351768612861633,0.31425705552101135,-0.9410654902458191,-0.2490445077419281,-0.267043799161911,-0.8985704779624939,-0.3014804720878601,0.10872387140989304,-0.00026281681493856013,0.0056321588344872,-0.10911502689123154,-0.0003066695644520223,-0.004497120622545481,0.10490050911903381,0.41333651542663574,0.020330337807536125,-0.12867064774036407,0.3885321617126465,0.010579288937151432,0.1584242731332779,0.7506428360939026,0.14829088747501373,-0.14874063432216644,0.7431809902191162,0.14041708409786224
4,0.003962398041039705,-0.6176826357841492,-0.3312070667743683,0.14874203503131866,-0.4991466701030731,-0.15360616147518158,0.2574061453342438,-0.7142637372016907,-0.19640053808689117,-0.14363978803157806,-0.4999315142631531,-0.17615844309329987,-0.28056710958480835,-0.6768993139266968,-0.24907808005809784,0.3177436590194702,-0.9402448534965515,-0.26178625226020813,-0.2729659378528595,-0.8980669975280762,-0.33012881875038147,0.10875096917152405,-0.00029105611611157656,0.006908344570547342,-0.1091410368680954,-0.00028479116735979915,-0.005769260693341494,0.10553208738565445,0.4134751558303833,0.023687709122896194,-0.1281900703907013,0.3885800838470459,0.009104459546506405,0.16027797758579254,0.7496866583824158,0.153326153755188,-0.1472546011209488,0.7424463629722595,0.14039884507656097
5,0.0037755754310637712,-0.6177772283554077,-0.32255250215530396,0.1488601714372635,-0.5003120303153992,-0.15003623068332672,0.2559865415096283,-0.7143211960792542,-0.19368639588356018,-0.1433412730693817,-0.5004103183746338,-0.1647554337978363,-0.28043869137763977,-0.6767474412918091,-0.23304368555545807,0.3173786997795105,-0.941930890083313,-0.2583128809928894,-0.2735917270183563,-0.8993633389472961,-0.31281816959381104,0.10878612846136093,-0.00028141963412053883,0.006617856211960316,-0.10917184501886368,-0.0002951516071334481,-0.005494345910847187,0.10662014037370682,0.4134034514427185,0.02350541204214096,-0.12607234716415405,0.3891367018222809,0.009665115736424923,0.16407203674316406,0.748914361000061,0.15310662984848022,-0.14178957045078278,0.7423630952835083,0.14202208817005157
6,0.0030293038580566645,-0.6199721097946167,-0.3199414312839508,0.14792419970035553,-0.5004898905754089,-0.1476016640663147,0.25578150153160095,-0.7141075730323792,-0.190251886844635,-0.14516174793243408,-0.5006173253059387,-0.1642337590456009,-0.28135696053504944,-0.6764734387397766,-0.23058238625526428,0.31695717573165894,-0.9420663714408875,-0.2551189363002777,-0.27735355496406555,-0.8991044163703918,-0.30844196677207947,0.1089223325252533,-0.00028532210853882134,0.006617163773626089,-0.10930489748716354,-0.0002937436802312732,-0.005496904719620943,0.10819817334413528,0.4126693308353424,0.0239340141415596,-0.1258808970451355,0.3891410529613495,0.009921633638441563,0.1655556857585907,0.7445123195648193,0.16095463931560516,-0.14131848514080048,0.7393195033073425,0.14767608046531677
7,-0.0017916515935212374,-0.6202372312545776,-0.3202545642852783,0.14584068953990936,-0.500474750995636,-0.14838218688964844,0.25444886088371277,-0.7139011025428772,-0.1926891803741455,-0.14712879061698914,-0.500630259513855,-0.1641509085893631,-0.2837565541267395,-0.6762603521347046,-0.23187674582004547,0.3155520260334015,-0.9419662356376648,-0.25850313901901245,-0.2826317846775055,-0.8982517719268799,-0.31370067596435547,0.10890962928533554,-0.00026989885373041034,0.0064075663685798645,-0.10928906500339508,-0.00030943701858632267,-0.005296006333082914,0.10847984999418259,0.412677139043808,0.023552892729640007,-0.12585708498954773,0.3896831274032593,0.01023462787270546,0.1655903160572052,0.7457994818687439,0.1535312384366989,-0.14104975759983063,0.7409215569496155,0.14602826535701752
8,-0.0018351963954046369,-0.6155720353126526,-0.32793325185775757,0.14443598687648773,-0.5000743269920349,-0.15270479023456573,0.2522304058074951,-0.7139523029327393,-0.19785289466381073,-0.14729677140712738,-0.49951547384262085,-0.17156867682933807,-0.28537192940711975,-0.6740484833717346,-0.24908530712127686,0.31354543566703796,-0.9424591660499573,-0.26370471715927124,-0.2845957279205322,-0.8975101709365845,-0.33846497535705566,0.1088721826672554,-0.0002821527305059135,0.006424396764487028,-0.1092483326792717,-0.0002983620506711304,-0.0053164344280958176,0.10866679251194,0.41265982389450073,0.02292698621749878,-0.12567239999771118,0.39004042744636536,0.009826797060668468,0.16669094562530518,0.7462376356124878,0.14781184494495392,-0.14062802493572235,0.7415487766265869,0.14167101681232452
9,-0.002427533967420459,-0.615648090839386,-0.3283846378326416,0.14295002818107605,-0.5000727772712708,-0.1525249481201172,0.24820613861083984,-0.7140904664993286,-0.19768446683883667,-0.14813736081123352,-0.4991578459739685,-0.1744011640548706,-0.28656381368637085,-0.6739762425422668,-0.2526468336582184,0.31132206320762634,-0.9431736469268799,-0.263415664434433,-0.28765442967414856,-0.8970891833305359,-0.3395223021507263,0.1088676005601883,-0.00031431837123818696,0.006744897924363613,-0.10924410820007324,-0.0002674893185030669,-0.0056490651331841946,0.10888157784938812,0.4129699766635895,0.02399124577641487,-0.12558308243751526,0.390618234872818,0.009423384442925453,0.1666697859764099,0.7467657923698425,0.14832594990730286,-0.14043137431144714,0.7431882619857788,0.14064526557922363
10,-0.00241224467754364,-0.6128655672073364,-0.3264825642108917,0.14283524453639984,-0.5010177493095398,-0.14959309995174408,0.24715322256088257,-0.7143898010253906,-0.1943575143814087,-0.14809972047805786,-0.49909892678260803,-0.17194734513759613,-0.28661495447158813,-0.6714978218078613,-0.2517481744289398,0.30991509556770325,-0.943963885307312,-0.26078540086746216,-0.2888122498989105,-0.8965545296669006,-0.33950039744377136,0.10887011885643005,-0.00035071637830697,0.006765197962522507,-0.10924533009529114,-0.00023180211428552866,-0.005671950988471508,0.10921907424926758,0.4129871726036072,0.02349976822733879,-0.12480539083480835,0.39080697298049927,0.008877216838300228,0.16731871664524078,0.7468206286430359,0.14741836488246918,-0.1392112821340561,0.7432345151901245,0.13986565172672272
11,-0.004999375902116299,-0.6198485493659973,-0.32555222511291504,0.14013075828552246,-0.5011795163154602,-0.14908279478549957,0.24468231201171875,-0.716675341129303,-0.19369560480117798,-0.15022329986095428,-0.4989475607872009,-0.1719946563243866,-0.28681623935699463,-0.6714797616004944,-0.2518041431903839,0.30384036898612976,-0.9459529519081116,-0.2595881223678589,-0.28872185945510864,-0.8946993350982666,-0.3387503921985626,0.10886327177286148,-0.0003590818087104708,0.006945415399968624,-0.10923691838979721,-0.00022310666099656373,-0.005851035472005606,0.10939739644527435,0.41302603483200073,0.024880247190594673,-0.12566843628883362,0.39083585143089294,0.00933572556823492,0.16770850121974945,0.7470771074295044,0.14867496490478516,-0.13919931650161743,0.7431817054748535,0.14066147804260254
12,-0.005735896527767181,-0.6202706098556519,-0.31203708052635193,0.1400071531534195,-0.5063039660453796,-0.1357692927122116,0.24030257761478424,-0.7186967730522156,-0.17624957859516144,-0.150873601436615,-0.49960702657699585,-0.15620943903923035,-0.2932935357093811,-0.6720011234283447,-0.23192061483860016,0.29947373270988464,-0.9459848999977112,-0.24024952948093414,-0.2917913496494293,-0.8963704705238342,-0.3157148063182831,0.10890541225671768,-0.00038497921195812523,0.006571772042661905,-0.10927614569664001,-0.00019912862626370043,-0.005490400362759829,0.10949380695819855,0.413107305765152,0.02441706322133541,-0.1266714334487915,0.39132246375083923,0.011065193451941013,0.166437029838562,0.7476947903633118,0.14800716936588287,-0.1391163170337677,0.7433708906173706,0.14136043190956116
13,-0.005707887466996908,-0.6183752417564392,-0.3015366196632385,0.14041577279567719,-0.5108799338340759,-0.12403731793165207,0.24025669693946838,-0.7232982516288757,-0.15906760096549988,-0.15034838020801544,-0.5012472867965698,-0.14509479701519012,-0.2923164963722229,-0.6715177297592163,-0.21649771928787231,0.2975011467933655,-0.9487814903259277,-0.21883703768253326,-0.29168713092803955,-0.8953861594200134,-0.3000775873661041,0.10891400277614594,-0.00035439786734059453,0.006533680483698845,-0.10928259789943695,-0.00023121037520468235,-0.005452726501971483,0.10976044833660126,0.4131150543689728,0.024373171851038933,-0.1258847564458847,0.39136040210723877,0.01124563068151474,0.16500087082386017,0.7477490901947021,0.1480506956577301,-0.1381545066833496,0.7433947324752808,0.14138364791870117
14,-0.009212339296936989,-0.6197202801704407,-0.3150601387023926,0.1372724026441574,-0.5084410309791565,-0.13614802062511444,0.23943401873111725,-0.7216601371765137,-0.17457693815231323,-0.1517302244901657,-0.49973270297050476,-0.1600688248872757,-0.2921603322029114,-0.6696734428405762,-0.23436994850635529,0.2929028272628784,-0.9440725445747375,-0.237221822142601,-0.2886589467525482,-0.8899752497673035,-0.3166345953941345,0.1088533028960228,-0.00036039872793480754,0.007018091157078743,-0.10921746492385864,-0.0002263181668240577,-0.005915886722505093,0.1097831130027771,0.41384953260421753,0.026987088844180107,-0.12650984525680542,0.39110010862350464,0.011637620627880096,0.16502200067043304,0.7487798929214478,0.14836814999580383,-0.1397516280412674,0.7432594895362854,0.14144355058670044
15,-0.0074945976957678795,-0.6190680265426636,-0.31544172763824463,0.1376911699771881,-0.5090561509132385,-0.13629433512687683,0.23662982881069183,-0.7229341268539429,-0.17507757246494293,-0.1514768898487091,-0.49971383810043335,-0.15995720028877258,-0.2926805317401886,-0.6684120297431946,-0.23860663175582886,0.2923104763031006,-0.9466314911842346,-0.2385561764240265,-0.2893466651439667,-0.8890460133552551,-0.3315636217594147,0.10892925411462784,-0.0004194244684185833,0.006435411516577005,-0.10928796231746674,-0.00017021878738887608,-0.0053437515161931515,0.10902245342731476,0.4145112633705139,0.025410093367099762,-0.12661850452423096,0.39214301109313965,0.013421962037682533,0.1628141552209854,0.7503754496574402,0.14350908994674683,-0.13804905116558075,0.7440126538276672,0.14148035645484924
16,-0.00659765163436532,-0.6125162839889526,-0.322009414434433,0.1382858157157898,-0.5088106989860535,-0.14001871645450592,0.2369343787431717,-0.7229666709899902,-0.17808344960212708,-0.14994564652442932,-0.49918046593666077,-0.16557833552360535,-0.2915664315223694,-0.6659954786300659,-0.2496567815542221,0.2925633192062378,-0.9474504590034485,-0.24158161878585815,-0.2893744111061096,-0.8885015845298767,-0.34616804122924805,0.10892926901578903,-0.00043317023664712906,0.006537388078868389,-0.1092883050441742,-0.00015692203305661678,-0.005447370000183582,0.10944302380084991,0.4145554304122925,0.0232046190649271,-0.12656018137931824,0.3922730088233948,0.01165290642529726,0.1633564531803131,0.7505557537078857,0.1403501182794571,-0.13783004879951477,0.7449546456336975,0.13625584542751312
17,-0.00872709695249796,-0.6161724925041199,-0.32428956031799316,0.13485102355480194,-0.5064035058021545,-0.14303803443908691,0.23575973510742188,-0.7200247049331665,-0.18214641511440277,-0.15256379544734955,-0.4983137547969818,-0.16919192671775818,-0.29227420687675476,-0.665448784828186,-0.2500119209289551,0.29045695066452026,-0.9439472556114197,-0.24852369725704193,-0.28943324089050293,-0.8862000703811646,-0.3442264199256897,0.1088777408003807,-0.0004547148128040135,0.0066237798891961575,-0.10923437774181366,-0.00013618449156638235,-0.0055295987986028194,0.10745226591825485,0.41582298278808594,0.025326795876026154,-0.12747156620025635,0.3922891616821289,0.01184302568435669,0.16304311156272888,0.7537523508071899,0.13820891082286835,-0.1410791426897049,0.7461923956871033,0.13494761288166046
18,-0.008616500534117222,-0.6187297701835632,-0.29067444801330566,0.13716284930706024,-0.5127890706062317,-0.11679328233003616,0.23571306467056274,-0.7286649942398071,-0.15237723290920258,-0.1523304581642151,-0.5019187927246094,-0.1308039128780365,-0.29253068566322327,-0.6676046252250671,-0.19927619397640228,0.28974783420562744,-0.955537736415863,-0.2091786116361618,-0.2892884910106659,-0.8875540494918823,-0.28269413113594055,0.10889225453138351,-0.0004631162155419588,0.00601608632132411,-0.10924186557531357,-0.0001288993953494355,-0.004918977618217468,0.1074502244591713,0.4159647226333618,0.025372669100761414,-0.12491930276155472,0.39230838418006897,0.013611109927296638,0.1654203236103058,0.7540079355239868,0.1370568424463272,-0.13256223499774933,0.7461950182914734,0.13606099784374237
19,-0.010013402439653873,-0.6197188496589661,-0.29440557956695557,0.13645482063293457,-0.5124377012252808,-0.1181759461760521,0.2342883050441742,-0.7264314293861389,-0.15787963569164276,-0.1525767296552658,-0.5018583536148071,-0.13610325753688812,-0.29347720742225647,-0.6659349799156189,-0.20637120306491852,0.2890896797180176,-0.95286625623703,-0.2188735455274582,-0.29042890667915344,-0.8867096304893494,-0.2941947877407074,0.10888256132602692,-0.0005055008223280311,0.0053406162187457085,-0.10922861844301224,-8.672419062349945e-05,-0.00424482487142086,0.10666052252054214,0.41602814197540283,0.024783441796898842,-0.12525518238544464,0.39261701703071594,0.015087372623383999,0.1640118509531021,0.7539905905723572,0.13718073070049286,-0.13353000581264496,0.7464393377304077,0.13819852471351624
20,-0.004839689936488867,-0.6195771098136902,-0.296009361743927,0.13858577609062195,-0.5122398138046265,-0.12034622579813004,0.23473285138607025,-0.7264648675918579,-0.16062860190868378,-0.15187743306159973,-0.5018069744110107,-0.13689479231834412,-0.29335010051727295,-0.6660144329071045,-0.2105352133512497,0.28936147689819336,-0.9529781341552734,-0.22230403125286102,-0.28870898485183716,-0.8871518969535828,-0.2973119914531708,0.10888934135437012,-0.0005050831823609769,0.0050122435204684734,-0.10923262685537338,-8.904742571758106e-05,-0.003929727245122194,0.10603808611631393,0.4160849452018738,0.024921642616391182,-0.12487611174583435,0.3926442563533783,0.017231570556759834,0.1625514179468155,0.7544090747833252,0.1371222734451294,-0.1320732682943344,0.7464023232460022,0.13963507115840912
21,-0.005841583479195833,-0.6192906498908997,-0.3012416362762451,0.1385134756565094,-0.5118262767791748,-0.12697938084602356,0.2345123589038849,-0.7242771983146667,-0.1679978221654892,-0.15167030692100525,-0.501760721206665,-0.13937541842460632,-0.2930520474910736,-0.6659508943557739,-0.2114601582288742,0.28928542137145996,-0.9508001804351807,-0.23200400173664093,-0.28853508830070496,-0.8871800899505615,-0.3005690574645996,0.10887398570775986,-0.0005134375533089042,0.004942810628563166,-0.1092144027352333,-8.08382174000144e-05,-0.003859918564558029,0.10608817636966705,0.41611167788505554,0.02486715279519558,-0.12466081976890564,0.3926694095134735,0.017604900524020195,0.1639019399881363,0.7541228532791138,0.1371728926897049,-0.1320987492799759,0.7463847398757935,0.14064811170101166
22,-0.005033222027122974,-0.6182431578636169,-0.30667635798454285,0.13831274211406708,-0.5116943120956421,-0.12733930349349976,0.2345058023929596,-0.7241856455802917,-0.1685364544391632,-0.15174095332622528,-0.5013298988342285,-0.1486360728740692,-0.29319310188293457,-0.6650270819664001,-0.23385797441005707,0.28976017236709595,-0.9492663145065308,-0.23243969678878784,-0.2885182499885559,-0.8869010806083679,-0.32976263761520386,0.10888390988111496,-0.0005774376331828535,0.004976145923137665,-0.10922286659479141,-1.777869329089299e-05,-0.003898048074916005,0.10612446069717407,0.4161417484283447,0.024849262088537216,-0.12500835955142975,0.3931499123573303,0.017346948385238647,0.16353394091129303,0.7541294693946838,0.13720369338989258,-0.13296036422252655,0.7468701601028442,0.13982723653316498
23,-0.004915968514978886,-0.6172410845756531,-0.3120376467704773,0.13883380591869354,-0.5114800930023193,-0.13529402017593384,0.23551669716835022,-0.7242396473884583,-0.17781926691532135,-0.15021803975105286,-0.5013366341590881,-0.15154555439949036,-0.29201436042785645,-0.6652001142501831,-0.23440410196781158,0.289819598197937,-0.9493587017059326,-0.24188736081123352,-0.2884472608566284,-0.8869296312332153,-0.32988885045051575,0.10887598246335983,-0.0005917472881264985,0.004795387852936983,-0.10921434313058853,-2.7310079531162046e-06,-0.0037166171241551638,0.10669942945241928,0.4160890281200409,0.023813987150788307,-0.12431894987821579,0.39339399337768555,0.01734737865626812,0.16543328762054443,0.7536571621894836,0.13734674453735352,-0.1325208693742752,0.7469425797462463,0.1404799222946167
24,-0.0032950204331427813,-0.6278584599494934,-0.287653386592865,0.14029662311077118,-0.5116029977798462,-0.1179690957069397,0.240855410695076,-0.724131166934967,-0.16025087237358093,-0.15025010704994202,-0.5041853785514832,-0.13041792809963226,-0.2918333411216736,-0.67448490858078,-0.19072474539279938,0.29363662004470825,-0.9482936859130859,-0.22591473162174225,-0.286567747592926,-0.896050214767456,-0.26423943042755127,0.10887451469898224,-0.000582655833568424,0.00323661370202899,-0.10921215265989304,-1.16057353807264e-05,-0.002168657723814249,0.10550507158041,0.41608819365501404,0.02331751398742199,-0.12370498478412628,0.3936803638935089,0.019176652655005455,0.1655232310295105,0.7538810968399048,0.1380327045917511,-0.1298566460609436,0.747163712978363,0.14465901255607605
25,-0.0020951952319592237,-0.6274581551551819,-0.2900508642196655,0.14100319147109985,-0.5111340880393982,-0.11920742690563202,0.24183765053749084,-0.7215130925178528,-0.16161902248859406,-0.15020374953746796,-0.5031368136405945,-0.1319352090358734,-0.292361319065094,-0.6695443391799927,-0.19981649518013,0.2947756350040436,-0.9464539289474487,-0.22880305349826813,-0.28658610582351685,-0.8950377106666565,-0.28723710775375366,0.10900615155696869,-0.0006359047838486731,0.0032771858386695385,-0.10934067517518997,4.116365744266659e-05,-0.00221271556802094,0.10638603568077087,0.41613173484802246,0.023083316162228584,-0.12433262169361115,0.39372387528419495,0.018498634919524193,0.16611216962337494,0.7531282305717468,0.14134222269058228,-0.13005593419075012,0.7465123534202576,0.1448342204093933
26,-0.003442432265728712,-0.6229303479194641,-0.3027554154396057,0.14100950956344604,-0.5105762481689453,-0.13234971463680267,0.241743266582489,-0.721319317817688,-0.178178071975708,-0.14973273873329163,-0.5024307370185852,-0.14186428487300873,-0.2913968861103058,-0.6690270304679871,-0.2100098580121994,0.29261282086372375,-0.9460904002189636,-0.2440127283334732,-0.2867477238178253,-0.8947398066520691,-0.2988111972808838,0.10903222858905792,-0.0006449813954532146,0.0031527113169431686,-0.10936896502971649,5.0190428737550974e-05,-0.0020881271921098232,0.10794152319431305,0.41527730226516724,0.020788155496120453,-0.12548324465751648,0.3937624394893646,0.018484991043806076,0.1685100942850113,0.7497320771217346,0.14375221729278564,-0.13134145736694336,0.7454405426979065,0.14724719524383545
27,-0.002574301091954112,-0.623075544834137,-0.3031724691390991,0.14083074033260345,-0.5100263357162476,-0.13193999230861664,0.24208061397075653,-0.7212674617767334,-0.17631833255290985,-0.15005779266357422,-0.5018900036811829,-0.14472830295562744,-0.29246461391448975,-0.6685904860496521,-0.21533437073230743,0.2936495840549469,-0.945846676826477,-0.24260713160037994,-0.2869853377342224,-0.8945757150650024,-0.3007645905017853,0.10908717662096024,-0.0007194772479124367,0.0035245302133262157,-0.10942547768354416,0.00012304018309805542,-0.002453244524076581,0.10974922776222229,0.4143574833869934,0.021252186968922615,-0.12578438222408295,0.3936574459075928,0.017815889790654182,0.17009685933589935,0.7463552355766296,0.15003149211406708,-0.13185743987560272,0.7438349723815918,0.14785094559192657
28,-0.0023473678156733513,-0.6232268214225769,-0.3064422011375427,0.14076176285743713,-0.5100315809249878,-0.1319519281387329,0.24289484322071075,-0.7213367223739624,-0.1746760457754135,-0.15025053918361664,-0.5013779997825623,-0.1522507518529892,-0.29358136653900146,-0.665382444858551,-0.23257964849472046,0.2950584888458252,-0.9448915719985962,-0.24099110066890717,-0.28844836354255676,-0.8901258707046509,-0.3230648934841156,0.10914531350135803,-0.0007631271728314459,0.004472777247428894,-0.10948284715414047,0.00016812833200674504,-0.0034101225901395082,0.11203954368829727,0.4136973023414612,0.022616570815443993,-0.12557300925254822,0.3935602009296417,0.017565928399562836,0.17144273221492767,0.7460923194885254,0.15211491286754608,-0.13187865912914276,0.7422508597373962,0.14900460839271545
29,-0.0017769213300198317,-0.6226075887680054,-0.31592756509780884,0.14074544608592987,-0.509550154209137,-0.13593922555446625,0.2436254918575287,-0.7211084365844727,-0.17699196934700012,-0.15024985373020172,-0.5002410411834717,-0.16423402726650238,-0.2939116656780243,-0.6634172201156616,-0.2489953190088272,0.2958128750324249,-0.9434086084365845,-0.24389058351516724,-0.28983569145202637,-0.88792884349823,-0.34063541889190674,0.10919205099344254,-0.0008012469625100493,0.0053566996939480305,-0.10953132808208466,0.00020760171173606068,-0.0042984080500900745,0.1135273277759552,0.4135283827781677,0.02330566756427288,-0.12540197372436523,0.3935335576534271,0.0167812742292881,0.17258769273757935,0.7461022138595581,0.15278436243534088,-0.13194353878498077,0.7417104244232178,0.14906330406665802
30,-0.001327033736743033,-0.6225870251655579,-0.320890873670578,0.14100654423236847,-0.509128749370575,-0.14069350063800812,0.24389246106147766,-0.7209978699684143,-0.18216191232204437,-0.14970582723617554,-0.49992409348487854,-0.169282466173172,-0.29390397667884827,-0.6638179421424866,-0.25256457924842834,0.2957475781440735,-0.9422350525856018,-0.24849945306777954,-0.2906566560268402,-0.8879262208938599,-0.3417494297027588,0.10922642797231674,-0.0008139858837239444,0.005712526384741068,-0.10956698656082153,0.00022066805104259402,-0.0046501485630869865,0.11432226747274399,0.4134978950023651,0.024095455184578896,-0.1251213550567627,0.3935123383998871,0.016767406836152077,0.17308223247528076,0.7461465001106262,0.15320181846618652,-0.13183510303497314,0.7413722276687622,0.14962553977966309
31,-0.002607188420370221,-0.6218035817146301,-0.31877967715263367,0.1407049298286438,-0.5090675354003906,-0.1405414342880249,0.2433292418718338,-0.7208399772644043,-0.18270954489707947,-0.1500951647758484,-0.4996911883354187,-0.1626114845275879,-0.2944352328777313,-0.6620817184448242,-0.2424946278333664,0.29513680934906006,-0.9430055022239685,-0.24936696887016296,-0.2942048907279968,-0.8876063823699951,-0.33706051111221313,0.10927664488554001,-0.0008469410240650177,0.005179955158382654,-0.10961732268333435,0.0002536772517487407,-0.004112278111279011,0.11350429803133011,0.4134715497493744,0.022519879043102264,-0.12791390717029572,0.39350810647010803,0.01678682118654251,0.17250202596187592,0.7457402348518372,0.15285342931747437,-0.1345973014831543,0.741280734539032,0.1497069150209427
32,-0.0036156431306153536,-0.6217616200447083,-0.32239362597465515,0.13949710130691528,-0.5079009532928467,-0.1455392986536026,0.24322651326656342,-0.7207379341125488,-0.1900876760482788,-0.15132425725460052,-0.49953320622444153,-0.1656491458415985,-0.2943671643733978,-0.6621969938278198,-0.2461128979921341,0.29515889286994934,-0.9429406523704529,-0.2577136754989624,-0.2939040958881378,-0.8860304951667786,-0.3406949043273926,0.10926267504692078,-0.0008638786384835839,0.004582054913043976,-0.10960470139980316,0.0002704487997107208,-0.0035113487392663956,0.1116243451833725,0.413456529378891,0.02224806323647499,-0.12731881439685822,0.393616646528244,0.01795174367725849,0.1695076823234558,0.7458217740058899,0.151609867811203,-0.13315974175930023,0.7417171597480774,0.15026137232780457
33,-0.0035941589158028364,-0.6211817264556885,-0.3311396837234497,0.13968734443187714,-0.5070419311523438,-0.15282641351222992,0.24307960271835327,-0.7206404209136963,-0.1969650387763977,-0.15062536299228668,-0.49886998534202576,-0.1727880984544754,-0.29444777965545654,-0.6620563864707947,-0.2523673176765442,0.2952474355697632,-0.9429553747177124,-0.2653096914291382,-0.2958551049232483,-0.884520411491394,-0.346073716878891,0.10924789309501648,-0.0008675057906657457,0.004560972563922405,-0.10959108173847198,0.00027518131537362933,-0.003489953465759754,0.11161138862371445,0.41392648220062256,0.023684348911046982,-0.1232105940580368,0.39410194754600525,0.01843276619911194,0.1704617291688919,0.7480735182762146,0.14806050062179565,-0.12960240244865417,0.7446058392524719,0.14975561201572418
34,-0.0035124097485095263,-0.6224666237831116,-0.3216046392917633,0.1388423591852188,-0.5085852146148682,-0.1429622322320938,0.2416117936372757,-0.7211183309555054,-0.1864977926015854,-0.1520690768957138,-0.4994368255138397,-0.1660304069519043,-0.2957504987716675,-0.6665629148483276,-0.24612261354923248,0.29426828026771545,-0.9427308440208435,-0.2560421824455261,-0.2966720461845398,-0.8907983899116516,-0.33739173412323,0.10930471867322922,-0.0009736694628372788,0.00456450367346406,-0.10964605957269669,0.00038010592106729746,-0.003494276199489832,0.11129380017518997,0.41394421458244324,0.02368995174765587,-0.12565471231937408,0.3942350447177887,0.018436308950185776,0.16974975168704987,0.7480846643447876,0.14859668910503387,-0.13234740495681763,0.744414210319519,0.14979611337184906
35,-0.0042203511111438274,-0.6226069927215576,-0.3173455595970154,0.13894210755825043,-0.5093808174133301,-0.14130116999149323,0.24160124361515045,-0.7211446762084961,-0.18547174334526062,-0.15212424099445343,-0.500362753868103,-0.15828199684619904,-0.2970793843269348,-0.6667736768722534,-0.23125433921813965,0.2937926650047302,-0.9422540664672852,-0.25445756316185,-0.29685431718826294,-0.8906223177909851,-0.317838191986084,0.10931344330310822,-0.0009773861384019256,0.003850838402286172,-0.1096540167927742,0.0003840478602796793,-0.002782674739137292,0.11116873472929001,0.413583368062973,0.023181244730949402,-0.12501399219036102,0.39423447847366333,0.019955037161707878,0.16884547472000122,0.74761563539505,0.146955206990242,-0.1307951807975769,0.7440378069877625,0.15026742219924927
36,-0.00586470402777195,-0.6256471276283264,-0.3036651611328125,0.13863395154476166,-0.5093744397163391,-0.12963110208511353,0.24158285558223724,-0.7210412621498108,-0.17244336009025574,-0.15280543267726898,-0.5003862977027893,-0.148768350481987,-0.2968258261680603,-0.6664855480194092,-0.22256587445735931,0.2937910854816437,-0.9424181580543518,-0.2404419183731079,-0.2968778908252716,-0.8904910087585449,-0.3087613880634308,0.10930544883012772,-0.0009900769218802452,0.004267933778464794,-0.10964503884315491,0.00039723061490803957,-0.0031956892926245928,0.11244121938943863,0.41326233744621277,0.02315944992005825,-0.12503473460674286,0.3938535153865814,0.01641674153506756,0.16905023157596588,0.747702419757843,0.14688853919506073,-0.1314842253923416,0.7444330453872681,0.14496132731437683
37,-0.005799926817417145,-0.6273026466369629,-0.30091047286987305,0.1386110633611679,-0.5103353261947632,-0.12498406320810318,0.23910602927207947,-0.7205861806869507,-0.16314728558063507,-0.1536894291639328,-0.5016658306121826,-0.14724597334861755,-0.29993724822998047,-0.6698337197303772,-0.21836842596530914,0.29300644993782043,-0.9407042860984802,-0.22852128744125366,-0.29753533005714417,-0.8919568657875061,-0.2975893020629883,0.10946748405694962,-0.0010085933608934283,0.0042707230895757675,-0.10981348901987076,0.000412914901971817,-0.0031981549691408873,0.11208299547433853,0.41363149881362915,0.02385982684791088,-0.12545765936374664,0.39386963844299316,0.016640761867165565,0.1650814712047577,0.747837245464325,0.14859962463378906,-0.13228702545166016,0.7441936731338501,0.14554980397224426
38,-0.00446345703676343,-0.6244525909423828,-0.30202046036720276,0.14035464823246002,-0.5101805329322815,-0.12945012748241425,0.23947174847126007,-0.7213635444641113,-0.1718205362558365,-0.15072101354599,-0.5010066628456116,-0.14763620495796204,-0.29841169714927673,-0.6675643920898438,-0.2195214033126831,0.29307037591934204,-0.9449700713157654,-0.23526282608509064,-0.2979232966899872,-0.8917136192321777,-0.29908105731010437,0.10947994887828827,-0.0009887745836749673,0.0038924103137105703,-0.10982594639062881,0.00039342345553450286,-0.002815107349306345,0.11208520829677582,0.4136621057987213,0.020479900762438774,-0.12548145651817322,0.39400482177734375,0.016546957194805145,0.16528157889842987,0.7477837204933167,0.1469046175479889,-0.13222500681877136,0.7443810701370239,0.1452973335981369
39,-0.007873077876865864,-0.627519428730011,-0.3022391200065613,0.13871945440769196,-0.5099207162857056,-0.13077986240386963,0.23975835740566254,-0.7278949618339539,-0.18035224080085754,-0.15281961858272552,-0.5010782480239868,-0.1477288156747818,-0.29721084237098694,-0.6777501702308655,-0.22020423412322998,0.2900295853614807,-0.9507854580879211,-0.24178187549114227,-0.2951790392398834,-0.8967800736427307,-0.30016082525253296,0.10948292165994644,-0.0010320849251002073,0.0038823122158646584,-0.10982923954725266,0.00043736639781855047,-0.002804492600262165,0.11156757175922394,0.41367778182029724,0.02210521139204502,-0.1306251883506775,0.3934957683086395,0.016904493793845177,0.16358432173728943,0.7473256587982178,0.15419287979602814,-0.13917690515518188,0.7435904145240784,0.1477409452199936
40,-0.007883160375058651,-0.6270455718040466,-0.3026018738746643,0.1381722241640091,-0.5105934143066406,-0.1308053433895111,0.23766493797302246,-0.7265812754631042,-0.177464559674263,-0.15388916432857513,-0.5014757513999939,-0.1478465497493744,-0.29970747232437134,-0.6772605776786804,-0.2200847566127777,0.2902015149593353,-0.9479305148124695,-0.24121971428394318,-0.2965746223926544,-0.8967283368110657,-0.29974275827407837,0.10949587821960449,-0.0010828982340171933,0.0038102027028799057,-0.10984299331903458,0.0004868953546974808,-0.0027362194377928972,0.11171912401914597,0.41325023770332336,0.020706363022327423,-0.13031840324401855,0.3940826654434204,0.016888728365302086,0.16361777484416962,0.7479444742202759,0.14728222787380219,-0.13759587705135345,0.7454322576522827,0.14478999376296997
41,-0.0034318065736442804,-0.6246631741523743,-0.31228888034820557,0.13933511078357697,-0.5075264573097229,-0.1377970427274704,0.23759107291698456,-0.7230604887008667,-0.1862563043832779,-0.15168268978595734,-0.5000240802764893,-0.15713191032409668,-0.296355277299881,-0.6725394129753113,-0.24066327512264252,0.2901352345943451,-0.9447296261787415,-0.2519279718399048,-0.29573649168014526,-0.8940867185592651,-0.32783135771751404,0.10952351987361908,-0.0012477956479415298,0.004231748636811972,-0.10987407714128494,0.000650694826617837,-0.0031529052648693323,0.11590767651796341,0.4128560721874237,0.020864995196461678,-0.13041941821575165,0.39407116174697876,0.01502729207277298,0.1651647835969925,0.746626079082489,0.14927685260772705,-0.13358363509178162,0.7456422448158264,0.1425940990447998
42,-0.0030755922198295593,-0.6235341429710388,-0.31323298811912537,0.13958103954792023,-0.506885290145874,-0.1400352418422699,0.23937946557998657,-0.7211849093437195,-0.19128447771072388,-0.15154814720153809,-0.5000855922698975,-0.15731364488601685,-0.29438838362693787,-0.6725702285766602,-0.24161189794540405,0.29488638043403625,-0.9427936673164368,-0.25982752442359924,-0.29570281505584717,-0.895376443862915,-0.33257409930229187,0.10952971130609512,-0.0012661977671086788,0.003759275656193495,-0.1098800078034401,0.0006694759940728545,-0.002686945954337716,0.11653011292219162,0.4110211431980133,0.0143148647621274,-0.13039010763168335,0.3938877582550049,0.014368163421750069,0.16796335577964783,0.745547890663147,0.14191266894340515,-0.13174764811992645,0.7455243468284607,0.13987226784229279
43,-0.0030381311662495136,-0.6225252151489258,-0.3139578104019165,0.1397605687379837,-0.5073769688606262,-0.14082415401935577,0.241088405251503,-0.7243585586547852,-0.19163045287132263,-0.15166714787483215,-0.5004780292510986,-0.15723848342895508,-0.29503926634788513,-0.6757292151451111,-0.23888695240020752,0.29626891016960144,-0.9478395581245422,-0.25947973132133484,-0.296108603477478,-0.9012005925178528,-0.32206991314888,0.10953681170940399,-0.0012850216589868069,0.0030935995746403933,-0.10988812893629074,0.0006900863954797387,-0.0020503769628703594,0.1184023767709732,0.40887290239334106,0.011669749394059181,-0.1316264122724533,0.39260801672935486,0.013683537021279335,0.17222407460212708,0.7440051436424255,0.13962484896183014,-0.13154232501983643,0.7430325150489807,0.1392202526330948
44,-0.006873218342661858,-0.6046118140220642,-0.33614543080329895,0.1357724815607071,-0.5035659074783325,-0.16209346055984497,0.2361883968114853,-0.7243632078170776,-0.2265244722366333,-0.15334314107894897,-0.49344298243522644,-0.17775046825408936,-0.2958334982395172,-0.667850136756897,-0.27145257592201233,0.2826407551765442,-0.9489909410476685,-0.2981000542640686,-0.3003000020980835,-0.8986483812332153,-0.36432793736457825,0.10953215509653091,-0.0016295092646032572,0.003078515874221921,-0.10988672822713852,0.0010583680123090744,-0.002038083504885435,0.12410592287778854,0.399118572473526,-0.027017347514629364,-0.14822348952293396,0.3842602074146271,-0.027689747512340546,0.1713559925556183,0.7344396114349365,0.10714057832956314,-0.13343335688114166,0.7337574362754822,0.10263274610042572
45,-0.007543056737631559,-0.595310389995575,-0.3597147762775421,0.13495168089866638,-0.4970792233943939,-0.18179164826869965,0.2359926402568817,-0.7225136160850525,-0.24699550867080688,-0.15321239829063416,-0.48725736141204834,-0.20349879562854767,-0.29377856850624084,-0.656037449836731,-0.3035658001899719,0.27584174275398254,-0.9482206702232361,-0.3153117299079895,-0.30026060342788696,-0.8869314789772034,-0.40447092056274414,0.10950981080532074,-0.001749681425280869,0.003845689818263054,-0.10986983776092529,0.0011833780445158482,-0.002788551850244403,0.12837029993534088,0.3973315358161926,-0.020149437710642815,-0.14686237275600433,0.380256712436676,-0.03272892162203789,0.17236420512199402,0.7288905382156372,0.1097804605960846,-0.13103710114955902,0.7295422554016113,0.10161279886960983
46,-0.007578726392239332,-0.5895642638206482,-0.3597048223018646,0.1343229115009308,-0.49279335141181946,-0.181974858045578,0.23637913167476654,-0.7155500054359436,-0.2528989315032959,-0.153977170586586,-0.48215577006340027,-0.20433156192302704,-0.29284578561782837,-0.6495676636695862,-0.30776551365852356,0.27268967032432556,-0.9371853470802307,-0.3287830948829651,-0.29871055483818054,-0.8835111856460571,-0.4094550609588623,0.10952799022197723,-0.0019879022147506475,0.0041267224587500095,-0.10989095270633698,0.0014306653756648302,-0.0030789831653237343,0.13084173202514648,0.39393773674964905,-0.03300275281071663,-0.15414206683635712,0.37495851516723633,-0.045674290508031845,0.17232513427734375,0.7254078984260559,0.10234194248914719,-0.13226450979709625,0.7205839157104492,0.09041054546833038
47,-0.008501309901475906,-0.5914331078529358,-0.3624802827835083,0.13410736620426178,-0.4873332679271698,-0.18676386773586273,0.23754297196865082,-0.7157131433486938,-0.254835844039917,-0.15404219925403595,-0.47820478677749634,-0.2065843939781189,-0.2956676483154297,-0.6500718593597412,-0.3061268925666809,0.2726607322692871,-0.9436759352684021,-0.3208065330982208,-0.30223336815834045,-0.8837253451347351,-0.3990238904953003,0.10957721620798111,-0.0024824778083711863,0.005133852828294039,-0.10995440185070038,0.0019690650515258312,-0.004084224347025156,0.14346443116664886,0.3746987283229828,-0.09214811772108078,-0.17126749455928802,0.3571045398712158,-0.10908406972885132,0.1726807951927185,0.7102074027061462,0.04847966879606247,-0.14006982743740082,0.7030082941055298,0.028085550293326378
48,-0.0188523568212986,-0.6016042232513428,-0.3438202440738678,0.12735909223556519,-0.48775479197502136,-0.18134705722332,0.2298366278409958,-0.717675507068634,-0.2507358193397522,-0.1617298424243927,-0.4787614345550537,-0.1880171000957489,-0.30928751826286316,-0.6543896794319153,-0.2712242603302002,0.25624755024909973,-0.9480811953544617,-0.31709763407707214,-0.30830684304237366,-0.8894437551498413,-0.3407336473464966,0.10958894342184067,-0.0026486357674002647,0.004885995294898748,-0.10997103154659271,0.0021581058390438557,-0.0038307670038193464,0.14567513763904572,0.3652110993862152,-0.10050763189792633,-0.19908912479877472,0.3418690264225006,-0.11929800361394882,0.1624152660369873,0.6973999738693237,0.0440935380756855,-0.16000495851039886,0.6845445036888123,0.022874627262353897
49,-0.0212062057107687,-0.5997182726860046,-0.36067235469818115,0.13042734563350677,-0.4762861430644989,-0.1992209553718567,0.22994837164878845,-0.7076194286346436,-0.2996513843536377,-0.16052748262882233,-0.4714698791503906,-0.2009889781475067,-0.3077383041381836,-0.6481565237045288,-0.2909103333950043,0.2557896673679352,-0.9459791779518127,-0.37127092480659485,-0.30812373757362366,-0.8827105164527893,-0.3554992973804474,0.11048030108213425,-0.0026601236313581467,0.004735842812806368,-0.1109192967414856,0.0021758675575256348,-0.003671441925689578,0.1455395519733429,0.36034080386161804,-0.12611791491508484,-0.20504578948020935,0.330898642539978,-0.15043586492538452,0.15849944949150085,0.6879581809043884,0.03596196323633194,-0.16587354242801666,0.6684461832046509,0.004619482904672623
50,-0.020945683121681213,-0.5976620316505432,-0.3611982464790344,0.1327713280916214,-0.47282350063323975,-0.1978948414325714,0.23912955820560455,-0.7077084183692932,-0.2905696928501129,-0.15857337415218353,-0.4698079228401184,-0.2032191902399063,-0.30623504519462585,-0.6485186219215393,-0.2906219959259033,0.26066312193870544,-0.9460793733596802,-0.3569249212741852,-0.3078487813472748,-0.8826156854629517,-0.3564766049385071,0.11072384566068649,-0.002562266308814287,0.004812622908502817,-0.11117202788591385,0.002108521293848753,-0.003738745814189315,0.15809385478496552,0.33730384707450867,-0.17816676199436188,-0.21194501221179962,0.30286383628845215,-0.1948726773262024,0.15849393606185913,0.6703003644943237,-0.03449956700205803,-0.173578143119812,0.6519933938980103,-0.056588850915431976
51,-0.02139139361679554,-0.5977640748023987,-0.3605287969112396,0.13297449052333832,-0.472668319940567,-0.1962747722864151,0.24010679125785828,-0.7091081142425537,-0.28830263018608093,-0.15959987044334412,-0.4686364531517029,-0.2027457356452942,-0.30648279190063477,-0.6489580869674683,-0.29027310013771057,0.26714658737182617,-0.9514686465263367,-0.340936541557312,-0.3155929744243622,-0.8829290270805359,-0.35080862045288086,0.11170250177383423,-0.002468683058395982,0.0052236649207770824,-0.11213572323322296,0.0020308522507548332,-0.00410956097766757,0.16364291310310364,0.318914532661438,-0.2211100459098816,-0.2220631092786789,0.28033432364463806,-0.23123304545879364,0.15540210902690887,0.6396626830101013,-0.05270872637629509,-0.1747392863035202,0.6192070841789246,-0.07380443066358566
52,-0.0207715705037117,-0.5950198173522949,-0.3620147705078125,0.13811269402503967,-0.46991831064224243,-0.19788528978824615,0.25109514594078064,-0.7084962725639343,-0.28506430983543396,-0.1583097130060196,-0.46767717599868774,-0.2033829540014267,-0.30618366599082947,-0.6459695100784302,-0.28982654213905334,0.28076285123825073,-0.9513481855392456,-0.33970707654953003,-0.3258819580078125,-0.8813802599906921,-0.35118845105171204,0.11267370730638504,-0.0024055386893451214,0.005163747351616621,-0.11309748142957687,0.0019785454496741295,-0.00402647303417325,0.1690206676721573,0.3084380328655243,-0.2411736696958542,-0.22636055946350098,0.2654423117637634,-0.241910919547081,0.15560129284858704,0.6214134097099304,-0.0576358288526535,-0.1747015416622162,0.6024620532989502,-0.07522348314523697
53,-0.02062067948281765,-0.5917155146598816,-0.3626686632633209,0.13807564973831177,-0.4695216417312622,-0.1970660388469696,0.2533067464828491,-0.7079650163650513,-0.27815648913383484,-0.15844419598579407,-0.4672479033470154,-0.2038312554359436,-0.30659231543540955,-0.6452261209487915,-0.28241685032844543,0.2864067256450653,-0.9504316449165344,-0.3287585973739624,-0.3247591555118561,-0.8814768195152283,-0.3333353102207184,0.11332734674215317,-0.0023797135800123215,0.005173344165086746,-0.11373261362314224,0.0019585699774324894,-0.004027285613119602,0.1675175130367279,0.3021303117275238,-0.2615809738636017,-0.22819466888904572,0.2497771829366684,-0.26220643520355225,0.15581250190734863,0.5990458130836487,-0.07001955807209015,-0.17483220994472504,0.5865582227706909,-0.08911935985088348
54,-0.028505099937319756,-0.5931516885757446,-0.36017051339149475,0.13405458629131317,-0.46978166699409485,-0.19683720171451569,0.2507277727127075,-0.7101794481277466,-0.27477899193763733,-0.16399285197257996,-0.467028945684433,-0.20268599689006805,-0.31722480058670044,-0.6455028057098389,-0.27116847038269043,0.2843446135520935,-0.9528184533119202,-0.3218643367290497,-0.33453744649887085,-0.8834537863731384,-0.31088608503341675,0.11388257145881653,-0.002364338608458638,0.0048708198592066765,-0.11426114290952682,0.0019501108909025788,-0.00367248198017478,0.16492994129657745,0.2800811231136322,-0.30940619111061096,-0.23635216057300568,0.21484223008155823,-0.2839316725730896,0.1526268571615219,0.5662577748298645,-0.10113733261823654,-0.18000027537345886,0.5487943887710571,-0.10070901364088058
55,-0.028951071202754974,-0.585881233215332,-0.3718917965888977,0.13244234025478363,-0.46795332431793213,-0.2019757777452469,0.2504623830318451,-0.7084342837333679,-0.2794167399406433,-0.16517993807792664,-0.4602811932563782,-0.2114713042974472,-0.32434573769569397,-0.6343287825584412,-0.2754124104976654,0.28387612104415894,-0.951977014541626,-0.33185485005378723,-0.34434694051742554,-0.877437949180603,-0.31439852714538574,0.11426820605993271,-0.002673864597454667,0.004444505088031292,-0.11464399099349976,0.0022772166412323713,-0.003195232478901744,0.16435644030570984,0.27585166692733765,-0.30896782875061035,-0.2520632743835449,0.21543486416339874,-0.2829975187778473,0.15282313525676727,0.5659363269805908,-0.11090078949928284,-0.18877843022346497,0.5535241365432739,-0.10601594299077988
56,-0.02870657667517662,-0.5830003023147583,-0.37365955114364624,0.13215455412864685,-0.4663112759590149,-0.20298103988170624,0.24978198111057281,-0.7069200277328491,-0.2809642553329468,-0.16691191494464874,-0.4563574194908142,-0.21464920043945312,-0.3283483684062958,-0.6295481324195862,-0.2807416617870331,0.28510457277297974,-0.9508373737335205,-0.3358876705169678,-0.3451962172985077,-0.8756250143051147,-0.31732338666915894,0.11490551382303238,-0.002716985298320651,0.004447647836059332,-0.11525198072195053,0.002326169516891241,-0.003186049871146679,0.1639152616262436,0.26035505533218384,-0.33430594205856323,-0.25442227721214294,0.18847250938415527,-0.3086791932582855,0.15269756317138672,0.5401139259338379,-0.12736335396766663,-0.1915363222360611,0.5300431847572327,-0.12463648617267609
57,-0.028910625725984573,-0.583278238773346,-0.3732563555240631,0.13209699094295502,-0.46553894877433777,-0.20271453261375427,0.24889378249645233,-0.7031852006912231,-0.28157731890678406,-0.16843168437480927,-0.4536183774471283,-0.21677859127521515,-0.33221033215522766,-0.6277340650558472,-0.2914309501647949,0.29043418169021606,-0.9428767561912537,-0.33785420656204224,-0.34944772720336914,-0.8728793263435364,-0.33112457394599915,0.11557089537382126,-0.002829404780641198,0.004833460319787264,-0.11588859558105469,0.0024405503645539284,-0.0035000424832105637,0.1673257052898407,0.24292035400867462,-0.34050649404525757,-0.25200244784355164,0.17291870713233948,-0.32120630145072937,0.15380367636680603,0.5121403932571411,-0.11920889467000961,-0.19107262790203094,0.5049111843109131,-0.12573181092739105
58,-0.021897632628679276,-0.583476722240448,-0.37288522720336914,0.13617505133152008,-0.4655012786388397,-0.20171140134334564,0.2592039406299591,-0.7009822130203247,-0.28023025393486023,-0.1660628467798233,-0.45383331179618835,-0.21698755025863647,-0.33134809136390686,-0.6227222084999084,-0.29110628366470337,0.3010510504245758,-0.9406498670578003,-0.3372915983200073,-0.3484286069869995,-0.8671430945396423,-0.33191415667533875,0.11592604219913483,-0.0027594021521508694,0.004935064818710089,-0.11623632162809372,0.0023727358784526587,-0.0035799858160316944,0.1842726469039917,0.2425798773765564,-0.33165037631988525,-0.25544366240501404,0.16548661887645721,-0.3199760913848877,0.1657738834619522,0.5040767788887024,-0.1149333119392395,-0.19030670821666718,0.49331432580947876,-0.12109066545963287
59,-0.019079772755503654,-0.5866696834564209,-0.3670782744884491,0.138372004032135,-0.46552222967147827,-0.1965576708316803,0.2613942623138428,-0.700553834438324,-0.27211418747901917,-0.16581787168979645,-0.454028457403183,-0.21092797815799713,-0.3326478600502014,-0.6243923902511597,-0.2819071114063263,0.309736430644989,-0.939543604850769,-0.3273167312145233,-0.34818288683891296,-0.8713200688362122,-0.316776841878891,0.11651752144098282,-0.002681480022147298,0.005222586449235678,-0.11678538471460342,0.0022888630628585815,-0.003822783473879099,0.18821872770786285,0.2248995006084442,-0.3477765917778015,-0.2588837742805481,0.149233877658844,-0.3268946409225464,0.16706910729408264,0.4823715388774872,-0.11587268114089966,-0.18595050275325775,0.46779119968414307,-0.124800905585289
60,-0.021089309826493263,-0.583521842956543,-0.3622499704360962,0.13784854114055634,-0.46330496668815613,-0.18561536073684692,0.2607458531856537,-0.6915580034255981,-0.24928037822246552,-0.16743409633636475,-0.4505338668823242,-0.2044392228126526,-0.33434319496154785,-0.6172357797622681,-0.2665380537509918,0.3121485114097595,-0.9291975498199463,-0.30219119787216187,-0.3477514088153839,-0.8630841374397278,-0.30341440439224243,0.11725267022848129,-0.002636945340782404,0.005326497368514538,-0.11748428642749786,0.002236571628600359,-0.0038954459596425295,0.19545675814151764,0.20347027480602264,-0.3513321280479431,-0.2745717167854309,0.13508273661136627,-0.32791581749916077,0.1683298647403717,0.45985671877861023,-0.1188121885061264,-0.19691023230552673,0.4449675679206848,-0.12315871566534042
61,-0.012802660465240479,-0.5855287313461304,-0.3509896695613861,0.14171500504016876,-0.4633399546146393,-0.17468546330928802,0.2604439854621887,-0.6899425983428955,-0.24022868275642395,-0.163339301943779,-0.45064446330070496,-0.19733528792858124,-0.33051353693008423,-0.6168763041496277,-0.26111212372779846,0.3249267637729645,-0.929628312587738,-0.29621219635009766,-0.34893620014190674,-0.8622941970825195,-0.30026233196258545,0.11815967410802841,-0.0023215091787278652,0.006134749855846167,-0.11834123730659485,0.0019107717089354992,-0.004639351274818182,0.19963090121746063,0.18661433458328247,-0.3608497083187103,-0.27202722430229187,0.10717946290969849,-0.34429097175598145,0.16825701296329498,0.43816524744033813,-0.12514667212963104,-0.1963491290807724,0.4289366900920868,-0.13958331942558289
62,-0.008410830050706863,-0.5928948521614075,-0.3253829777240753,0.15036705136299133,-0.4662606120109558,-0.15479259192943573,0.2685750722885132,-0.6907532811164856,-0.21409696340560913,-0.15958459675312042,-0.4513057470321655,-0.1743677258491516,-0.33039286732673645,-0.6171965599060059,-0.23832812905311584,0.3358636796474457,-0.9328880906105042,-0.26358893513679504,-0.34877726435661316,-0.8628372550010681,-0.2753309905529022,0.11969389021396637,-0.0017318788450211287,0.006514960899949074,-0.11981478333473206,0.0013011351693421602,-0.004973819479346275,0.21419158577919006,0.14256565272808075,-0.37715578079223633,-0.27736589312553406,0.07566075772047043,-0.35466626286506653,0.16845528781414032,0.39397862553596497,-0.146436408162117,-0.19731201231479645,0.38831275701522827,-0.160833939909935
63,0.0008383102249354124,-0.5947265028953552,-0.3214724063873291,0.15573719143867493,-0.4662895202636719,-0.15226420760154724,0.28535178303718567,-0.6909611225128174,-0.21425355970859528,-0.15498249232769012,-0.45469367504119873,-0.17454904317855835,-0.3211683928966522,-0.6190751194953918,-0.24155962467193604,0.3567943572998047,-0.9365484714508057,-0.26277288794517517,-0.34361711144447327,-0.8673962354660034,-0.2798192501068115,0.12018363922834396,-0.0006453634705394506,0.007588613778352737,-0.1202675998210907,0.0001796249853214249,-0.005946100689470768,0.23277980089187622,0.13169161975383759,-0.3707585036754608,-0.2820311486721039,0.04873315989971161,-0.36344394087791443,0.17297522723674774,0.38174834847450256,-0.14700625836849213,-0.1975858062505722,0.3730483651161194,-0.17352913320064545
64,0.0003320213290862739,-0.5977187752723694,-0.3066578507423401,0.15499509871006012,-0.4662470817565918,-0.1390264481306076,0.2839278280735016,-0.6872236132621765,-0.1962519884109497,-0.1577254980802536,-0.45351627469062805,-0.1586628258228302,-0.3356899619102478,-0.6089873313903809,-0.22710758447647095,0.36682507395744324,-0.9328134059906006,-0.2442348152399063,-0.3594392240047455,-0.8629186153411865,-0.2671416997909546,0.12048882991075516,-0.0005092271603643894,0.008173857815563679,-0.12053342908620834,2.8227344955666922e-05,-0.006489158608019352,0.24533681571483612,0.08403977751731873,-0.3680746555328369,-0.2894834280014038,0.019488021731376648,-0.3705303966999054,0.16970835626125336,0.3529842495918274,-0.15663424134254456,-0.19074487686157227,0.3309405446052551,-0.18123960494995117
65,-0.00019450264517217875,-0.5978135466575623,-0.3072071373462677,0.15436728298664093,-0.4662419259548187,-0.13945728540420532,0.2827552556991577,-0.6801697611808777,-0.2017621546983719,-0.15890544652938843,-0.45302727818489075,-0.1602916419506073,-0.34184226393699646,-0.6056542992591858,-0.23035062849521637,0.3654068410396576,-0.928671658039093,-0.2512798309326172,-0.36319437623023987,-0.8597593903541565,-0.27098315954208374,0.12052427232265472,-0.0006442123558372259,0.008231659419834614,-0.12056257575750351,0.00015192804858088493,-0.006534250918775797,0.24744784832000732,0.052656229585409164,-0.36558204889297485,-0.30968767404556274,0.011422762647271156,-0.3669619858264923,0.1711965650320053,0.32867470383644104,-0.1659059226512909,-0.19666244089603424,0.32275494933128357,-0.18072032928466797
66,-0.005560791585594416,-0.5947200655937195,-0.3137449026107788,0.15326730906963348,-0.4634001553058624,-0.14501707255840302,0.29161953926086426,-0.6761772632598877,-0.21775101125240326,-0.16094687581062317,-0.4483211636543274,-0.16304360330104828,-0.35288989543914795,-0.6051951050758362,-0.23149248957633972,0.36380141973495483,-0.9206942319869995,-0.2789573073387146,-0.3770126402378082,-0.8559802174568176,-0.2800173759460449,0.12028435617685318,-0.0009101266623474658,0.008005228824913502,-0.12032190710306168,0.0004146558349020779,-0.006309318356215954,0.2457873523235321,0.04744751751422882,-0.36403167247772217,-0.31338196992874146,0.014950728975236416,-0.3657144606113434,0.17157100141048431,0.3224753141403198,-0.1641896814107895,-0.19993709027767181,0.3289564847946167,-0.17789773643016815
67,0.003646670375019312,-0.590308666229248,-0.3229615092277527,0.15828847885131836,-0.4626820981502533,-0.14930546283721924,0.3080458343029022,-0.6702163815498352,-0.22206886112689972,-0.1569833904504776,-0.4473888874053955,-0.1709015667438507,-0.3518437147140503,-0.6036163568496704,-0.23693960905075073,0.3701614737510681,-0.9088090658187866,-0.28270262479782104,-0.376242995262146,-0.8555756211280823,-0.28068044781684875,0.12016570568084717,-0.0008515901281498373,0.008068759925663471,-0.12020139396190643,0.00034793393569998443,-0.006382329855114222,0.25443270802497864,0.04182066395878792,-0.35988378524780273,-0.3103070855140686,-0.0027416252996772528,-0.36484506726264954,0.17002417147159576,0.30631667375564575,-0.16358622908592224,-0.19852204620838165,0.3058962821960449,-0.1761975884437561
68,0.0038359281606972218,-0.5903466939926147,-0.3218749761581421,0.15350469946861267,-0.46365517377853394,-0.1513172686100006,0.3050333261489868,-0.6668570637702942,-0.22596639394760132,-0.15696406364440918,-0.44756588339805603,-0.17618004977703094,-0.3504566252231598,-0.5990192294120789,-0.2457127571105957,0.36854174733161926,-0.9092133045196533,-0.2885284423828125,-0.37671300768852234,-0.8514050841331482,-0.29252132773399353,0.11935529857873917,-0.000714648689609021,0.008283953182399273,-0.11938465386629105,0.00020743759523611516,-0.006600830238312483,0.2521691918373108,0.024399999529123306,-0.3406054675579071,-0.3087560534477234,-0.02172178216278553,-0.35957425832748413,0.16935960948467255,0.28909245133399963,-0.16048745810985565,-0.20167726278305054,0.28587809205055237,-0.17529268562793732
69,0.006147801876068115,-0.5937987565994263,-0.31969812512397766,0.15304137766361237,-0.4648051857948303,-0.15174376964569092,0.3033718168735504,-0.6640806198120117,-0.22590211033821106,-0.15531201660633087,-0.44996094703674316,-0.17628617584705353,-0.34948283433914185,-0.5994242429733276,-0.24627096951007843,0.36753448843955994,-0.9075458645820618,-0.2887330651283264,-0.3754621744155884,-0.8514548540115356,-0.2937436103820801,0.11867300420999527,-0.0007768933428451419,0.008314389735460281,-0.11871751397848129,0.00026600505225360394,-0.006638690363615751,0.2515670657157898,0.005126813426613808,-0.3386342227458954,-0.30818212032318115,-0.026797490194439888,-0.3533702790737152,0.17334596812725067,0.2789233922958374,-0.159627765417099,-0.20207123458385468,0.277020663022995,-0.17453891038894653
70,0.005994260311126709,-0.5939583778381348,-0.3066744804382324,0.15289193391799927,-0.4754408001899719,-0.13565079867839813,0.3067166209220886,-0.6651186943054199,-0.20128685235977173,-0.16023488342761993,-0.4531261920928955,-0.15935510396957397,-0.35889217257499695,-0.5995325446128845,-0.2247173935174942,0.3668946325778961,-0.9081891179084778,-0.2690775990486145,-0.37995168566703796,-0.8518352508544922,-0.2784518599510193,0.11868468672037125,-0.0008688428206369281,0.008371065370738506,-0.11872565001249313,0.00035300286253914237,-0.006702044978737831,0.2516331970691681,0.009759879671037197,-0.3387696444988251,-0.30795639753341675,-0.025215568020939827,-0.3539246916770935,0.17306652665138245,0.28125596046447754,-0.16603396832942963,-0.20441368222236633,0.279436856508255,-0.18570441007614136
71,0.0057523902505636215,-0.5976653099060059,-0.30785825848579407,0.15185236930847168,-0.47498467564582825,-0.13655856251716614,0.3062460720539093,-0.6624205112457275,-0.20283472537994385,-0.16071666777133942,-0.4536948800086975,-0.1628871113061905,-0.35777783393859863,-0.5993000268936157,-0.23148345947265625,0.36648645997047424,-0.9042642712593079,-0.27003002166748047,-0.3836427330970764,-0.8497365117073059,-0.28393813967704773,0.11862895637750626,-0.0009074159897863865,0.008500178344547749,-0.11867427825927734,0.00039299725904129446,-0.006842625327408314,0.2510816156864166,0.014988424256443977,-0.3389718234539032,-0.3077385127544403,-0.022917957976460457,-0.35434991121292114,0.1728297472000122,0.2860470414161682,-0.16571226716041565,-0.2043466567993164,0.28206902742385864,-0.18575429916381836
72,0.0009845077292993665,-0.59932541847229,-0.3083781599998474,0.15068207681179047,-0.4747370183467865,-0.13785327970981598,0.3062630593776703,-0.6597421169281006,-0.20294973254203796,-0.17164529860019684,-0.45389649271965027,-0.16206303238868713,-0.3722768723964691,-0.5995957851409912,-0.22592951357364655,0.36708512902259827,-0.8949265480041504,-0.26889681816101074,-0.39783143997192383,-0.8498550653457642,-0.2763434946537018,0.11953043192625046,-0.001006246660836041,0.008533911779522896,-0.11955273896455765,0.0005020680837333202,-0.006877437233924866,0.24905990064144135,0.0743972659111023,-0.3460419774055481,-0.3080101013183594,0.016189921647310257,-0.35817116498947144,0.16572369635105133,0.33445197343826294,-0.1597442477941513,-0.20589716732501984,0.3315318524837494,-0.18509070575237274
73,-0.0019085484091192484,-0.5986648201942444,-0.30889829993247986,0.14926907420158386,-0.47455140948295593,-0.13599155843257904,0.3024078905582428,-0.6600504517555237,-0.18717846274375916,-0.17430543899536133,-0.4552617073059082,-0.16167552769184113,-0.37125837802886963,-0.6032103896141052,-0.21967008709907532,0.3810671269893646,-0.890284538269043,-0.24524269998073578,-0.39670127630233765,-0.8538176417350769,-0.26260650157928467,0.12046258896589279,-0.0012840222334489226,0.008892040699720383,-0.12046098709106445,0.0007691462524235249,-0.007193870842456818,0.23757138848304749,0.07717952877283096,-0.3568441569805145,-0.30107808113098145,0.03124212846159935,-0.3688753843307495,0.15076003968715668,0.3512645363807678,-0.15722502768039703,-0.19542866945266724,0.33595436811447144,-0.17935647070407867
74,-0.003182792104780674,-0.5822016596794128,-0.3342658281326294,0.1426541656255722,-0.46776849031448364,-0.15078629553318024,0.27451738715171814,-0.6600472927093506,-0.20081335306167603,-0.17436794936656952,-0.451861709356308,-0.1844971477985382,-0.3644862771034241,-0.599846363067627,-0.2500952482223511,0.3693069517612457,-0.8909595012664795,-0.26028725504875183,-0.3829974830150604,-0.8473902344703674,-0.29752418398857117,0.12053479999303818,-0.001700961496680975,0.009221281856298447,-0.12054084986448288,0.00118313601706177,-0.007501332554966211,0.23674066364765167,0.10871859639883041,-0.3562266528606415,-0.30164429545402527,0.056123606860637665,-0.36877697706222534,0.15962821245193481,0.36777329444885254,-0.150161013007164,-0.19620122015476227,0.3750583231449127,-0.17743441462516785
75,0.001682056812569499,-0.579905092716217,-0.33987435698509216,0.14284010231494904,-0.46364131569862366,-0.1555272936820984,0.27752766013145447,-0.6565499305725098,-0.20848031342029572,-0.17167271673679352,-0.45183172821998596,-0.19469967484474182,-0.3447073996067047,-0.6012579798698425,-0.25875037908554077,0.3737466335296631,-0.883962094783783,-0.26698869466781616,-0.36468201875686646,-0.8475438952445984,-0.2986956536769867,0.12099280208349228,-0.0017143302829936147,0.009709293022751808,-0.12100644409656525,0.0011954177170991898,-0.007933166809380054,0.21940572559833527,0.12936291098594666,-0.36907535791397095,-0.29184308648109436,0.052127327769994736,-0.37052232027053833,0.15929532051086426,0.3799421191215515,-0.14878982305526733,-0.1976245641708374,0.37574756145477295,-0.1745765060186386
76,0.0032629487104713917,-0.5803190469741821,-0.34249818325042725,0.14090317487716675,-0.46357178688049316,-0.1600034534931183,0.26816946268081665,-0.6613568067550659,-0.21294429898262024,-0.17152640223503113,-0.4517994821071625,-0.20050272345542908,-0.34307700395584106,-0.5998553037643433,-0.2630089819431305,0.3607131242752075,-0.8958851099014282,-0.27020934224128723,-0.3603247106075287,-0.8459048271179199,-0.302910715341568,0.12128167599439621,-0.0014247230719774961,0.00995516125112772,-0.12130146473646164,0.0009092193795368075,-0.008152121677994728,0.21169276535511017,0.17636525630950928,-0.368669331073761,-0.28436121344566345,0.06332395225763321,-0.366077184677124,0.16115045547485352,0.41536208987236023,-0.13564026355743408,-0.19948598742485046,0.39850860834121704,-0.16241265833377838
77,0.0031589625868946314,-0.5808853507041931,-0.35084396600723267,0.14287076890468597,-0.46192795038223267,-0.16827592253684998,0.2678825259208679,-0.6594504117965698,-0.2291812151670456,-0.16786368191242218,-0.4545774459838867,-0.2039852887392044,-0.34031549096107483,-0.6044883728027344,-0.2692192494869232,0.3539145886898041,-0.8960291743278503,-0.29261332750320435,-0.35804063081741333,-0.8468833565711975,-0.31151121854782104,0.1213819831609726,-0.001339245936833322,0.010019405744969845,-0.12142235785722733,0.0008328424883075058,-0.00821712613105774,0.20978060364723206,0.20566749572753906,-0.35416409373283386,-0.27251625061035156,0.09806858003139496,-0.3589044511318207,0.17326843738555908,0.45228511095046997,-0.1283373236656189,-0.19923561811447144,0.43286389112472534,-0.15436965227127075
78,-0.0063967290334403515,-0.5878004431724548,-0.3500102758407593,0.13966475427150726,-0.46347376704216003,-0.16731639206409454,0.2564913034439087,-0.6670649647712708,-0.22852259874343872,-0.1715589016675949,-0.45454466342926025,-0.19957256317138672,-0.34514564275741577,-0.604454517364502,-0.26386961340904236,0.33236512541770935,-0.9088557958602905,-0.28964582085609436,-0.3712066411972046,-0.8477360010147095,-0.30898401141166687,0.12141353636980057,-0.0011958172544836998,0.010324290953576565,-0.12145506590604782,0.0007016801973804832,-0.008555964566767216,0.21094167232513428,0.21520079672336578,-0.3407061994075775,-0.270012766122818,0.11840494722127914,-0.3520680367946625,0.16841638088226318,0.48044735193252563,-0.13008955121040344,-0.19898757338523865,0.46247532963752747,-0.15972356498241425
79,-0.015021516010165215,-0.585527777671814,-0.3637079894542694,0.13974280655384064,-0.4611678123474121,-0.18481042981147766,0.2577444911003113,-0.6669363379478455,-0.2574375569820404,-0.1702694594860077,-0.4537610411643982,-0.20895566046237946,-0.33604368567466736,-0.6044562458992004,-0.2730998396873474,0.3242412805557251,-0.9081130623817444,-0.3202168643474579,-0.36754342913627625,-0.8454589247703552,-0.31908854842185974,0.12133713811635971,-0.0011527956230565906,0.010159825906157494,-0.12139440327882767,0.0006685229018330574,-0.008407682180404663,0.20979593694210052,0.22987374663352966,-0.32732951641082764,-0.2673104405403137,0.139672189950943,-0.3369498550891876,0.16851526498794556,0.5009286403656006,-0.12947362661361694,-0.20024871826171875,0.48435550928115845,-0.15051425993442535
80,-0.016006695106625557,-0.5894404649734497,-0.361834853887558,0.1406468003988266,-0.4622083008289337,-0.18225228786468506,0.2627643942832947,-0.676044762134552,-0.2518403232097626,-0.170193150639534,-0.4544677734375,-0.20523786544799805,-0.33636265993118286,-0.6130561828613281,-0.26916930079460144,0.3231872618198395,-0.9182659387588501,-0.3132769465446472,-0.3671480119228363,-0.8550127744674683,-0.3146090805530548,0.12118314206600189,-0.0012723092222586274,0.010159597732126713,-0.12125594913959503,0.0008090927731245756,-0.008425691165030003,0.21015042066574097,0.22135822474956512,-0.3266987204551697,-0.25715890526771545,0.1533939242362976,-0.3355486989021301,0.1697857677936554,0.5104277729988098,-0.13011407852172852,-0.19594047963619232,0.49483993649482727,-0.15056002140045166
81,-0.01594269834458828,-0.5905247926712036,-0.3608661890029907,0.14147140085697174,-0.46287801861763,-0.18187959492206573,0.2659498155117035,-0.686454176902771,-0.24948890507221222,-0.16914795339107513,-0.4555816352367401,-0.20490652322769165,-0.3347671329975128,-0.6222866773605347,-0.26885658502578735,0.3244132697582245,-0.9298757910728455,-0.31011253595352173,-0.35876744985580444,-0.8631631731987,-0.3136533200740814,0.12103679776191711,-0.0013077091425657272,0.010185766965150833,-0.12113717943429947,0.0008561874856241047,-0.008474128320813179,0.2100127786397934,0.23741476237773895,-0.3145727813243866,-0.249295175075531,0.17103418707847595,-0.32831957936286926,0.16854241490364075,0.5350349545478821,-0.12244630604982376,-0.19009968638420105,0.5125507116317749,-0.14594008028507233
82,-0.01963997259736061,-0.5911558866500854,-0.36339786648750305,0.1417151540517807,-0.46313390135765076,-0.18679523468017578,0.2679210603237152,-0.6886435747146606,-0.2550852596759796,-0.16866807639598846,-0.45584380626678467,-0.20765085518360138,-0.33178406953811646,-0.627200722694397,-0.2714533507823944,0.3202873170375824,-0.9289195537567139,-0.3116919994354248,-0.3554598093032837,-0.8659976720809937,-0.3146302103996277,0.12079732865095139,-0.001395727857016027,0.009972438216209412,-0.12093985080718994,0.000961756450124085,-0.008321626111865044,0.20661938190460205,0.25151902437210083,-0.30442503094673157,-0.24421487748622894,0.19255977869033813,-0.31784340739250183,0.16754871606826782,0.5494070053100586,-0.11060705780982971,-0.18590222299098969,0.5309158563613892,-0.13507093489170074
83,-0.019352160394191742,-0.593490481376648,-0.36285334825515747,0.14216271042823792,-0.46549373865127563,-0.18646642565727234,0.26873400807380676,-0.6963523030281067,-0.25374695658683777,-0.16860543191432953,-0.4576304256916046,-0.2058659940958023,-0.33183547854423523,-0.6360689997673035,-0.27110719680786133,0.31832993030548096,-0.9339709877967834,-0.3125160038471222,-0.3465920686721802,-0.8719382882118225,-0.3127557635307312,0.1205909252166748,-0.0015089898370206356,0.010048766620457172,-0.1207478791475296,0.0010921695502474904,-0.008432797156274319,0.2016780972480774,0.25681936740875244,-0.30724188685417175,-0.23631484806537628,0.20631924271583557,-0.3183489441871643,0.16409698128700256,0.5687447786331177,-0.1232723519206047,-0.17856381833553314,0.5476620197296143,-0.13656756281852722
84,-0.022695742547512054,-0.6128905415534973,-0.31862154603004456,0.14199495315551758,-0.4766402542591095,-0.150871142745018,0.2704257369041443,-0.7033182382583618,-0.21132929623126984,-0.17228356003761292,-0.46726128458976746,-0.16635650396347046,-0.3328693211078644,-0.6512414813041687,-0.23433342576026917,0.30829161405563354,-0.935968816280365,-0.26450610160827637,-0.3468092083930969,-0.9012725949287415,-0.27060601115226746,0.1203131377696991,-0.0017715198919177055,0.010060844011604786,-0.12049903720617294,0.001391944126226008,-0.008481140248477459,0.19565564393997192,0.2709217071533203,-0.2982844412326813,-0.22961127758026123,0.23514296114444733,-0.30606070160865784,0.1577174812555313,0.5959785580635071,-0.1236005499958992,-0.17318937182426453,0.5775483846664429,-0.1391836702823639
85,-0.03199996054172516,-0.6218076944351196,-0.3222416043281555,0.1369050145149231,-0.4854820966720581,-0.15377485752105713,0.2556176483631134,-0.7196474075317383,-0.21643273532390594,-0.1752960979938507,-0.4714612066745758,-0.169261172413826,-0.33882376551628113,-0.6552345752716064,-0.23852138221263885,0.2920520007610321,-0.9489496946334839,-0.27141159772872925,-0.3483537435531616,-0.8956099152565002,-0.2764816880226135,0.11955047398805618,-0.0022656498476862907,0.009618655778467655,-0.1198071613907814,0.0019129333086311817,-0.008109919726848602,0.1854211837053299,0.2932708263397217,-0.2562348246574402,-0.23163524270057678,0.2702118456363678,-0.25108060240745544,0.15618985891342163,0.6203303337097168,-0.0910162404179573,-0.18350940942764282,0.6126450300216675,-0.10188174992799759
86,-0.034185878932476044,-0.6196306943893433,-0.3256903886795044,0.13571934401988983,-0.4853212535381317,-0.15618771314620972,0.25476139783859253,-0.7175702452659607,-0.22085171937942505,-0.17542770504951477,-0.47112634778022766,-0.17069196701049805,-0.33880171179771423,-0.6528419256210327,-0.2429211437702179,0.2903597950935364,-0.9471194744110107,-0.2766249477863312,-0.34798160195350647,-0.8949059247970581,-0.28672757744789124,0.11904852837324142,-0.0024084094911813736,0.0095513379201293,-0.1193494126200676,0.002062759129330516,-0.00806853175163269,0.17747393250465393,0.3047071695327759,-0.24151290953159332,-0.22441990673542023,0.2739807069301605,-0.24405109882354736,0.15617448091506958,0.6341755986213684,-0.08361424505710602,-0.18354299664497375,0.620458722114563,-0.09998446702957153
87,-0.03241285681724548,-0.6185283064842224,-0.3322800099849701,0.13592039048671722,-0.4850885272026062,-0.1636347472667694,0.2542196810245514,-0.7158933877944946,-0.23469512164592743,-0.1736089289188385,-0.4708757698535919,-0.17432284355163574,-0.33618995547294617,-0.6536495089530945,-0.25241193175315857,0.28592929244041443,-0.94364333152771,-0.2918807566165924,-0.3445352017879486,-0.8923295140266418,-0.29904571175575256,0.11831308156251907,-0.002557049971073866,0.009446965530514717,-0.11865163594484329,0.0022165062837302685,-0.007995245046913624,0.1718292236328125,0.3188602030277252,-0.21512794494628906,-0.21821129322052002,0.29428476095199585,-0.223177969455719,0.15621362626552582,0.6500309705734253,-0.06149408593773842,-0.1826268583536148,0.6382200717926025,-0.08448396623134613
88,-0.030078290030360222,-0.619062066078186,-0.3332081139087677,0.1355905383825302,-0.4865776300430298,-0.16388066112995148,0.24360476434230804,-0.7188107967376709,-0.23886467516422272,-0.17231597006320953,-0.47469502687454224,-0.17548099160194397,-0.3318316638469696,-0.6622089743614197,-0.2616618275642395,0.2790449857711792,-0.9456112384796143,-0.3003620207309723,-0.33662858605384827,-0.8932831287384033,-0.3130050301551819,0.11733243614435196,-0.002649058122187853,0.009295307099819183,-0.11770864576101303,0.0023082431871443987,-0.007882939651608467,0.16979390382766724,0.33294999599456787,-0.17528106272220612,-0.21700114011764526,0.31379184126853943,-0.19165343046188354,0.15612418949604034,0.6719319224357605,-0.032134708017110825,-0.18264299631118774,0.6565382480621338,-0.05578730255365372
89,-0.029846452176570892,-0.6188100576400757,-0.3394804894924164,0.13440608978271484,-0.48679259419441223,-0.1671607345342636,0.24155111610889435,-0.7200303673744202,-0.24318240582942963,-0.172556534409523,-0.4748910665512085,-0.1853443831205368,-0.33016741275787354,-0.6658687591552734,-0.27180877327919006,0.2766302824020386,-0.9454079270362854,-0.3056528866291046,-0.3327237069606781,-0.896287202835083,-0.32137277722358704,0.11665213108062744,-0.002715656766667962,0.00928678922355175,-0.11705320328474045,0.002367420354858041,-0.007894232869148254,0.16842074692249298,0.3487338423728943,-0.13342444598674774,-0.20727606117725372,0.3283931612968445,-0.1630793660879135,0.15653002262115479,0.6906419396400452,0.011584606021642685,-0.17947612702846527,0.6676990389823914,-0.017650747671723366
90,-0.029719781130552292,-0.6186192631721497,-0.33813899755477905,0.13359665870666504,-0.48956140875816345,-0.1632184386253357,0.24098090827465057,-0.7212258577346802,-0.2261575162410736,-0.17251554131507874,-0.47857987880706787,-0.18345460295677185,-0.3277718126773834,-0.6682181358337402,-0.2573780119419098,0.2758203446865082,-0.9474931955337524,-0.2843291461467743,-0.3317110240459442,-0.8976913690567017,-0.3071138560771942,0.11529207974672318,-0.0027547539211809635,0.009292270056903362,-0.11572146415710449,0.0024053941015154123,-0.007933156564831734,0.1685245931148529,0.35981377959251404,-0.08035024255514145,-0.1847429871559143,0.3431013822555542,-0.12258751690387726,0.15712673962116241,0.7147538065910339,0.04217517748475075,-0.1735888570547104,0.6925958395004272,0.014664052054286003
91,-0.029680712148547173,-0.6250426769256592,-0.3369033634662628,0.12870904803276062,-0.4987764060497284,-0.15664084255695343,0.23273231089115143,-0.7299425601959229,-0.20629054307937622,-0.17265106737613678,-0.4835834503173828,-0.18563833832740784,-0.32197535037994385,-0.6719813942909241,-0.263882577419281,0.27393269538879395,-0.9546618461608887,-0.2657609283924103,-0.3285028338432312,-0.8978836536407471,-0.31540870666503906,0.11451591551303864,-0.0028295505326241255,0.009511460550129414,-0.1149899959564209,0.002471136162057519,-0.0082387151196599,0.1637634038925171,0.3680746555328369,-0.05241038650274277,-0.17309898138046265,0.3543110191822052,-0.0983545333147049,0.1607055515050888,0.7139938473701477,0.08152012526988983,-0.1604129523038864,0.7017936706542969,0.04501213878393173
92,-0.026400255039334297,-0.6260356903076172,-0.33671143651008606,0.1288115233182907,-0.5005534887313843,-0.1553073525428772,0.23055505752563477,-0.7296236753463745,-0.2100815325975418,-0.17096100747585297,-0.48521408438682556,-0.18925954401493073,-0.31290745735168457,-0.6673030257225037,-0.29498201608657837,0.2717759907245636,-0.950631856918335,-0.2813338041305542,-0.31549346446990967,-0.8841965794563293,-0.3812441825866699,0.11408296227455139,-0.0029792122077196836,0.009952583350241184,-0.1145719662308693,0.002600091975182295,-0.008742894046008587,0.1507284790277481,0.3842848539352417,-0.00807251501828432,-0.15356296300888062,0.367305189371109,-0.05759324133396149,0.16483932733535767,0.7217511534690857,0.1348140835762024,-0.14079485833644867,0.7140107750892639,0.09333878010511398
93,-0.026411399245262146,-0.6313346028327942,-0.33265364170074463,0.1285816878080368,-0.5029531717300415,-0.15373088419437408,0.22917401790618896,-0.7287667989730835,-0.2102576345205307,-0.1707770824432373,-0.48744910955429077,-0.1889556497335434,-0.30921676754951477,-0.6670189499855042,-0.29604604840278625,0.27150633931159973,-0.9507710337638855,-0.28046756982803345,-0.3142506182193756,-0.8832139372825623,-0.38475263118743896,0.11377347260713577,-0.003065649652853608,0.009964074939489365,-0.11426544189453125,0.0026748143136501312,-0.008761750534176826,0.14252716302871704,0.3930813670158386,0.0005624231416732073,-0.1500573307275772,0.37092459201812744,-0.051642172038555145,0.1647101491689682,0.7282577753067017,0.14757050573825836,-0.1366485208272934,0.7199816703796387,0.10243579000234604
94,-0.02301616035401821,-0.6308935284614563,-0.33339637517929077,0.12904249131679535,-0.5026993751525879,-0.15535862743854523,0.22840341925621033,-0.7255058288574219,-0.21119411289691925,-0.16820478439331055,-0.4875583350658417,-0.18897385895252228,-0.30889707803726196,-0.6616215705871582,-0.29404568672180176,0.27173393964767456,-0.9496433734893799,-0.28360632061958313,-0.31384900212287903,-0.8736433982849121,-0.3872305750846863,0.11359061300754547,-0.003292219014838338,0.009598015807569027,-0.11409136652946472,0.0028704216238111258,-0.008418870158493519,0.1347772181034088,0.39922741055488586,0.0052287583239376545,-0.14594881236553192,0.3787650465965271,-0.033059168606996536,0.16468819975852966,0.7327867150306702,0.1480518877506256,-0.134538471698761,0.7315007448196411,0.1116485595703125
95,-0.023965442553162575,-0.6311471462249756,-0.32577037811279297,0.12915582954883575,-0.503277599811554,-0.15504349768161774,0.22868669033050537,-0.7252152562141418,-0.21195602416992188,-0.16819779574871063,-0.4920063614845276,-0.1705106645822525,-0.30837905406951904,-0.6637409925460815,-0.2605730891227722,0.27317512035369873,-0.9500895738601685,-0.28454187512397766,-0.3142852783203125,-0.8744813799858093,-0.36649370193481445,0.11330457776784897,-0.0033384410198777914,0.005625379271805286,-0.11379343271255493,0.002914066892117262,-0.004483781289309263,0.12939487397670746,0.40305304527282715,0.0073159122839570045,-0.14524902403354645,0.38216763734817505,-0.012227273546159267,0.16805610060691833,0.7352691888809204,0.14353713393211365,-0.1348019540309906,0.7369602918624878,0.12570078670978546
96,-0.01706664450466633,-0.6335592269897461,-0.274608850479126,0.13317051529884338,-0.5131700038909912,-0.10731829702854156,0.23246978223323822,-0.7352015972137451,-0.1495957225561142,-0.1642560511827469,-0.5023840665817261,-0.1152125746011734,-0.30783766508102417,-0.6722122430801392,-0.17647559940814972,0.2763967514038086,-0.9617617726325989,-0.21323718130588531,-0.30288219451904297,-0.8893672227859497,-0.2497188150882721,0.11292403191328049,-0.0029259100556373596,0.0007367504294961691,-0.11338073760271072,0.002455994253978133,0.000334873388055712,0.11374419182538986,0.4089597165584564,0.010920178145170212,-0.14109747111797333,0.38878342509269714,0.015632128342986107,0.16308143734931946,0.745624303817749,0.14527922868728638,-0.1347738802433014,0.7398679852485657,0.14865773916244507
97,-0.019201157614588737,-0.6333509087562561,-0.29529884457588196,0.1308562010526657,-0.5125046372413635,-0.13367010653018951,0.23019206523895264,-0.7343423366546631,-0.1857486069202423,-0.16496877372264862,-0.5015965700149536,-0.12811054289340973,-0.3079419732093811,-0.6727906465530396,-0.18434633314609528,0.2763541042804718,-0.9609658718109131,-0.2554272413253784,-0.3038429021835327,-0.8886627554893494,-0.27488887310028076,0.11243946105241776,-0.0028633333276957273,-0.0001982748945010826,-0.11286874115467072,0.002379205310717225,0.001281685777939856,0.10937855392694473,0.41129136085510254,0.014626744203269482,-0.13871262967586517,0.39186280965805054,0.02370614744722843,0.16304463148117065,0.7488968968391418,0.14162328839302063,-0.13491302728652954,0.7433890700340271,0.15390656888484955
98,-0.01852690987288952,-0.6355430483818054,-0.2871408462524414,0.1309504508972168,-0.5167253017425537,-0.11828838288784027,0.2258046269416809,-0.7376786470413208,-0.16008546948432922,-0.16186493635177612,-0.5048803091049194,-0.12954211235046387,-0.3056948482990265,-0.6728634238243103,-0.1985890418291092,0.2756570279598236,-0.9623226523399353,-0.22902415692806244,-0.3032914996147156,-0.8884550333023071,-0.2841688096523285,0.11214062571525574,-0.002788577461615205,-0.00011697039008140564,-0.11256247758865356,0.0022907142993062735,0.001193433185108006,0.1113523468375206,0.4107759892940521,0.018709585070610046,-0.12974311411380768,0.39410924911499023,0.021771972998976707,0.16278424859046936,0.7500654458999634,0.14413423836231232,-0.12928803265094757,0.7472143173217773,0.14859631657600403
99,-0.01709272898733616,-0.6331074833869934,-0.3150174021720886,0.13074621558189392,-0.5140812993049622,-0.14197924733161926,0.2260112464427948,-0.7358033061027527,-0.18376582860946655,-0.1619516760110855,-0.5036094188690186,-0.16064684092998505,-0.30580976605415344,-0.6719633936882019,-0.2414093166589737,0.2783564627170563,-0.9615088105201721,-0.24808849394321442,-0.2995859384536743,-0.8876016736030579,-0.3266506791114807,0.11190328747034073,-0.002604198409244418,-4.122085101698758e-06,-0.1123122125864029,0.002091309754177928,0.0010827984660863876,0.10922554135322571,0.41265353560447693,0.020357726141810417,-0.12875202298164368,0.3942490220069885,0.024635663256049156,0.16267763078212738,0.7508543133735657,0.14670264720916748,-0.12982560694217682,0.7459035515785217,0.15566685795783997
100,-0.00544024258852005,-0.630684494972229,-0.317129522562027,0.13362078368663788,-0.5131649971008301,-0.14191138744354248,0.22615954279899597,-0.7351207137107849,-0.18394215404987335,-0.15641678869724274,-0.503092885017395,-0.1648104041814804,-0.2972956895828247,-0.667467474937439,-0.25463414192199707,0.27891677618026733,-0.9612233638763428,-0.24936729669570923,-0.2938527762889862,-0.8871250152587891,-0.3481503427028656,0.11182524263858795,-0.002598737832158804,0.00045722885988652706,-0.11223459243774414,0.0020819525234401226,0.0006101972539909184,0.11027897149324417,0.41206949949264526,0.018716081976890564,-0.1241796612739563,0.3945445418357849,0.021963102743029594,0.1651257872581482,0.7499958872795105,0.1497681885957718,-0.12203475087881088,0.7449177503585815,0.155558243393898
101,-0.006268370430916548,-0.6310160160064697,-0.31627845764160156,0.13421854376792908,-0.5129338502883911,-0.14119578897953033,0.2297295182943344,-0.7348529696464539,-0.18263763189315796,-0.1557687371969223,-0.5030129551887512,-0.16332386434078217,-0.29679617285728455,-0.6679381132125854,-0.24640418589115143,0.28016844391822815,-0.9611117243766785,-0.24757511913776398,-0.2916918694972992,-0.8869237899780273,-0.33440861105918884,0.11155364662408829,-0.002386646345257759,0.0005469590541906655,-0.11195677518844604,0.0018570044776424766,0.0005201952299103141,0.11027354001998901,0.411971777677536,0.021325649693608284,-0.12394456565380096,0.39407604932785034,0.02392221800982952,0.1644115447998047,0.7498975992202759,0.14888562262058258,-0.12245507538318634,0.7446239590644836,0.15489108860492706
102,-0.006850054953247309,-0.6314932703971863,-0.31578466296195984,0.13468648493289948,-0.512759268283844,-0.14202482998371124,0.2315501719713211,-0.7344080805778503,-0.1835816502571106,-0.15579843521118164,-0.5029552578926086,-0.15723402798175812,-0.2969636917114258,-0.6693736910820007,-0.2234925776720047,0.2805054783821106,-0.9601172804832458,-0.24812616407871246,-0.2898692488670349,-0.8890365362167358,-0.30245348811149597,0.11143343895673752,-0.0023576091043651104,6.220286741154268e-05,-0.11183367669582367,0.0018232400761917233,0.001002054545097053,0.11052241921424866,0.4121944308280945,0.02043287083506584,-0.1231088787317276,0.39448636770248413,0.02600046806037426,0.1648731827735901,0.7512497901916504,0.14494872093200684,-0.12270718812942505,0.7453937530517578,0.15430670976638794
103,-0.005158644635230303,-0.6313942074775696,-0.3142728805541992,0.13540025055408478,-0.5125053524971008,-0.13787062466144562,0.23405224084854126,-0.7333375811576843,-0.1743158996105194,-0.15505284070968628,-0.503456175327301,-0.15495075285434723,-0.29712986946105957,-0.670376718044281,-0.2194129079580307,0.28700363636016846,-0.9566372036933899,-0.24023985862731934,-0.2895030081272125,-0.8906832933425903,-0.29869529604911804,0.11124750971794128,-0.0022839135490357876,-1.7166961697512306e-05,-0.1116468608379364,0.0017412640154361725,0.00107596127782017,0.10972799360752106,0.41261664032936096,0.019965531304478645,-0.12125777453184128,0.3950689733028412,0.026639483869075775,0.16496695578098297,0.7525719404220581,0.14054594933986664,-0.12262863665819168,0.745984673500061,0.15360039472579956
104,-0.002306494629010558,-0.6305288076400757,-0.3145783841609955,0.13658776879310608,-0.5107933282852173,-0.13756141066551208,0.23477409780025482,-0.7295999526977539,-0.1746380478143692,-0.15415509045124054,-0.5031907558441162,-0.1560763716697693,-0.29654523730278015,-0.6686397194862366,-0.23103761672973633,0.2890309989452362,-0.9540602564811707,-0.24104133248329163,-0.2882331311702728,-0.8884106874465942,-0.3232344090938568,0.11117804795503616,-0.002254512393847108,0.00012613397848326713,-0.11157581955194473,0.0017072163755074143,0.0009316655923612416,0.10986008495092392,0.4130733013153076,0.01968155801296234,-0.12152065336704254,0.39521080255508423,0.025986289605498314,0.16673201322555542,0.7535014748573303,0.13917164504528046,-0.1241961419582367,0.7466529607772827,0.15330004692077637
105,-0.00229582074098289,-0.6297413110733032,-0.3146131932735443,0.13706612586975098,-0.5092063546180725,-0.13764189183712006,0.2349230945110321,-0.7270715236663818,-0.17495974898338318,-0.15364424884319305,-0.5016400814056396,-0.15597712993621826,-0.2967624068260193,-0.6638939380645752,-0.23336198925971985,0.29047900438308716,-0.9531124830245972,-0.24297063052654266,-0.28921064734458923,-0.8849053978919983,-0.3309202790260315,0.11110936850309372,-0.002237693639472127,0.00015248222916852683,-0.11150707304477692,0.001687056035734713,0.0009049131185747683,0.10993345081806183,0.4131823182106018,0.01922372169792652,-0.1216861829161644,0.39544153213500977,0.025576964020729065,0.16688907146453857,0.753424882888794,0.13795652985572815,-0.12443719059228897,0.7470845580101013,0.15294113755226135
106,0.0015499093569815159,-0.6259652972221375,-0.3253275454044342,0.138590469956398,-0.5066078305244446,-0.14517027139663696,0.235818013548851,-0.7265495657920837,-0.18469864130020142,-0.15038874745368958,-0.5001451373100281,-0.16919907927513123,-0.29494935274124146,-0.6626756191253662,-0.2538334131240845,0.29137587547302246,-0.9530707597732544,-0.2534857988357544,-0.2871206998825073,-0.883159339427948,-0.3501749634742737,0.11100725084543228,-0.0020871623419225216,0.00042307443800382316,-0.11140459775924683,0.0015283097745850682,0.000643896812107414,0.1099865511059761,0.41342228651046753,0.01866735704243183,-0.12202171981334686,0.3954117000102997,0.025367464870214462,0.16706541180610657,0.7533767223358154,0.13685712218284607,-0.12726782262325287,0.7469968199729919,0.15181434154510498
107,0.0013163051335141063,-0.6266818046569824,-0.31751471757888794,0.13892994821071625,-0.5065242648124695,-0.13942080736160278,0.23633131384849548,-0.7261548042297363,-0.17687110602855682,-0.14962881803512573,-0.5003865361213684,-0.16020259261131287,-0.29393231868743896,-0.6654391884803772,-0.23912861943244934,0.2939525842666626,-0.9519302248954773,-0.24376331269741058,-0.2844043970108032,-0.8854907155036926,-0.3309224843978882,0.11094577610492706,-0.0020595244131982327,0.000553188961930573,-0.11134262382984161,0.0014954141806811094,0.0005166711052879691,0.11137828975915909,0.413406103849411,0.0185012798756361,-0.12220656871795654,0.39525848627090454,0.024229472503066063,0.17646543681621552,0.7500790953636169,0.13848170638084412,-0.12748754024505615,0.7465593814849854,0.15039192140102386
108,0.001681579160504043,-0.6263397932052612,-0.31745317578315735,0.14114317297935486,-0.5045139789581299,-0.14028209447860718,0.24063587188720703,-0.7237258553504944,-0.18261823058128357,-0.1474607288837433,-0.4987107217311859,-0.1602669507265091,-0.28694677352905273,-0.6632095575332642,-0.2426329404115677,0.29423508048057556,-0.9517090916633606,-0.2498500943183899,-0.2808052599430084,-0.8847565650939941,-0.3403589129447937,0.11089072376489639,-0.0020380057394504547,0.0012562471674755216,-0.11128657311201096,0.0014710838440805674,-0.00019113424059469253,0.11192011833190918,0.41371122002601624,0.018358461558818817,-0.12236292660236359,0.39522895216941833,0.01784350909292698,0.17737069725990295,0.7484076023101807,0.14683209359645844,-0.12889549136161804,0.7468710541725159,0.14806348085403442
109,0.0007592575275339186,-0.6263512969017029,-0.31782838702201843,0.14104542136192322,-0.5039334297180176,-0.14120584726333618,0.2426830232143402,-0.7227540612220764,-0.1830635368824005,-0.14767339825630188,-0.4988051652908325,-0.16022036969661713,-0.2872285544872284,-0.6652500629425049,-0.23928888142108917,0.2969788908958435,-0.9489920139312744,-0.24976782500743866,-0.2789049744606018,-0.8854847550392151,-0.329444020986557,0.11082426458597183,-0.0020190426148474216,0.0013914387673139572,-0.11121577769517899,0.0014492971822619438,-0.00031943831709213555,0.11415652930736542,0.41364166140556335,0.018370097503066063,-0.12326245754957199,0.3952009677886963,0.018006805330514908,0.18054980039596558,0.7478606104850769,0.14840854704380035,-0.12987329065799713,0.746789276599884,0.14858931303024292
110,0.0008329815464094281,-0.6248067617416382,-0.3242882192134857,0.14090564846992493,-0.5030807852745056,-0.14333635568618774,0.2417357861995697,-0.7224165201187134,-0.184144988656044,-0.1476799100637436,-0.4955415427684784,-0.17004862427711487,-0.287393718957901,-0.6613448262214661,-0.26071614027023315,0.2967030107975006,-0.947563111782074,-0.25044989585876465,-0.2785038948059082,-0.8824781775474548,-0.3548940420150757,0.11077503114938736,-0.0020211846567690372,0.002944494364783168,-0.11116643249988556,0.0014464908745139837,-0.00185764255002141,0.11444287747144699,0.4145467281341553,0.019539836794137955,-0.12522737681865692,0.3952721059322357,0.01742616854608059,0.17953014373779297,0.7486271262168884,0.14908143877983093,-0.1319107860326767,0.7467617988586426,0.14820276200771332
111,0.0008050150354392827,-0.6249735355377197,-0.3259219825267792,0.14071527123451233,-0.5031404495239258,-0.14362171292304993,0.2414870411157608,-0.7221750020980835,-0.18482238054275513,-0.14787399768829346,-0.4952622056007385,-0.17366285622119904,-0.2876623272895813,-0.6595968008041382,-0.2661196291446686,0.29642364382743835,-0.9460879564285278,-0.2532309293746948,-0.27920809388160706,-0.879355788230896,-0.3619178533554077,0.11074056476354599,-0.0020130849443376064,0.003936964552849531,-0.11113100498914719,0.0014353805454447865,-0.0028306888416409492,0.11378742009401321,0.4158678352832794,0.020132891833782196,-0.1258453130722046,0.39531591534614563,0.01652694307267666,0.17461544275283813,0.7507006525993347,0.14758804440498352,-0.13260993361473083,0.7471384406089783,0.14492009580135345
112,0.0001778568548616022,-0.6254396438598633,-0.3268323540687561,0.14095956087112427,-0.502683162689209,-0.14807520806789398,0.2421007603406906,-0.7209899425506592,-0.19576549530029297,-0.1478905975818634,-0.49528661370277405,-0.17366456985473633,-0.28776320815086365,-0.6604276895523071,-0.26503434777259827,0.29652854800224304,-0.9448996782302856,-0.2645489573478699,-0.28083866834640503,-0.8794006705284119,-0.36159515380859375,0.11071018129587173,-0.001988226780667901,0.004020717926323414,-0.11109961569309235,0.0014080905821174383,-0.0029072165489196777,0.11279735714197159,0.41663774847984314,0.01996980421245098,-0.12623822689056396,0.39530351758003235,0.016352681443095207,0.17168910801410675,0.7515187859535217,0.14678575098514557,-0.13257455825805664,0.7471284866333008,0.14487892389297485
113,-0.0022818846628069878,-0.6254327893257141,-0.32701581716537476,0.1405380815267563,-0.5022079348564148,-0.15058983862400055,0.24088828265666962,-0.7199128866195679,-0.19954639673233032,-0.14905327558517456,-0.49511390924453735,-0.17302294075489044,-0.2893761992454529,-0.6604507565498352,-0.2644825279712677,0.2946590483188629,-0.9444579482078552,-0.26790711283683777,-0.2837050259113312,-0.8791688084602356,-0.3601558804512024,0.11069053411483765,-0.001976981060579419,0.003919669892638922,-0.11107808351516724,0.001394586986862123,-0.0028054688591510057,0.11213133484125137,0.41675472259521484,0.0196734219789505,-0.12706206738948822,0.39519667625427246,0.016817834228277206,0.16786141693592072,0.7513030767440796,0.1471116691827774,-0.13340239226818085,0.7465545535087585,0.14627273380756378
114,-0.0027440902777016163,-0.6254531145095825,-0.32604366540908813,0.14052829146385193,-0.502094030380249,-0.15051674842834473,0.2408951222896576,-0.7198045253753662,-0.2001495361328125,-0.14943628013134003,-0.49509501457214355,-0.17096178233623505,-0.2897469997406006,-0.660301148891449,-0.26411929726600647,0.29405656456947327,-0.9441214799880981,-0.2687895894050598,-0.28561049699783325,-0.8782777190208435,-0.3593553602695465,0.11066913604736328,-0.0019795557018369436,0.0038156306836754084,-0.11105562001466751,0.0013946896651759744,-0.002699814271181822,0.11122946441173553,0.4167986214160919,0.018181247636675835,-0.12760275602340698,0.3952663242816925,0.016692964360117912,0.16688455641269684,0.7514716982841492,0.14460104703903198,-0.13321447372436523,0.7471513152122498,0.14476269483566284
115,-0.0026135810185223818,-0.6217533946037292,-0.333548903465271,0.1404355764389038,-0.4998161196708679,-0.15654076635837555,0.23990803956985474,-0.7185727953910828,-0.20513632893562317,-0.14943721890449524,-0.49355074763298035,-0.17692698538303375,-0.2899153530597687,-0.6591587662696838,-0.2687416672706604,0.29266467690467834,-0.943905234336853,-0.2731786370277405,-0.2854650616645813,-0.8769661784172058,-0.36584386229515076,0.11064426600933075,-0.001940679270774126,0.003750238800421357,-0.11103009432554245,0.0013516552280634642,-0.002631221432238817,0.10902319848537445,0.4173978567123413,0.01753949373960495,-0.12817434966564178,0.3953588008880615,0.01707133650779724,0.16381151974201202,0.7521582245826721,0.14278197288513184,-0.13321955502033234,0.7472424507141113,0.14476193487644196
116,-0.0025686887092888355,-0.621512234210968,-0.3331959843635559,0.14042778313159943,-0.4997662603855133,-0.15628109872341156,0.23958133161067963,-0.7185676097869873,-0.2047596126794815,-0.14962533116340637,-0.49341830611228943,-0.17656533420085907,-0.29170119762420654,-0.6588959693908691,-0.2679316997528076,0.2921809256076813,-0.9438177347183228,-0.27276161313056946,-0.28687024116516113,-0.876788318157196,-0.36517903208732605,0.11062704771757126,-0.0019194192718714476,0.0036753907334059477,-0.11101186275482178,0.0013283183798193932,-0.002555537736043334,0.1073659360408783,0.4176671504974365,0.017184898257255554,-0.12925641238689423,0.3953648507595062,0.017135176807641983,0.16281911730766296,0.7523658871650696,0.14076834917068481,-0.13322387635707855,0.7472819089889526,0.14385463297367096
117,-0.003243687329813838,-0.6223968863487244,-0.32909825444221497,0.1404840648174286,-0.4997948706150055,-0.15550363063812256,0.24035325646400452,-0.7184756994247437,-0.20450246334075928,-0.15020374953746796,-0.49459218978881836,-0.17090240120887756,-0.2918664216995239,-0.6615089178085327,-0.2589263319969177,0.29230356216430664,-0.9433737397193909,-0.2725214958190918,-0.28687313199043274,-0.8778213262557983,-0.35531964898109436,0.11061420291662216,-0.0018946807831525803,0.0027785690035670996,-0.11099773645401001,0.0013018740573897958,-0.0016672593774273992,0.10681558400392532,0.4177025854587555,0.015120445750653744,-0.13017046451568604,0.39536571502685547,0.01860591396689415,0.1628378927707672,0.752511739730835,0.14074599742889404,-0.13313820958137512,0.7467890977859497,0.14706993103027344
118,-0.0028597754426300526,-0.6219965815544128,-0.32968178391456604,0.14046835899353027,-0.4997425079345703,-0.15534773468971252,0.23891952633857727,-0.7187026739120483,-0.20397360622882843,-0.15023867785930634,-0.4939884543418884,-0.1719745397567749,-0.29219409823417664,-0.6613473892211914,-0.2605864703655243,0.2907320559024811,-0.9437001347541809,-0.27059441804885864,-0.28671079874038696,-0.8780674934387207,-0.3557722866535187,0.11060129106044769,-0.0019010151736438274,0.0028675859794020653,-0.11098487675189972,0.001305311219766736,-0.0017618186539039016,0.10680435597896576,0.4180932939052582,0.016684390604496002,-0.13011649250984192,0.39554184675216675,0.018583806231617928,0.16249361634254456,0.7525288462638855,0.14480644464492798,-0.1326330155134201,0.7470983862876892,0.14721758663654327
