FrameNo,head_x,head_y,head_z,left_shoulder_x,left_shoulder_y,left_shoulder_z,left_elbow_x,left_elbow_y,left_elbow_z,right_shoulder_x,right_shoulder_y,right_shoulder_z,right_elbow_x,right_elbow_y,right_elbow_z,left_hand_x,left_hand_y,left_hand_z,right_hand_x,right_hand_y,right_hand_z,left_hip_x,left_hip_y,left_hip_z,right_hip_x,right_hip_y,right_hip_z,left_knee_x,left_knee_y,left_knee_z,right_knee_x,right_knee_y,right_knee_z,left_foot_x,left_foot_y,left_foot_z,right_foot_x,right_foot_y,right_foot_z,running_video
103,0.547967255115509,0.1648055166006088,-0.3117452561855316,0.5843458771705627,0.232725515961647,-0.1389090269804,0.6149486303329468,0.149767205119133,-0.1558100879192352,0.5156301856040955,0.2293216735124588,-0.1663332879543304,0.4927557408809662,0.1361783146858215,-0.2135486602783203,0.6257791519165039,0.0579140186309814,-0.2094038128852844,0.4805352389812469,0.0390400849282741,-0.2715501189231872,0.5709059238433838,0.4548985064029693,0.0113413194194436,0.5260915160179138,0.4509600698947906,-0.0115242507308721,0.5706128478050232,0.5992563366889954,0.0781436413526535,0.5252498388290405,0.5980208516120911,0.0486720129847526,0.5645253658294678,0.7314026951789856,0.2587703764438629,0.5234128832817078,0.7237154841423035,0.238884299993515,1
104,0.5481382608413696,0.1653102934360504,-0.2939769923686981,0.5843225121498108,0.2331702411174774,-0.1193250864744186,0.6148006319999695,0.1523344367742538,-0.134125605225563,0.5156294703483582,0.2295002788305282,-0.1611855626106262,0.492802232503891,0.1360712051391601,-0.2140407115221023,0.6257811784744263,0.0581867210566997,-0.1937339454889297,0.4805170595645904,0.0386460833251476,-0.2713333666324615,0.570921003818512,0.4551503658294678,0.011969631537795,0.5260943174362183,0.4513801336288452,-0.0121324555948376,0.5709448456764221,0.5995466709136963,0.0788997337222099,0.5252575278282166,0.5982477068901062,0.0484190545976161,0.5652634501457214,0.7319771647453308,0.2566972970962524,0.5234183073043823,0.7244500517845154,0.2364677488803863,1
105,0.5483852624893188,0.1656402647495269,-0.3113588392734527,0.5845949649810791,0.2331589162349701,-0.1322565823793411,0.6150068640708923,0.152348905801773,-0.1519226133823394,0.5157619118690491,0.2300318330526352,-0.1741081625223159,0.4928101301193237,0.1380631625652313,-0.2265724837779998,0.6262266635894775,0.0585429854691028,-0.2138468921184539,0.4809151291847229,0.0414161197841167,-0.2835778295993805,0.5703227519989014,0.4552771747112274,0.0121889179572463,0.5255153775215149,0.4514530897140503,-0.012347680516541,0.5708006024360657,0.5995534062385559,0.078260913491249,0.5254278182983398,0.5953418016433716,0.0419418849050998,0.5660232305526733,0.7336720824241638,0.2503224909305572,0.5234410166740417,0.7245060801506042,0.2228263765573501,1
106,0.5490702986717224,0.166773721575737,-0.3063694536685943,0.584602415561676,0.234606385231018,-0.1262091547250747,0.614700973033905,0.1560799330472946,-0.1381018459796905,0.51577228307724,0.2301941663026809,-0.1747176945209503,0.4929338097572326,0.1382603347301483,-0.2454715073108673,0.6265344619750977,0.059664286673069,-0.191801369190216,0.4810148477554321,0.0423020422458648,-0.3191792070865631,0.5701501369476318,0.4581674039363861,0.0133331678807735,0.5255336165428162,0.4547773003578186,-0.0135032944381237,0.5706246495246887,0.6027684211730957,0.0796936005353927,0.5252018570899963,0.5954398512840271,0.0445659048855304,0.5646523833274841,0.733583390712738,0.2590594887733459,0.5232453942298889,0.7247154116630554,0.232047826051712,1
107,0.5491009950637817,0.1699874252080917,-0.3078191578388214,0.5846270322799683,0.2367657721042633,-0.1279737502336502,0.6145162582397461,0.1586759686470031,-0.1468390077352523,0.5159059166908264,0.2316520661115646,-0.1745365560054779,0.4931801259517669,0.138947531580925,-0.2454413473606109,0.6265328526496887,0.0613858960568904,-0.2045963108539581,0.4814576804637909,0.0430431440472602,-0.3212634325027466,0.5701442956924438,0.4601104259490967,0.013271308504045,0.525219202041626,0.4565232098102569,-0.0134438415989279,0.5714473724365234,0.606489360332489,0.0706060975790023,0.5250896215438843,0.5984967947006226,0.0421304069459438,0.5660512447357178,0.7382966876029968,0.2585147321224212,0.5232408046722412,0.7245718240737915,0.2330745905637741,1
108,0.549140214920044,0.1725663393735885,-0.3088907301425934,0.5846428275108337,0.2395562976598739,-0.1355608850717544,0.6146196722984314,0.1597793698310852,-0.1541485786437988,0.5158267617225647,0.2350203692913055,-0.1744889914989471,0.4932397902011871,0.1433183997869491,-0.2296014875173568,0.6262257695198059,0.0615930557250976,-0.2078993618488311,0.4814614057540893,0.0446450337767601,-0.2881462275981903,0.5701439380645752,0.4642620086669922,0.011601629666984,0.525044858455658,0.4604763090610504,-0.0117661328986287,0.5729894042015076,0.6086366772651672,0.0714923366904258,0.5246608257293701,0.6005740761756897,0.0500380992889404,0.5652590990066528,0.7382211685180664,0.2624126672744751,0.5230249762535095,0.7257407903671265,0.2433891743421554,1
109,0.5494229793548584,0.1757612228393554,-0.3221555948257446,0.5847349762916565,0.2406025677919387,-0.1405627429485321,0.6146239042282104,0.160983145236969,-0.1589637547731399,0.5158307552337646,0.237429067492485,-0.1936092376708984,0.4931759238243103,0.1433865576982498,-0.2570056617259979,0.6258523464202881,0.0618030205368995,-0.2168289572000503,0.4811848998069763,0.0444509536027908,-0.310563176870346,0.5702629685401917,0.4667517244815826,0.0149009097367525,0.5251149535179138,0.4641437530517578,-0.0150705520063638,0.5742262005805969,0.6103034019470215,0.0837886705994606,0.524648129940033,0.6048937439918518,0.0493244752287864,0.5651869177818298,0.7383691072463989,0.2738894522190094,0.5229589343070984,0.7307326793670654,0.2406265288591385,1
110,0.5495808124542236,0.1803849339485168,-0.3518909215927124,0.5847813487052917,0.2423794716596603,-0.168295755982399,0.6146036386489868,0.1616826355457306,-0.1921084076166153,0.515901505947113,0.2401841878890991,-0.210003525018692,0.49302738904953,0.149702176451683,-0.2793903648853302,0.6260620355606079,0.062565192580223,-0.2518045604228973,0.4812965989112854,0.0485425740480423,-0.3523110747337341,0.5698902010917664,0.4686890244483948,0.0142841804772615,0.5248796939849854,0.4654195010662079,-0.01445481646806,0.5742628574371338,0.6101672053337097,0.0855710059404373,0.5240805745124817,0.6049820780754089,0.0413167998194694,0.5657007694244385,0.7366311550140381,0.2745498716831207,0.5229535102844238,0.7320486307144165,0.2324016541242599,1
111,0.5496604442596436,0.1834985464811325,-0.3400974869728088,0.5846375226974487,0.2432039380073547,-0.160202607512474,0.614619255065918,0.1633896082639694,-0.1743152141571045,0.5159055590629578,0.2404733449220657,-0.201918289065361,0.493027776479721,0.1493410915136337,-0.2660402357578277,0.6260499358177185,0.0640602335333824,-0.2330649942159652,0.4821030795574188,0.0513158924877643,-0.315337210893631,0.5699411630630493,0.4688708484172821,0.0143400775268673,0.5251076221466064,0.4655505418777466,-0.014505373314023,0.5742405652999878,0.6101024746894836,0.0816250815987587,0.5240853428840637,0.6042386293411255,0.0424255356192588,0.5645878314971924,0.7365970015525818,0.2593317627906799,0.5229523777961731,0.7327963709831238,0.2270226180553436,1
112,0.5496988296508789,0.1875914931297302,-0.3511495888233185,0.584623396396637,0.2470575422048568,-0.1737433820962906,0.6145159006118774,0.1685390025377273,-0.1973338723182678,0.5158068537712097,0.2452043294906616,-0.2094382494688034,0.4929690957069397,0.1582886427640915,-0.2801766097545624,0.6253060698509216,0.06523909419775,-0.249623492360115,0.4820746481418609,0.0557603649795055,-0.3541901707649231,0.5701397061347961,0.46906778216362,0.0141341192647814,0.5251167416572571,0.4666534960269928,-0.0143126752227544,0.575124979019165,0.6099777817726135,0.0793880373239517,0.524280309677124,0.6039324402809143,0.0310191456228494,0.5647801160812378,0.730961799621582,0.2776151597499847,0.5230329036712646,0.7333141565322876,0.2274776101112365,1
113,0.5495631098747253,0.1917028576135635,-0.3493329882621765,0.584604024887085,0.2506631314754486,-0.1745913475751876,0.6139678955078125,0.1735252290964126,-0.2024628967046737,0.5156627893447876,0.2488656491041183,-0.2096348702907562,0.4929428994655609,0.1614406108856201,-0.2891403436660766,0.6246054172515869,0.0685189515352249,-0.2543842196464538,0.4819474518299103,0.0589997693896293,-0.372501790523529,0.5702477097511292,0.4725153744220733,0.0139260627329349,0.5250742435455322,0.4699547290802002,-0.0141101330518722,0.5751469731330872,0.6111344695091248,0.0845332443714141,0.5241817831993103,0.6072426438331604,0.031249301508069,0.5648037195205688,0.7306227087974548,0.2970392405986786,0.5228518843650818,0.7333295345306396,0.2277278155088424,1
114,0.5495548844337463,0.1943516433238983,-0.3763057291507721,0.5846014022827148,0.2531693577766418,-0.1954550445079803,0.6138788461685181,0.1765172630548477,-0.2277759909629821,0.5156462788581848,0.2518485784530639,-0.2312157601118087,0.4928947389125824,0.1685079783201217,-0.3216135799884796,0.6240647435188293,0.0728439018130302,-0.2851900458335876,0.4817778468132019,0.0651286393404007,-0.4219759404659271,0.5700820684432983,0.4738705456256866,0.0137253692373633,0.5251190066337585,0.471549928188324,-0.0139106819406151,0.5744016170501709,0.6105834245681763,0.0921515747904777,0.524185061454773,0.6074641346931458,0.0272317547351121,0.5647236704826355,0.730337381362915,0.2954586744308471,0.5228170156478882,0.7348921298980713,0.2150477468967437,1
115,0.5493887662887573,0.1977672576904297,-0.3779100775718689,0.584721565246582,0.2560539245605469,-0.2002686411142349,0.6138383746147156,0.1792484521865844,-0.2332715094089508,0.515796959400177,0.2560884654521942,-0.2296061515808105,0.4928570091724396,0.1725846529006958,-0.3132837414741516,0.624068558216095,0.0747758671641349,-0.2882827222347259,0.4812739789485931,0.0690243989229202,-0.4084424376487732,0.5701465010643005,0.4760647714138031,0.0132855474948883,0.5252549052238464,0.4741066396236419,-0.0134666776284575,0.5744727849960327,0.6128151416778564,0.094448484480381,0.5240598320960999,0.6099401116371155,0.0266967099159955,0.5644891262054443,0.7313355207443237,0.2919687926769256,0.5227468609809875,0.7384186387062073,0.1997082084417343,1
116,0.5493897199630737,0.2034973204135894,-0.3752364814281463,0.5847217440605164,0.2634258270263672,-0.2029226869344711,0.6134270429611206,0.1858749240636825,-0.2417559027671814,0.5159338712692261,0.2619902193546295,-0.2357631027698516,0.4929140210151672,0.1743731945753097,-0.3279725313186645,0.6220834255218506,0.0850998684763908,-0.2958054542541504,0.4810239672660827,0.0710681527853012,-0.4198790192604065,0.5701501965522766,0.4789924323558807,0.0131192738190293,0.5255287885665894,0.4768365323543548,-0.0132970064878463,0.5743679404258728,0.6127829551696777,0.0862712115049362,0.5239804983139038,0.6101416945457458,0.0178248770534992,0.5639454126358032,0.7318131327629089,0.270351231098175,0.5232416987419128,0.7406901121139526,0.1947914063930511,1
117,0.5493929386138916,0.2144170701503753,-0.4107725322246551,0.5845423340797424,0.2688467800617218,-0.2356104552745819,0.6133069396018982,0.189629927277565,-0.2708898782730102,0.5160852074623108,0.2682288587093353,-0.2603310346603393,0.4929492771625519,0.1810576021671295,-0.3378311693668365,0.621280312538147,0.0896185189485549,-0.3240353167057037,0.4804989993572235,0.0742540210485458,-0.423312097787857,0.570082426071167,0.4823963344097137,0.0109563311561942,0.525536298751831,0.4798685610294342,-0.0111348768696188,0.5742034316062927,0.6137149333953857,0.0830126702785492,0.5240358710289001,0.6101111769676208,0.020310265943408,0.5639493465423584,0.7323537468910217,0.2716498970985412,0.5235247015953064,0.7423977255821228,0.200282797217369,1
118,0.5493116974830627,0.2214382290840149,-0.4043617844581604,0.5842161774635315,0.2755177319049835,-0.2332364916801452,0.6132696866989136,0.1927541196346283,-0.2671379148960113,0.5162044763565063,0.2754018008708954,-0.2551849484443664,0.492984414100647,0.1931326985359192,-0.3290401399135589,0.6211140751838684,0.0921583846211433,-0.3147260546684265,0.4798516035079956,0.0823477357625961,-0.4227149784564972,0.570077121257782,0.489488273859024,0.0093873320147395,0.5255413055419922,0.4870225191116333,-0.0095684807747602,0.5747466683387756,0.6138580441474915,0.0655613616108894,0.5240151882171631,0.6116037368774414,0.0092838844284415,0.5639593005180359,0.7322320342063904,0.2672488987445831,0.5235259532928467,0.7426660656929016,0.1909327954053878,1
119,0.5493032336235046,0.2270539253950119,-0.4076310098171234,0.5841706395149231,0.2820906937122345,-0.2360062599182129,0.61253422498703,0.2012422233819961,-0.2801057696342468,0.516192615032196,0.2842595875263214,-0.2626734673976898,0.4929253160953522,0.2001748532056808,-0.3648000061511993,0.6201093792915344,0.0986596792936325,-0.3301935195922851,0.4799220263957977,0.090371236205101,-0.4703114330768585,0.5699790716171265,0.4931365847587585,0.0096222488209605,0.5255218148231506,0.4902571439743042,-0.0098071070387959,0.5750744342803955,0.6143897175788879,0.0250654760748147,0.5240121483802795,0.6113024950027466,-0.0220926366746425,0.563993513584137,0.7353910803794861,0.2129956185817718,0.5237520933151245,0.7439296245574951,0.1606989055871963,1
120,0.5487712025642395,0.2368435859680175,-0.3477861285209656,0.5838979482650757,0.2889536023139953,-0.1846156120300293,0.6123221516609192,0.2070002406835556,-0.2148999720811844,0.5163372159004211,0.2913430631160736,-0.2089979499578476,0.4930166602134704,0.2094189822673797,-0.267253041267395,0.6201412677764893,0.1085393577814102,-0.2686811983585357,0.4801168739795685,0.1046085581183433,-0.3267031610012054,0.5699803829193115,0.4980727136135101,0.0091291973367333,0.525513231754303,0.4972553253173828,-0.0092827966436743,0.5752395391464233,0.6162849068641663,-0.0095244841650128,0.5238246321678162,0.6149114966392517,-0.0219864509999752,0.564022421836853,0.737804651260376,0.170541912317276,0.5240536332130432,0.7439805269241333,0.1528810113668441,1
121,0.5487722754478455,0.2423872500658035,-0.343626469373703,0.5837898850440979,0.2945077121257782,-0.1870016008615493,0.6113161444664001,0.2150606215000152,-0.2254632413387298,0.5170820951461792,0.2993103563785553,-0.2092320770025253,0.4934383034706116,0.2174648493528366,-0.2908326089382171,0.6199035048484802,0.1166525185108184,-0.2800188064575195,0.4800518453121185,0.1113843247294426,-0.359835535287857,0.5698454976081848,0.5029727220535278,0.008590618148446,0.5256836414337158,0.5014165043830872,-0.0087460642680525,0.5747725963592529,0.6163862347602844,-0.0460286885499954,0.523382306098938,0.6152524352073669,-0.0535347126424312,0.5637678503990173,0.7390444874763489,0.1338880360126495,0.5240420699119568,0.744776725769043,0.1193427890539169,1
122,0.5487711429595947,0.2513918876647949,-0.3543745279312134,0.5830076932907104,0.302414983510971,-0.1923025548458099,0.6099711656570435,0.2266536056995391,-0.2283069640398025,0.5163177847862244,0.3047601282596588,-0.2163639962673187,0.4935925900936126,0.2215116918087005,-0.29734668135643,0.6191505789756775,0.1269576698541641,-0.2894660532474518,0.4800521731376648,0.1132234409451484,-0.3730549812316894,0.5699554681777954,0.5064960718154907,0.0085747223347425,0.5258702635765076,0.5053669214248657,-0.0087239108979702,0.5749058127403259,0.6161766052246094,-0.0986388698220253,0.5232774615287781,0.6153906583786011,-0.0876704826951026,0.5635086297988892,0.7393145561218262,0.0728153213858604,0.5242757201194763,0.7446808815002441,0.0871377140283584,1
123,0.5487783551216125,0.257973700761795,-0.3897318542003631,0.5826865434646606,0.3089553117752075,-0.2244381457567215,0.6098252534866333,0.2290882468223571,-0.2718738913536072,0.51701819896698,0.3112426996231079,-0.253392606973648,0.4937626123428345,0.2261751741170883,-0.3302510678768158,0.618524968624115,0.124543622136116,-0.3290952742099762,0.4797948002815246,0.1189508065581321,-0.3980917930603027,0.5702192783355713,0.5110474824905396,0.008769704028964,0.52642422914505,0.5110742449760437,-0.0089073572307825,0.5752708315849304,0.6177475452423096,-0.1123470515012741,0.523192286491394,0.6154898405075073,-0.1331055015325546,0.5635265707969666,0.7403225302696228,0.074849247932434,0.5246597528457642,0.7456334829330444,0.0452622361481189,1
124,0.5484276413917542,0.2688986957073211,-0.3689269125461578,0.5814434289932251,0.3189857900142669,-0.2183162122964859,0.6092503070831299,0.2353785037994384,-0.2688448131084442,0.5170410871505737,0.3201941549777984,-0.2436644434928894,0.4933663010597229,0.2323677390813827,-0.3015219569206238,0.6178297400474548,0.1337712556123733,-0.3165662586688995,0.4796660244464874,0.1266750246286392,-0.3475237786769867,0.5699942708015442,0.5180490016937256,0.0079188467934727,0.5264826416969299,0.5192896723747253,-0.0080299386754632,0.575542151927948,0.6178643107414246,-0.1915609985589981,0.5224935412406921,0.6154636740684509,-0.1794212758541107,0.5637590885162354,0.7406160235404968,-0.01448196452111,0.5245243310928345,0.7445812225341797,-0.0125124845653772,1
125,0.5475943088531494,0.2743690013885498,-0.389626145362854,0.5808107256889343,0.3259863555431366,-0.2386770099401474,0.6088374257087708,0.2481189370155334,-0.2928632199764251,0.517268717288971,0.328319638967514,-0.2579318881034851,0.4928461015224457,0.2425481677055359,-0.3307240307331085,0.6178344488143921,0.1413563191890716,-0.3423376977443695,0.4794291853904724,0.1343435198068618,-0.3909849822521209,0.5686094164848328,0.5266337990760803,0.0055065620690584,0.5265138149261475,0.5248997807502747,-0.0056207873858511,0.5740505456924438,0.6194384694099426,-0.1235816478729248,0.5221439003944397,0.6148145794868469,-0.1387948989868164,0.5637090802192688,0.7404062151908875,0.0409331247210502,0.5245124101638794,0.740780770778656,0.0419592261314392,1
126,0.5464199185371399,0.2821523547172546,-0.3239746689796448,0.5807864665985107,0.3321465253829956,-0.1826989948749542,0.6088525652885437,0.2499401271343231,-0.2316312342882156,0.5172736644744873,0.3351169228553772,-0.1961691230535507,0.4929806888103485,0.2523665428161621,-0.2482995390892028,0.61771160364151,0.1447863131761551,-0.2795376777648926,0.4793340563774109,0.1488218009471893,-0.290147602558136,0.5685571432113647,0.5323100686073303,0.0048124049790203,0.5265305638313293,0.5306981801986694,-0.00488245440647,0.5747632384300232,0.6194528341293335,-0.2567736506462097,0.5215563774108887,0.6150378584861755,-0.2192139625549316,0.563683271408081,0.7403928637504578,-0.10139200091362,0.5243528485298157,0.7408097386360168,-0.0842719301581382,1
127,0.5460296869277954,0.2909172475337982,-0.3154066801071167,0.58077073097229,0.3390953838825226,-0.1674035489559173,0.608834981918335,0.2579416036605835,-0.2174741774797439,0.5174345970153809,0.3431212902069092,-0.1867397725582122,0.4927519261837005,0.2570476531982422,-0.246188148856163,0.6177184581756592,0.1535632312297821,-0.2710621654987335,0.4788121283054352,0.1549295485019683,-0.2897314727306366,0.56806480884552,0.5394558310508728,0.005081386771053,0.5262919068336487,0.5389634966850281,-0.0050979019142687,0.5743753910064697,0.6182827949523926,-0.3140438795089721,0.5212841629981995,0.6122112274169922,-0.2921505272388458,0.5636088848114014,0.74105304479599,-0.1725208014249801,0.5241091847419739,0.7433347702026367,-0.1641880124807357,1
128,0.546059250831604,0.297091007232666,-0.2946391105651855,0.5796664357185364,0.347488522529602,-0.1480816304683685,0.6083003282546997,0.2700298130512237,-0.185548335313797,0.517426609992981,0.3485731780529022,-0.1846471279859542,0.492473691701889,0.2640748918056488,-0.2508066594600677,0.6175825595855713,0.1672618836164474,-0.2402053624391555,0.4788159132003784,0.1600910276174545,-0.290984570980072,0.5669856667518616,0.5445249676704407,0.0076702865771949,0.5260371565818787,0.5425683259963989,-0.0076471222564578,0.572688102722168,0.6179392337799072,-0.2990053296089172,0.5216544270515442,0.611901044845581,-0.2664559185504913,0.5632308125495911,0.7422456741333008,-0.1747310012578964,0.5241068601608276,0.7429877519607544,-0.1506028473377227,1
129,0.5465049147605896,0.3133081793785095,-0.263549268245697,0.5792579054832458,0.3620486557483673,-0.1228876560926437,0.6074736714363098,0.2873594164848327,-0.1626148372888565,0.5172815322875977,0.3638782203197479,-0.1566588133573532,0.4923626184463501,0.2788052260875702,-0.2318600565195083,0.6173385977745056,0.1891096979379654,-0.2128735929727554,0.4787027239799499,0.1821214109659195,-0.2771933674812317,0.5671129822731018,0.5596514940261841,0.0098631670698523,0.5260464549064636,0.5579251646995544,-0.0098297800868749,0.5730444192886353,0.6179303526878357,-0.3373293578624725,0.522678554058075,0.6127175092697144,-0.3045715987682342,0.5634686350822449,0.7425649762153625,-0.1751523464918136,0.5241379141807556,0.7429829835891724,-0.1647521406412124,1
130,0.5464543700218201,0.3228172361850738,-0.2550285160541534,0.5787717700004578,0.3708711266517639,-0.1155137792229652,0.6072626113891602,0.2920802533626556,-0.1584761142730713,0.5172801613807678,0.3706651329994201,-0.1490402817726135,0.4922603070735931,0.2900976240634918,-0.2302533686161041,0.6170545220375061,0.1978337615728378,-0.2108106315135955,0.4786259829998016,0.1902497708797454,-0.2774953842163086,0.5670836567878723,0.5684589743614197,0.0098190139979124,0.5261027812957764,0.5663775205612183,-0.0097987679764628,0.5717887282371521,0.616286039352417,-0.3507591187953949,0.5219396352767944,0.6157938241958618,-0.3075270652770996,0.5634127259254456,0.7435513734817505,-0.204310342669487,0.5238674879074097,0.7462272644042969,-0.1801057010889053,1
131,0.5459235906600952,0.3270080685615539,-0.2701705396175384,0.5787375569343567,0.3773551881313324,-0.1321952044963836,0.6071107387542725,0.3003419935703277,-0.1860883831977844,0.5171012282371521,0.3763113021850586,-0.1543267518281936,0.4922348260879516,0.2949462532997131,-0.2345736920833587,0.6170015335083008,0.2070352584123611,-0.2508421540260315,0.4786160290241241,0.1929383128881454,-0.285300999879837,0.5669369101524353,0.5749639272689819,0.0076003954745829,0.5259621143341064,0.5713321566581726,-0.0075728562660515,0.5710114240646362,0.6191093325614929,-0.3451862335205078,0.5208099484443665,0.6238229274749756,-0.2962654232978821,0.5635164380073547,0.7466312646865845,-0.1918056607246399,0.5242090225219727,0.7511863708496094,-0.1651806831359863,1
132,0.5458945035934448,0.339278370141983,-0.2623270750045776,0.5768025517463684,0.3862040638923645,-0.1210253536701202,0.6068676710128784,0.3071641027927398,-0.162865936756134,0.5165154337882996,0.3838184475898742,-0.1531107872724533,0.4919759929180145,0.3046086430549621,-0.2267196178436279,0.6169297695159912,0.2167107015848159,-0.2124713063240051,0.4786468148231506,0.2038142085075378,-0.2687888741493225,0.5655021667480469,0.5763046741485596,0.0076275751926004,0.5257623791694641,0.5739490985870361,-0.0075961863622069,0.5699244141578674,0.6227543950080872,-0.3523270189762115,0.5204876065254211,0.6248189806938171,-0.3152981698513031,0.5635024309158325,0.7467725276947021,-0.1906431317329406,0.5242880582809448,0.7517216801643372,-0.1802595406770706,1
133,0.5457700490951538,0.3482182323932647,-0.2688614726066589,0.5768316388130188,0.3897254168987274,-0.1268633008003235,0.6067408919334412,0.31203293800354,-0.1780893355607986,0.5165107846260071,0.3901708424091339,-0.1559908241033554,0.4918831884860992,0.3114061653614044,-0.2306037247180938,0.6162932515144348,0.2249888032674789,-0.240165576338768,0.4787053167819977,0.2141934633255005,-0.2734176218509674,0.5655161738395691,0.5856093764305115,0.0063895224593579,0.525782585144043,0.5825303792953491,-0.0063559957779943,0.5700269341468811,0.6295211315155029,-0.3388385772705078,0.5203603506088257,0.6303632259368896,-0.3075762093067169,0.5635010600090027,0.7469723224639893,-0.1573599278926849,0.5242924690246582,0.7522039413452148,-0.1508822441101074,1
134,0.5454655289649963,0.3539736568927765,-0.3094964027404785,0.5770954489707947,0.3956664502620697,-0.1626991778612136,0.6067380905151367,0.317930668592453,-0.2170289605855941,0.5165086388587952,0.3985156118869781,-0.1957753449678421,0.4919668734073639,0.3224364817142486,-0.2729032337665558,0.6161400675773621,0.2294151186943054,-0.276847630739212,0.4787080883979797,0.2234899550676345,-0.319909393787384,0.5655526518821716,0.5864883661270142,0.008040620945394,0.5257083177566528,0.585041880607605,-0.0080067459493875,0.5711575150489807,0.629379153251648,-0.3706670999526977,0.5200679898262024,0.6328833699226379,-0.3379206359386444,0.5633274912834167,0.7470200061798096,-0.2020200341939926,0.5242981314659119,0.7518861293792725,-0.1901974231004715,1
135,0.5452510714530945,0.3605468571186065,-0.3229783177375793,0.5773332715034485,0.4014268219470978,-0.179188385605812,0.6067246794700623,0.324566125869751,-0.2345989048480987,0.5163494944572449,0.4034027755260467,-0.1975203901529312,0.4917863011360168,0.3279648423194885,-0.2723084986209869,0.6160545945167542,0.2312462776899337,-0.2932323515415191,0.4788268208503723,0.2283031046390533,-0.3236640095710754,0.5655639171600342,0.5883846282958984,0.0067679639905691,0.525420069694519,0.5878657102584839,-0.0067556756548583,0.5716402530670166,0.6331537961959839,-0.3302569985389709,0.519962728023529,0.6408108472824097,-0.2926271557807922,0.5632849931716919,0.7457888126373291,-0.1362902075052261,0.5244076251983643,0.7518362402915955,-0.1240193769335746,1
136,0.5452421307563782,0.3670322895050049,-0.312306672334671,0.577642560005188,0.4073559939861297,-0.1691775470972061,0.6067220568656921,0.3322324156761169,-0.2279542237520218,0.5163678526878357,0.4112418591976166,-0.193275973200798,0.4917542040348053,0.3357273638248443,-0.2668127417564392,0.6160967350006104,0.238043263554573,-0.2867457270622253,0.4788151085376739,0.2379465997219085,-0.3171525001525879,0.5660431385040283,0.5951207876205444,0.0067691886797547,0.5253648161888123,0.5940755009651184,-0.006753665395081,0.5721434354782104,0.6351788640022278,-0.3420532941818237,0.5193302035331726,0.6405369639396667,-0.3315428495407104,0.5634939670562744,0.7450911402702332,-0.1523021310567855,0.5242561101913452,0.7518095374107361,-0.1700219362974167,1
137,0.5452340841293335,0.3752464652061462,-0.3102228939533233,0.5778806209564209,0.4152754247188568,-0.1690327823162078,0.6067106127738953,0.3410942256450653,-0.2319062799215316,0.5162128806114197,0.4181955456733703,-0.1939309686422348,0.4917526543140411,0.3406099677085876,-0.2747131884098053,0.6160942316055298,0.2484950572252273,-0.2929761707782745,0.4787921905517578,0.242073968052864,-0.3293909132480621,0.5665348768234253,0.6014154553413391,0.0067724753171205,0.525283694267273,0.6003407835960388,-0.006755469366908,0.5721746683120728,0.6359654664993286,-0.3463361859321594,0.518255889415741,0.6389940977096558,-0.3399084508419037,0.5634437799453735,0.7455732226371765,-0.1577499359846115,0.524102509021759,0.7496770024299622,-0.1755276471376419,1
138,0.5452147722244263,0.3819446563720703,-0.3276946246623993,0.5779114961624146,0.4221091568470001,-0.1819598376750946,0.6066237092018127,0.347958892583847,-0.2473108619451522,0.5160486698150635,0.4239381551742553,-0.2043361216783523,0.4917369484901428,0.3487986028194427,-0.2928199768066406,0.6160212159156799,0.2542232871055603,-0.3146247267723083,0.4787867367267608,0.2495322972536087,-0.3585377931594848,0.5667006373405457,0.606113612651825,0.006621419917792,0.5246391892433167,0.6068328022956848,-0.0066064083948731,0.5739460587501526,0.6352306008338928,-0.3399556279182434,0.5177556276321411,0.6408544778823853,-0.3062700629234314,0.5636522173881531,0.7439025640487671,-0.127798244357109,0.5240996479988098,0.7455567717552185,-0.1219764798879623,1
139,0.5452642440795898,0.3886411786079407,-0.323988139629364,0.5781316161155701,0.4260679483413696,-0.1843173652887344,0.6065893173217773,0.3556144535541534,-0.2548787295818329,0.5160509943962097,0.4285161197185516,-0.2005580067634582,0.4918992817401886,0.355350911617279,-0.2842345237731933,0.616012454032898,0.2620223462581634,-0.3231521248817444,0.4787879288196563,0.2554236948490143,-0.3437695801258087,0.5659545660018921,0.609723687171936,0.0058723306283354,0.5234407186508179,0.6096140146255493,-0.005833645351231,0.5739471316337585,0.6336683630943298,-0.3390266597270965,0.5172328352928162,0.6400730609893799,-0.3159990012645721,0.563567042350769,0.7436515688896179,-0.1385853737592697,0.5232983231544495,0.7451512217521667,-0.1327528357505798,1
140,0.5450456142425537,0.3957347273826599,-0.3485664129257202,0.577843427658081,0.4344993829727173,-0.2064511477947235,0.6062402129173279,0.3644701242446899,-0.2749448418617248,0.5158166289329529,0.4341934025287628,-0.2288816571235656,0.491969496011734,0.3568575978279114,-0.3106123208999634,0.6161487102508545,0.2704911231994629,-0.3415447473526001,0.4790602922439575,0.2589272260665893,-0.3645587563514709,0.5659211277961731,0.6137953996658325,0.0059908377006649,0.5234496593475342,0.6121754050254822,-0.005956248845905,0.5746663808822632,0.6410138607025146,-0.2957154214382171,0.5177204608917236,0.6433895230293274,-0.2923943400382995,0.5637867450714111,0.7437549829483032,-0.0885513052344322,0.5232333540916443,0.744804859161377,-0.1029070168733596,1
141,0.5450321435928345,0.4018283784389496,-0.345080018043518,0.5777313709259033,0.439090222120285,-0.2005826532840728,0.6062344312667847,0.3704662024974823,-0.2601329982280731,0.5155001878738403,0.4387245178222656,-0.2244089692831039,0.491969496011734,0.3634496927261352,-0.3094374537467956,0.6161130666732788,0.277142584323883,-0.3140129446983337,0.4790126085281372,0.266314834356308,-0.3579635620117187,0.5658040642738342,0.6174354553222656,0.005995288491249,0.5233154892921448,0.6154745221138,-0.0059609832242131,0.5746678113937378,0.6403717994689941,-0.3002363443374634,0.5162488222122192,0.6383880972862244,-0.3188078701496124,0.5632935762405396,0.743865430355072,-0.1160927563905716,0.5232671499252319,0.7445915341377258,-0.1428399831056594,1
142,0.5450339913368225,0.4071031212806701,-0.3427394926548004,0.5777665376663208,0.4431566298007965,-0.1942641735076904,0.6063941121101379,0.3748065531253814,-0.2608379423618316,0.5153728127479553,0.4422977566719055,-0.2162760347127914,0.4919619560241699,0.3701651990413666,-0.2990939915180206,0.6160514950752258,0.2803510129451751,-0.3250901997089386,0.4789905250072479,0.2710282504558563,-0.3575689196586609,0.5658078789710999,0.6216080188751221,0.0058893174864351,0.5233135223388672,0.6190014481544495,-0.0058460743166506,0.574035108089447,0.6388025283813477,-0.3415616154670715,0.5156331658363342,0.635375440120697,-0.3340442478656769,0.5631331205368042,0.7429019212722778,-0.1449904590845108,0.5232309103012085,0.7440703511238098,-0.1591127216815948,1
143,0.5450072884559631,0.411942183971405,-0.3383642435073852,0.5774776339530945,0.4480506181716919,-0.1931479573249817,0.6063921451568604,0.3785069584846496,-0.252891331911087,0.515170693397522,0.4486459791660309,-0.2156905233860016,0.4915736317634582,0.371921956539154,-0.2925388216972351,0.6160634756088257,0.2843247950077057,-0.3080984652042389,0.4789910614490509,0.2739628255367279,-0.3437733054161072,0.565801739692688,0.6222418546676636,0.0060930564068257,0.5233190655708313,0.6216386556625366,-0.0060429549776017,0.5742779970169067,0.637580394744873,-0.3366760015487671,0.5153809785842896,0.6354629397392273,-0.3288685083389282,0.5631343126296997,0.7424557209014893,-0.1430427730083465,0.5232180953025818,0.743937075138092,-0.1542625278234481,1
144,0.5450051426887512,0.418656975030899,-0.3325197398662567,0.5774701237678528,0.453940749168396,-0.1866883933544159,0.6064053773880005,0.3859662413597107,-0.2452896535396576,0.5152782201766968,0.4560507833957672,-0.2118526995182037,0.4915572702884674,0.3840495347976684,-0.2913826704025268,0.616066575050354,0.2916007041931152,-0.3003180623054504,0.4790761768817901,0.2866555452346802,-0.3431800305843353,0.5664440989494324,0.6283738017082214,0.0060779675841331,0.5238491892814636,0.6276193261146545,-0.0060267983935773,0.5744436383247375,0.6396119594573975,-0.3350054621696472,0.5147144794464111,0.6374714970588684,-0.3272293210029602,0.5631663203239441,0.742570161819458,-0.142229825258255,0.5231414437294006,0.7451042532920837,-0.1535997837781906,1
145,0.5441144108772278,0.4251204431056976,-0.3172534704208374,0.5768207311630249,0.4609006345272064,-0.1726312190294265,0.6063649654388428,0.3904362022876739,-0.229235902428627,0.5148013830184937,0.4627289175987243,-0.1904666721820831,0.4915585219860077,0.3866263031959533,-0.2605515718460083,0.6160901188850403,0.294543981552124,-0.2800017893314361,0.4791096746921539,0.2920186519622803,-0.3126500248908996,0.5647376179695129,0.6307762265205383,0.0063077411614358,0.5229121446609497,0.6306778788566589,-0.0062563242390751,0.5743889212608337,0.6434944272041321,-0.3387175500392914,0.5151364207267761,0.65049147605896,-0.3326175510883331,0.5630959868431091,0.7425504922866821,-0.1432451754808426,0.5228965282440186,0.7470739483833313,-0.1541674733161926,1
146,0.5439507961273193,0.4288595616817474,-0.3380422294139862,0.5767271518707275,0.4640234410762787,-0.1867855936288833,0.6061790585517883,0.3947261571884155,-0.2500003278255462,0.5145556330680847,0.4672113060951233,-0.2071263343095779,0.4915035367012024,0.3915418684482574,-0.2879547476768493,0.6160835027694702,0.2996658384799957,-0.3090376257896423,0.4794555604457855,0.2959964871406555,-0.3495336174964905,0.5658587217330933,0.6340264678001404,0.0064655230380594,0.5231368541717529,0.6348244547843933,-0.0064107668586075,0.5762248635292053,0.643805742263794,-0.3396766483783722,0.5159677267074585,0.6499422788619995,-0.3436237573623657,0.5638793110847473,0.7425269484519958,-0.1399672329425811,0.5227937698364258,0.7471267580986023,-0.1561193019151687,1
147,0.5439163446426392,0.43254154920578,-0.2994528114795685,0.5767278671264648,0.469877690076828,-0.152734026312828,0.6061515212059021,0.4021662175655365,-0.2169925272464752,0.5144079327583313,0.474502682685852,-0.1726183295249939,0.4912537932395935,0.3945193588733673,-0.2504647970199585,0.6159360408782959,0.306559145450592,-0.2739259004592895,0.4794377982616424,0.2990770041942596,-0.3009344041347503,0.5654098987579346,0.6416017413139343,0.0064591891132295,0.5226213932037354,0.6425440311431885,-0.0064029428176581,0.57555091381073,0.643567681312561,-0.3485184609889984,0.5155600905418396,0.6507647633552551,-0.3535131514072418,0.5638081431388855,0.7427108287811279,-0.1595932394266128,0.5227835178375244,0.7463169693946838,-0.1732894331216812,1
148,0.5438756942749023,0.4353604614734649,-0.3086788058280945,0.5766012668609619,0.4743439853191376,-0.1603393256664276,0.6059545278549194,0.4054023325443268,-0.2223275452852249,0.514294445514679,0.4769133329391479,-0.1756478101015091,0.491163820028305,0.3955834805965423,-0.2747465074062347,0.6158984303474426,0.3087857961654663,-0.2797490656375885,0.4794490039348602,0.3018505275249481,-0.3372024893760681,0.565302312374115,0.6452076435089111,0.0080184591934084,0.52262943983078,0.6465867161750793,-0.0079513471573591,0.5770511627197266,0.643340528011322,-0.3421947658061981,0.5172390341758728,0.6524621844291687,-0.3577248156070709,0.5648743510246277,0.7418710589408875,-0.1569361537694931,0.5228122472763062,0.7479364275932312,-0.1845420151948928,1
149,0.5438777208328247,0.4384968876838684,-0.3333837389945984,0.5765418410301208,0.4776747524738312,-0.1683784127235412,0.6055840849876404,0.4091328680515289,-0.2498212158679962,0.5135291814804077,0.4798071384429931,-0.2159783095121383,0.4909147620201111,0.3988204896450043,-0.3207863569259643,0.6158207058906555,0.3136968910694122,-0.3293692171573639,0.4793271720409393,0.3029737174510956,-0.3913017511367798,0.5650545358657837,0.6483469605445862,0.0127137107774615,0.5221233367919922,0.648790180683136,-0.0126657644286751,0.5773338079452515,0.6441360116004944,-0.3343598246574402,0.5174636244773865,0.6520178318023682,-0.3753880560398102,0.5651077032089233,0.7417417168617249,-0.1499380618333816,0.5227261185646057,0.7480455636978149,-0.1886908710002899,1
150,0.5437136888504028,0.4423326253890991,-0.3325766623020172,0.5767048597335815,0.4793643653392792,-0.1677547544240951,0.6055556535720825,0.4103070199489593,-0.2474569976329803,0.5135461688041687,0.4832457304000854,-0.2108729034662246,0.4909315705299377,0.4047394394874573,-0.3080892860889435,0.6158154010772705,0.3155522048473358,-0.3172898590564728,0.4793201386928558,0.3103252649307251,-0.3760966658592224,0.5650538802146912,0.6506038904190063,0.012903650291264,0.5221283435821533,0.6521313786506653,-0.0128536289557814,0.5790421962738037,0.6454452276229858,-0.3218818008899688,0.5178048610687256,0.6595306396484375,-0.3711412250995636,0.5656906962394714,0.7411901354789734,-0.1358737796545028,0.5226683020591736,0.7480153441429138,-0.1850293725728988,1
151,0.5435024499893188,0.4457153975963592,-0.309770405292511,0.5764058232307434,0.4832145869731903,-0.1500428020954132,0.605103075504303,0.4160539507865906,-0.2109278291463852,0.5133246779441833,0.4876073896884918,-0.1828560084104538,0.4908965229988098,0.4089402556419372,-0.2711053192615509,0.6157993674278259,0.3215894401073456,-0.2682590782642364,0.47939333319664,0.3162594139575958,-0.3377313613891601,0.564763605594635,0.6527119874954224,0.0128065794706344,0.5220617651939392,0.6549128890037537,-0.0127802556380629,0.5789439082145691,0.6437368392944336,-0.3214655518531799,0.5178050994873047,0.6586518287658691,-0.3544642329216003,0.5656794309616089,0.7411773204803467,-0.1558801233768463,0.5227872729301453,0.7487973570823669,-0.1911743432283401,1
152,0.5437626242637634,0.4479188621044159,-0.3310281634330749,0.5761207342147827,0.4844698309898376,-0.1819098591804504,0.6045661568641663,0.4180953800678253,-0.2514635026454925,0.5130926370620728,0.4871391057968139,-0.2217967808246612,0.4908409416675567,0.4101000428199768,-0.3185321688652038,0.61579430103302,0.3256638646125793,-0.3233583569526672,0.4792878925800323,0.3150876462459564,-0.3849183022975921,0.5647153258323669,0.6522994637489319,0.0125128664076328,0.5221813321113586,0.6552619338035583,-0.012501111254096,0.5791663527488708,0.6435791254043579,-0.3125626742839813,0.5158734321594238,0.6581971049308777,-0.3297068476676941,0.5658150315284729,0.7405288219451904,-0.115824669599533,0.522911787033081,0.7484408020973206,-0.1456956714391708,1
153,0.5438596606254578,0.4535892605781555,-0.3505512475967407,0.5761505961418152,0.4870268106460571,-0.1997240930795669,0.604449987411499,0.4242245852947235,-0.2897678911685943,0.5130902528762817,0.4921415448188782,-0.2329905480146408,0.4905012845993042,0.4144435524940491,-0.3390255272388458,0.6157181262969971,0.3316672146320343,-0.3778150379657745,0.479174256324768,0.3203658163547516,-0.413110077381134,0.5652955770492554,0.6538779735565186,0.0106824208050966,0.5224595069885254,0.656572163105011,-0.010680372826755,0.5774972438812256,0.6446449160575867,-0.3156207501888275,0.5151373147964478,0.6577849984169006,-0.3296872079372406,0.565766453742981,0.7404182553291321,-0.1116539388895034,0.5229147672653198,0.7487456798553467,-0.1363648772239685,1
154,0.5437164902687073,0.4549471139907837,-0.3435807824134826,0.5761392712593079,0.4890047311782837,-0.1822607815265655,0.604435384273529,0.4260253012180328,-0.2773456573486328,0.5132176876068115,0.496701568365097,-0.2068837434053421,0.490572988986969,0.419513463973999,-0.3013924062252044,0.6157115697860718,0.3353044092655182,-0.3514619469642639,0.479089081287384,0.3255194127559662,-0.3792096078395843,0.565292239189148,0.6557140946388245,0.0103172166272997,0.5225006341934204,0.6570011377334595,-0.0102940909564495,0.5775952935218811,0.6394798159599304,-0.3302130699157715,0.5151062607765198,0.6506882309913635,-0.3339694142341614,0.5656594038009644,0.7405213117599487,-0.1529760807752609,0.5222529768943787,0.7483678460121155,-0.1740162521600723,1
155,0.5437442660331726,0.4560628831386566,-0.3617202639579773,0.5763319730758667,0.4910722076892853,-0.1988357156515121,0.6042909026145935,0.4283070564270019,-0.2923170924186706,0.5133245587348938,0.4979557693004608,-0.2251218259334564,0.4905775487422943,0.4210894703865051,-0.331222802400589,0.6156262159347534,0.3368008732795715,-0.385897547006607,0.4787638485431671,0.3293335735797882,-0.4196173548698425,0.5653465390205383,0.6560543179512024,0.0096753537654876,0.5227534174919128,0.6577457189559937,-0.0096560819074511,0.5775910019874573,0.63958340883255,-0.3439056277275085,0.5149876475334167,0.6507583260536194,-0.3565731346607208,0.5659881830215454,0.740467369556427,-0.1481008976697921,0.5222113728523254,0.748392641544342,-0.1716788560152053,1
156,0.5442270040512085,0.4588860869407654,-0.3126371800899505,0.5766343474388123,0.4928227066993713,-0.1534900963306427,0.6048632264137268,0.4294151365756988,-0.2460339069366455,0.5135373473167419,0.5016587972640991,-0.1827204972505569,0.49058797955513,0.4272860586643219,-0.2948773205280304,0.6156042218208313,0.3380135893821716,-0.3333665132522583,0.478759229183197,0.3349670469760895,-0.4035909473896026,0.5660251379013062,0.6625129580497742,0.0091072972863912,0.5236487984657288,0.6620399951934814,-0.0090499194338917,0.5774688124656677,0.6397033929824829,-0.3665184378623962,0.5148964524269104,0.6479017734527588,-0.3826135993003845,0.5653108954429626,0.7403929829597473,-0.1848077028989792,0.522210955619812,0.7464199662208557,-0.2127393335103988,1
157,0.5441782474517822,0.4635452628135681,-0.2990610897541046,0.5766354203224182,0.4950815737247467,-0.129822701215744,0.6048679947853088,0.4308151304721832,-0.2199281305074691,0.5132758021354675,0.5018483996391296,-0.1671954840421676,0.490434855222702,0.4286954700946808,-0.2776518762111664,0.6156142354011536,0.3409881293773651,-0.3175301849842071,0.4785109162330627,0.334986925125122,-0.3838163316249847,0.5665327906608582,0.6668708920478821,0.0089978780597448,0.523963987827301,0.6640100479125977,-0.0089164189994335,0.5769781470298767,0.6391854882240295,-0.3768477737903595,0.5146698951721191,0.645889937877655,-0.3911705613136291,0.5642524361610413,0.7404324412345886,-0.206336572766304,0.5218989849090576,0.7463903427124023,-0.2268444895744323,1
158,0.5442790389060974,0.4635786712169647,-0.3511338829994201,0.5770928263664246,0.496071308851242,-0.1836407780647277,0.6051638722419739,0.4319707453250885,-0.3003615736961365,0.513279914855957,0.5025426745414734,-0.2164059579372406,0.4899574816226959,0.4302435219287872,-0.3408568501472473,0.6156319975852966,0.3440052568912506,-0.4177934825420379,0.4779621362686157,0.3361639380455017,-0.4498572647571563,0.5676280856132507,0.6664431095123291,0.0089700100943446,0.5241088271141052,0.6636598706245422,-0.0088967178016901,0.5768737196922302,0.6386785507202148,-0.3668211698532104,0.5146387219429016,0.6462026238441467,-0.3848609924316406,0.5642347931861877,0.7382416129112244,-0.171932652592659,0.5218416452407837,0.7405663132667542,-0.1634319126605987,1
159,0.5442831516265869,0.4652177393436432,-0.316690057516098,0.577065110206604,0.4965953230857849,-0.1553695797920227,0.6051161885261536,0.4324232041835785,-0.255554050207138,0.5132805109024048,0.5024992823600769,-0.1843007206916809,0.4900349676609039,0.4309075176715851,-0.2971468269824981,0.6154347658157349,0.3437241613864898,-0.3586493730545044,0.4780240058898926,0.3359796702861786,-0.4029894769191742,0.5677720308303833,0.6659072041511536,0.008506890386343,0.5243163704872131,0.6634366512298584,-0.0084162252023816,0.5767052173614502,0.6381930112838745,-0.3662481307983398,0.5144625306129456,0.644133985042572,-0.3777894973754883,0.5642232298851013,0.7393192052841187,-0.1971828341484069,0.5218044519424438,0.7409141659736633,-0.1951130777597427,1
160,0.5442854762077332,0.4647917151451111,-0.3094718754291534,0.5770652890205383,0.4966153800487518,-0.1535038203001022,0.6052170395851135,0.4326906502246856,-0.2458403706550598,0.5132706761360168,0.502323567867279,-0.1805335134267807,0.4897732734680176,0.430628091096878,-0.2859757840633392,0.6152937412261963,0.3450672328472137,-0.3372482359409332,0.4780096709728241,0.3355973362922668,-0.3742287755012512,0.5676349997520447,0.665681779384613,0.0081591289490461,0.5244554877281189,0.6632771492004395,-0.0080578438937664,0.577101469039917,0.6381096243858337,-0.3569621741771698,0.5143734216690063,0.6439298987388611,-0.3625053167343139,0.5643206238746643,0.7393276691436768,-0.1940205842256546,0.5218059420585632,0.7412196397781372,-0.1967895328998565,1
161,0.5441880822181702,0.4645203351974487,-0.3102222979068756,0.5769779682159424,0.4966754913330078,-0.1616547852754593,0.6051864624023438,0.4333058297634125,-0.2483651787042617,0.5131798386573792,0.5022293925285339,-0.1903089880943298,0.4897157847881317,0.4302786886692047,-0.2907111942768097,0.6150786280632019,0.3457013964653015,-0.3370424807071686,0.4778774380683899,0.3358138799667358,-0.3737467527389526,0.5668553113937378,0.6646974086761475,0.0082477964460849,0.5240092277526855,0.6631148457527161,-0.0081488946452736,0.5784367322921753,0.6386549472808838,-0.3448599576950073,0.5144344568252563,0.6482499241828918,-0.3613839149475097,0.5643239617347717,0.7392428517341614,-0.1681116223335266,0.5218273997306824,0.7424412965774536,-0.1894128024578094,1
162,0.5441656112670898,0.4643535315990448,-0.3076795041561126,0.5769339203834534,0.4966408610343933,-0.1479585915803909,0.6051576137542725,0.4333751797676086,-0.2312040477991104,0.51313716173172,0.5021457672119141,-0.178129494190216,0.489713579416275,0.4300529658794403,-0.2730743288993835,0.614922821521759,0.3458383679389953,-0.3171147108078003,0.477690190076828,0.3350665271282196,-0.3557370901107788,0.5664799809455872,0.6640645861625671,0.0084150163456797,0.523980438709259,0.6630171537399292,-0.0083103748038411,0.5789462327957153,0.6385166049003601,-0.3441334068775177,0.5144294500350952,0.6479964852333069,-0.3765269815921783,0.5641672015190125,0.7391262650489807,-0.1718964874744415,0.5218824148178101,0.7432901859283447,-0.2075839638710022,1
163,0.5441470742225647,0.4642579555511474,-0.2918331325054168,0.5769079327583313,0.4968000054359436,-0.1315903812646865,0.6051324009895325,0.4334251582622528,-0.2177357524633407,0.5130385160446167,0.5021511912345886,-0.1603689789772033,0.4897150993347168,0.4298702478408813,-0.258885771036148,0.6148598790168762,0.3457778990268707,-0.306006371974945,0.4775856137275696,0.3350352644920349,-0.3460053205490112,0.5663926005363464,0.664711058139801,0.0082892747595906,0.5240954756736755,0.6636269688606262,-0.0081741930916905,0.5795315504074097,0.6384998559951782,-0.3456417322158813,0.5143965482711792,0.6470825672149658,-0.3754178583621979,0.5641813278198242,0.7389422059059143,-0.1768096834421157,0.5218850374221802,0.744045615196228,-0.2133312672376632,1
164,0.5441763401031494,0.4642031490802765,-0.2982615232467651,0.5769038796424866,0.4966617226600647,-0.13852159678936,0.6049041152000427,0.4337007701396942,-0.2265353351831436,0.5129439830780029,0.5021269917488098,-0.1683910340070724,0.4895578026771545,0.4294333755970001,-0.268037348985672,0.6148582100868225,0.345912218093872,-0.3150404393672943,0.4775770604610443,0.3341980278491974,-0.3469106554985046,0.566391110420227,0.6646157503128052,0.0082867816090583,0.5238537192344666,0.6635355949401855,-0.0081719113513827,0.5795793533325195,0.638457715511322,-0.3465249836444855,0.5143420696258545,0.6469771265983582,-0.3744468688964844,0.5643580555915833,0.7389740347862244,-0.1769974082708358,0.5217090249061584,0.7446256875991821,-0.2092875689268112,1
165,0.5441316366195679,0.4641730189323425,-0.2934944033622741,0.5769004225730896,0.4967122972011566,-0.1290129125118255,0.6049004197120667,0.4332931339740753,-0.2098048031330108,0.5129371881484985,0.5025226473808289,-0.1576700061559677,0.4895635843276977,0.4292473196983337,-0.2546214759349823,0.6148834228515625,0.344706267118454,-0.2950277328491211,0.4779144823551178,0.3351984024047851,-0.3389500975608825,0.5664875507354736,0.664666473865509,0.0082594286650419,0.5240634679794312,0.6636986136436462,-0.0081404140219092,0.5795678496360779,0.6385958790779114,-0.353960245847702,0.5142033100128174,0.645499587059021,-0.3750269711017608,0.5643113255500793,0.7390855550765991,-0.1935696601867675,0.5216905474662781,0.7456346154212952,-0.223816841840744,1
166,0.543913722038269,0.4634686708450317,-0.3101913034915924,0.5768925547599792,0.4963516891002655,-0.1538644880056381,0.6048965454101562,0.4332832098007202,-0.2327601760625839,0.513130784034729,0.5021877288818359,-0.1791338920593261,0.489484041929245,0.4291561245918274,-0.2731103897094726,0.6148930191993713,0.3446911573410034,-0.3136401176452636,0.4778849482536316,0.3351576924324035,-0.3523646891117096,0.566364049911499,0.6640292406082153,0.0082655660808086,0.5238500833511353,0.6625146865844727,-0.0081483013927936,0.5795603394508362,0.6386303305625916,-0.343755692243576,0.5141969323158264,0.6454188823699951,-0.3643245100975036,0.5643182992935181,0.7390976548194885,-0.1764568835496902,0.5215908885002136,0.7454501390457153,-0.1978461444377899,1
167,0.544089674949646,0.4626663625240326,-0.3020365536212921,0.5768974423408508,0.4948507845401764,-0.1433012634515762,0.6050826907157898,0.4312063753604889,-0.2185815274715423,0.5131173133850098,0.5007988214492798,-0.1721513718366623,0.4891960024833679,0.427816092967987,-0.2692822217941284,0.6148786544799805,0.3421938121318817,-0.2952634990215301,0.4776007533073425,0.3343211710453033,-0.3541997373104095,0.566398561000824,0.6631557941436768,0.0082439165562391,0.524002194404602,0.662402331829071,-0.0081250090152025,0.5798273086547852,0.638792097568512,-0.349570482969284,0.5142374038696289,0.6456325650215149,-0.3797254860401153,0.564382016658783,0.7390750050544739,-0.1752984225749969,0.5217823386192322,0.7457237243652344,-0.206286996603012,1
168,0.5440976619720459,0.4582094550132751,-0.333128273487091,0.5769163966178894,0.4933152496814728,-0.1749426424503326,0.605117678642273,0.4273912608623504,-0.2574047446250915,0.5132874250411987,0.4993963241577148,-0.207986518740654,0.4892620146274566,0.4244593679904938,-0.3080165684223175,0.6148894429206848,0.339590311050415,-0.3429307043552398,0.477605253458023,0.3327134251594543,-0.3899455368518829,0.5658397674560547,0.6591231226921082,0.0087586073204875,0.5239569544792175,0.6583130359649658,-0.0086647951975464,0.5792217254638672,0.638756513595581,-0.3427589833736419,0.5143747925758362,0.6456271409988403,-0.3694816827774048,0.5644096732139587,0.7389488220214844,-0.1576247960329055,0.5218756198883057,0.7456256747245789,-0.1880432218313217,1
169,0.5449668169021606,0.4542258679866791,-0.3561395704746246,0.5769824385643005,0.4888168275356293,-0.2023710310459137,0.6054478883743286,0.4242003560066223,-0.3000004589557647,0.5133770108222961,0.4943893551826477,-0.2309535890817642,0.4894152879714966,0.4221329987049103,-0.344163566827774,0.6149900555610657,0.3350033164024353,-0.3943609893321991,0.4775457382202148,0.3285053968429565,-0.4432030618190765,0.5659936666488647,0.6533448100090027,0.0085246572270989,0.5239536762237549,0.6534433960914612,-0.0084611643105745,0.5788402557373047,0.6454921364784241,-0.3543120920658111,0.5143393874168396,0.6482455134391785,-0.3753588497638702,0.5644922256469727,0.7383730411529541,-0.147042229771614,0.5224545001983643,0.7433411478996277,-0.1722128242254257,1
170,0.5449979901313782,0.4476481974124908,-0.2947134375572204,0.5771921873092651,0.485093742609024,-0.1521921008825302,0.6057202219963074,0.4175274074077606,-0.2186925709247589,0.5144961476325989,0.4904357492923736,-0.1735920161008834,0.4903402626514435,0.4184723794460296,-0.2473157495260238,0.6149922013282776,0.3298283219337463,-0.2822351157665252,0.4776124358177185,0.3254045248031616,-0.297453373670578,0.5658068060874939,0.6536489725112915,0.0079576838761568,0.5238655805587769,0.6532588601112366,-0.007890866138041,0.5784857869148254,0.6461915969848633,-0.3394434154033661,0.5142805576324463,0.6482217907905579,-0.3663901388645172,0.5644590854644775,0.738699197769165,-0.1537933349609375,0.5226504802703857,0.7449284791946411,-0.1804573833942413,1
171,0.544730007648468,0.44089075922966,-0.3293288648128509,0.5766403675079346,0.4809266924858093,-0.1849605590105056,0.605735182762146,0.4160009026527405,-0.2256262153387069,0.5144683122634888,0.4824808239936828,-0.2130477726459503,0.4910472333431244,0.412235289812088,-0.2860623896121979,0.6154946684837341,0.3251047730445862,-0.2960881888866424,0.4778355956077575,0.3191356658935547,-0.3121275305747986,0.5633522272109985,0.6440428495407104,0.0099194375798106,0.5225622653961182,0.644135057926178,-0.0098801730200648,0.5803062915802002,0.6461132764816284,-0.3008948564529419,0.5145962834358215,0.6515179872512817,-0.3343402445316314,0.5644661784172058,0.7381452322006226,-0.1104004085063934,0.522675633430481,0.7421966195106506,-0.1397066265344619,1
172,0.5451802611351013,0.4358762502670288,-0.2835716903209686,0.5766660571098328,0.4759225249290466,-0.1541633009910583,0.6065667867660522,0.4074163138866424,-0.2007216960191726,0.5152048468589783,0.4790735840797424,-0.1807284951210022,0.4913922846317291,0.4083783030509949,-0.2498830109834671,0.6157558560371399,0.3179637193679809,-0.2478480041027069,0.4778386950492859,0.3126864731311798,-0.2955862581729889,0.5637688040733337,0.6448243260383606,0.0098550217226147,0.5229657888412476,0.6440961956977844,-0.0098156165331602,0.5805565714836121,0.6459805965423584,-0.2958290874958038,0.5155833959579468,0.6497350931167603,-0.3279564976692199,0.5646253228187561,0.7373097538948059,-0.1184117123484611,0.5226074457168579,0.7431359887123108,-0.1493305712938308,1
173,0.5449497699737549,0.4271588027477264,-0.3722094297409057,0.5773691534996033,0.4653445184230804,-0.2240095734596252,0.6074119210243225,0.4014496803283691,-0.3179154396057129,0.5150815844535828,0.4675835072994232,-0.2517224252223968,0.4914146065711975,0.3995136618614197,-0.3625334203243255,0.6165298819541931,0.3104262948036194,-0.4040925800800323,0.4778965413570404,0.304533302783966,-0.4556396603584289,0.5638658404350281,0.6391271948814392,0.0097902631387114,0.5226706266403198,0.6358044147491455,-0.0097532831132411,0.5768216252326965,0.6527273058891296,-0.3106018900871277,0.5155674815177917,0.6505885124206543,-0.3375988900661468,0.5645641684532166,0.7365441918373108,-0.0806718096137046,0.5226203203201294,0.7417379021644592,-0.1095887348055839,1
174,0.5454500913619995,0.4161553978919983,-0.3478809297084808,0.5775194764137268,0.4578854739665985,-0.201022133231163,0.6086767911911011,0.391739547252655,-0.2863375544548034,0.5152162909507751,0.4581942856311798,-0.2283724248409271,0.4916177988052368,0.3888224363327026,-0.3265084028244018,0.6170098185539246,0.2991074025630951,-0.3384584784507751,0.4781282842159271,0.2953238189220428,-0.4131117761135101,0.5639087557792664,0.634601891040802,0.0097495820373296,0.5225164890289307,0.632136344909668,-0.0097266165539622,0.5767500400543213,0.6520111560821533,-0.3402222096920013,0.5149678587913513,0.6476665139198303,-0.3571211695671081,0.5645068883895874,0.7361208200454712,-0.1030690893530845,0.5226073265075684,0.7405169010162354,-0.1322540938854217,1
175,0.5459276437759399,0.4046858251094818,-0.335254043340683,0.577826738357544,0.4504063725471496,-0.1957275867462158,0.6089880466461182,0.3843091130256653,-0.2757487297058105,0.5163424611091614,0.4512625336647033,-0.2240604907274246,0.4925186932086944,0.3832380473613739,-0.3172586858272552,0.6171476244926453,0.2928251624107361,-0.326363205909729,0.4781687557697296,0.2873498797416687,-0.3740909695625305,0.5640168786048889,0.6288403272628784,0.0097334766760468,0.5224746465682983,0.6274940967559814,-0.0097174802795052,0.5776223540306091,0.6509727239608765,-0.3413665890693664,0.5151787400245667,0.647154688835144,-0.3506832122802734,0.5645933151245117,0.7364398241043091,-0.1091460734605789,0.5225296020507812,0.7405557632446289,-0.1343757957220077,1
176,0.5458365082740784,0.3940529227256775,-0.3387863039970398,0.5780555605888367,0.4391505420207977,-0.2024641036987304,0.6090490221977234,0.3755663633346557,-0.2694850564002991,0.516603410243988,0.4401882886886596,-0.2233005911111831,0.49282106757164,0.3735516667366028,-0.3048631548881531,0.6176369786262512,0.2841628789901733,-0.3258520364761352,0.478097915649414,0.2775519490242004,-0.3571152687072754,0.5644921660423279,0.6167974472045898,0.0088852830231189,0.5225486159324646,0.6164263486862183,-0.0088970540091395,0.5779189467430115,0.6508111357688904,-0.3231618702411651,0.5153493881225586,0.64682936668396,-0.3203769326210022,0.5645735859870911,0.7355061769485474,-0.0817684978246688,0.522529661655426,0.740587055683136,-0.1000863835215568,1
177,0.5462066531181335,0.3842631578445434,-0.3341964483261108,0.5782943964004517,0.4317411482334137,-0.1909037083387375,0.6094273924827576,0.3656944930553436,-0.2488452047109604,0.517151415348053,0.4325400292873382,-0.218501403927803,0.4930821359157562,0.3649169504642486,-0.2965439260005951,0.6181005239486694,0.2748917043209076,-0.3097153306007385,0.4782739579677582,0.2694225907325744,-0.3539763987064361,0.5650829672813416,0.6134606003761292,0.0090093705803155,0.5229384899139404,0.6081438064575195,-0.0090175420045852,0.5788379907608032,0.6505633592605591,-0.3244352340698242,0.5158405900001526,0.6346072554588318,-0.3295083343982696,0.5640780329704285,0.7357465624809265,-0.0926457419991493,0.52247154712677,0.7390733361244202,-0.1063215658068656,1
178,0.546700119972229,0.3745502829551697,-0.3275360763072967,0.5783678293228149,0.4230884909629822,-0.1865087449550628,0.6095847487449646,0.3584417700767517,-0.2425243109464645,0.5171991586685181,0.4214848577976227,-0.2184326946735382,0.4933403134346008,0.3529519736766815,-0.2968053519725799,0.618560254573822,0.2655192911624908,-0.3055824041366577,0.478298544883728,0.2564133107662201,-0.35555499792099,0.5658276081085205,0.6054083108901978,0.0090103950351476,0.5230666399002075,0.5992869734764099,-0.0090189101174473,0.5786265134811401,0.6436655521392822,-0.335606962442398,0.5158300399780273,0.6271451711654663,-0.3322174251079559,0.5640342235565186,0.7357465028762817,-0.1162493005394935,0.5224750638008118,0.7384640574455261,-0.128490000963211,1
179,0.5477809309959412,0.3642087578773498,-0.3257228136062622,0.5783739686012268,0.4123956263065338,-0.186361089348793,0.609868586063385,0.3472718596458435,-0.2430633008480072,0.5175265669822693,0.4112710058689117,-0.2273931801319122,0.494785338640213,0.340546190738678,-0.3121484518051147,0.6188716292381287,0.251493752002716,-0.304799348115921,0.4798611402511596,0.2448345273733139,-0.3681990206241607,0.5675002932548523,0.5963364243507385,0.0088689932599663,0.525842010974884,0.5888458490371704,-0.0088829016312956,0.5782512426376343,0.6441721320152283,-0.2987437844276428,0.5151349902153015,0.6197509169578552,-0.32286536693573,0.5640255212783813,0.7369858026504517,-0.0865303725004196,0.5229374766349792,0.7368113398551941,-0.1227008923888206,1
180,0.5479766130447388,0.351604700088501,-0.3201995193958282,0.5783809423446655,0.4035258591175079,-0.1832878738641739,0.6101992130279541,0.3325288891792297,-0.2387768328189849,0.5176479816436768,0.4008273482322693,-0.2114674001932144,0.4949912428855896,0.3282376229763031,-0.2882907092571258,0.6196576952934265,0.2390030771493911,-0.3003092110157013,0.4809363782405853,0.2303133755922317,-0.343301773071289,0.5666959285736084,0.5861786603927612,0.0072807217948138,0.5257585048675537,0.5802547335624695,-0.0073135276325047,0.5738958120346069,0.644172728061676,-0.2952800989151001,0.5154908895492554,0.6335923075675964,-0.2962418794631958,0.5639340877532959,0.7382192015647888,-0.0914459079504013,0.5230839848518372,0.7381006479263306,-0.1140068992972374,1
181,0.5480738282203674,0.3393315970897674,-0.2967928946018219,0.5784426331520081,0.3915530443191528,-0.1497659981250763,0.6102298498153687,0.3231843113899231,-0.1884240508079528,0.5175922513008118,0.3888512849807739,-0.1906871646642685,0.4949374198913574,0.3157618939876556,-0.2651604413986206,0.6202595233917236,0.2336520701646804,-0.2485759705305099,0.4812152683734894,0.2172329872846603,-0.3107403814792633,0.5665639042854309,0.5745968222618103,0.0086227068677544,0.5254381895065308,0.5700133442878723,-0.0086388560011982,0.5745708346366882,0.637969970703125,-0.3025561869144439,0.5161559581756592,0.63282310962677,-0.2994958758354187,0.5639152526855469,0.7379794716835022,-0.1259122937917709,0.5231155753135681,0.7373707890510559,-0.132186010479927,1
182,0.5487602353096008,0.3292574286460876,-0.2900671660900116,0.578481137752533,0.3812447488307953,-0.1449932605028152,0.6105340123176575,0.312494695186615,-0.1867093592882156,0.517594039440155,0.3773936629295349,-0.1853757053613662,0.4949173033237457,0.30162113904953,-0.2640852630138397,0.620631217956543,0.2209782600402832,-0.2513166964054107,0.4813373684883117,0.2064680457115173,-0.3179667592048645,0.566517174243927,0.5688997507095337,0.0085631627589464,0.525399386882782,0.5660278797149658,-0.0085862027481198,0.5729779005050659,0.6296464204788208,-0.2969085276126861,0.5171160101890564,0.6320392489433289,-0.2645860016345978,0.5643035173416138,0.7373550534248352,-0.1067854613065719,0.5234341025352478,0.7374123334884644,-0.0925545915961265,1
183,0.5496671795845032,0.3168200254440307,-0.2619551122188568,0.5785112977027893,0.3710830211639404,-0.112108439207077,0.6105964779853821,0.3026565015316009,-0.1319390386343002,0.5174465775489807,0.3667008578777313,-0.159206286072731,0.4945129454135895,0.2899740636348724,-0.2356553524732589,0.6213145852088928,0.2127822786569595,-0.1853185594081878,0.4812037348747253,0.1946062892675399,-0.2940286993980407,0.566508412361145,0.5646811127662659,0.0092910714447498,0.525346040725708,0.5605069994926453,-0.0093483692035079,0.5730668902397156,0.6301227807998657,-0.1765300184488296,0.5183283090591431,0.6316741108894348,-0.154155820608139,0.5649016499519348,0.7364951372146606,0.0033483540173619,0.5234763026237488,0.7375231981277466,0.0197716783732175,1
184,0.5499337911605835,0.310038149356842,-0.3064786791801452,0.5781351923942566,0.3599738776683807,-0.1424203068017959,0.6107598543167114,0.2910546064376831,-0.1592374593019485,0.517480194568634,0.3582030832767486,-0.2143202871084213,0.4946142733097076,0.2799961864948272,-0.3223638534545898,0.6219015121459961,0.1976432055234909,-0.2196888178586959,0.481195718050003,0.1803654283285141,-0.4092395007610321,0.5665010809898376,0.5537183880805969,0.0109722595661878,0.5252884030342102,0.5505511164665222,-0.0110920201987028,0.572725236415863,0.6300832629203796,-0.1724488139152526,0.5185531973838806,0.6293599605560303,-0.1475303918123245,0.5649532079696655,0.7378251552581787,0.011090338230133,0.5236518383026123,0.7375114560127258,0.0326182469725608,1
185,0.5519298315048218,0.298353761434555,-0.3213849067687988,0.5782794952392578,0.349685788154602,-0.164800077676773,0.6116927862167358,0.2779034376144409,-0.2053500115871429,0.5176064372062683,0.3469469249248504,-0.2174800783395767,0.4946179389953613,0.2678208947181701,-0.3284964561462402,0.6221617460250854,0.1815138608217239,-0.2661847174167633,0.4811087250709533,0.1679282933473587,-0.4204328954219818,0.5655888915061951,0.547156035900116,0.0109193362295627,0.5250113010406494,0.5421310663223267,-0.0110370013862848,0.5730829834938049,0.6273341178894043,-0.1779227405786514,0.518543541431427,0.626388430595398,-0.1655919402837753,0.5649417638778687,0.7384675145149231,0.0016319825081154,0.5237590074539185,0.7371901869773865,0.0117550296708941,1
186,0.5518847703933716,0.2835169732570648,-0.3358751535415649,0.5782511234283447,0.3398296535015106,-0.1757747530937194,0.6117427945137024,0.269121915102005,-0.2114124000072479,0.5175188779830933,0.3328778147697449,-0.2263405323028564,0.4949106872081756,0.2581897377967834,-0.335487812757492,0.6222134232521057,0.1724821180105209,-0.2733378410339355,0.4812215864658355,0.1597895920276641,-0.4368350207805633,0.5655450820922852,0.536025881767273,0.0108840940520167,0.5249922275543213,0.5310127139091492,-0.0109992157667875,0.5741502642631531,0.6277954578399658,-0.0335909239947795,0.5188291668891907,0.6257566213607788,-0.0156263057142496,0.5649279952049255,0.739474892616272,0.1547244936227798,0.5240378975868225,0.7352918982505798,0.1915778815746307,1
187,0.5518186688423157,0.2716595530509949,-0.370928943157196,0.5792971253395081,0.3286068439483642,-0.2099610716104507,0.611946702003479,0.259491503238678,-0.2478466778993606,0.5175228714942932,0.3269102573394775,-0.2418641895055771,0.4940510988235473,0.2467250376939773,-0.3452824056148529,0.6226444840431213,0.1591325998306274,-0.3019691109657287,0.4807193875312805,0.1506967395544052,-0.4509626030921936,0.5667718052864075,0.5286312699317932,0.0089796651154756,0.5253884792327881,0.5251091122627258,-0.009166732430458,0.5756196975708008,0.627760648727417,0.0059581748209893,0.5188208222389221,0.6268720030784607,-0.0244795493781566,0.5649210214614868,0.7393105030059814,0.2145896703004837,0.5241094827651978,0.7334112524986267,0.1745660305023193,1
188,0.5518370270729065,0.2645337283611297,-0.3641591966152191,0.5795764923095703,0.3184408545494079,-0.2045630067586898,0.6119817495346069,0.2492810785770416,-0.2502671480178833,0.5175235867500305,0.315457135438919,-0.241622656583786,0.4940651059150696,0.2334466427564621,-0.3603844046592712,0.6226669549942017,0.1471128314733505,-0.3105885684490204,0.4803974330425262,0.1364412456750869,-0.4727441072463989,0.5663221478462219,0.5214838981628418,0.0089893024414777,0.5251083970069885,0.5175262689590454,-0.0091737117618322,0.5756254196166992,0.6245076060295105,-0.0596461072564125,0.518678605556488,0.6264201998710632,-0.04526824131608,0.5649286508560181,0.7385265231132507,0.13465017080307,0.5242868661880493,0.7328071594238281,0.1444141864776611,1
189,0.5518128871917725,0.2481501549482345,-0.3873851001262665,0.5808069109916687,0.3072230815887451,-0.221235916018486,0.6121523380279541,0.232894018292427,-0.2689005136489868,0.5175727605819702,0.3051099181175232,-0.2439996302127838,0.4940663278102875,0.2235440909862518,-0.3584234416484833,0.62393718957901,0.1247119605541229,-0.3242720365524292,0.4803939461708069,0.1170186698436737,-0.4813771247863769,0.5671907067298889,0.5157436728477478,0.0055590467527508,0.5252565741539001,0.5103291273117065,-0.0057603763416409,0.5765324831008911,0.6250239014625549,0.0295692607760429,0.5186727046966553,0.6261764764785767,0.0155842341482639,0.565979540348053,0.7404992580413818,0.2358403354883194,0.5242987871170044,0.7324295043945312,0.2309541702270507,1
190,0.5517914891242981,0.2338631153106689,-0.3496726453304291,0.5823938250541687,0.2969154119491577,-0.1971717923879623,0.6121622920036316,0.224549114704132,-0.2474258840084076,0.5175610184669495,0.2932252585887909,-0.2136064916849136,0.4942853152751922,0.2150671631097793,-0.3251513838768005,0.6239762902259827,0.1142722070217132,-0.2990381419658661,0.4806595742702484,0.1100020632147789,-0.4445253908634186,0.5673235654830933,0.5105258226394653,0.0047374456189572,0.5251794457435608,0.506653904914856,-0.0049412553198635,0.5764725208282471,0.6216294765472412,0.0162189230322837,0.5189124941825867,0.6246306300163269,0.0089508751407265,0.5654299259185791,0.7385754585266113,0.2257054448127746,0.5250029563903809,0.7324012517929077,0.207999125123024,1
191,0.5519116520881653,0.2255250066518783,-0.3515876531600952,0.5828348994255066,0.2888908982276916,-0.1966592520475387,0.6123133897781372,0.2148502618074417,-0.2455538958311081,0.51756751537323,0.2826840877532959,-0.2196127474308014,0.4946065545082092,0.199155569076538,-0.3286810517311096,0.6240044236183167,0.1082018017768859,-0.2983595728874206,0.4811376333236694,0.0969533249735832,-0.444287359714508,0.5673930644989014,0.5007990002632141,0.0061642844229936,0.5250754952430725,0.4955414235591888,-0.006359317805618,0.5764461755752563,0.6181294322013855,0.034317959100008,0.5199615955352783,0.6159115433692932,0.0275075975805521,0.5651306509971619,0.7398137450218201,0.2095040678977966,0.5251033902168274,0.7324005365371704,0.2142558842897415,1
192,0.551850438117981,0.2190414071083068,-0.3898856043815613,0.5833950638771057,0.2806237637996673,-0.2127045094966888,0.6124049425125122,0.2085992246866226,-0.2545759081840515,0.5173664689064026,0.2765242755413055,-0.2411900460720062,0.4944090247154236,0.1941051632165908,-0.3505147397518158,0.6256716847419739,0.1020985916256904,-0.3108836412429809,0.4817194044589996,0.0886414647102356,-0.4692064821720123,0.5674691796302795,0.4946330189704895,0.0077795097604393,0.5246698260307312,0.4904324114322662,-0.0079614948481321,0.5740233063697815,0.6126336455345154,0.0305631998926401,0.5201089382171631,0.6125399470329285,0.0056657730601727,0.5645661950111389,0.7399293780326843,0.2133459746837616,0.5250118374824524,0.7316103577613831,0.1974804252386093,1
193,0.5513509511947632,0.2067866176366806,-0.3859153687953949,0.5847800970077515,0.2704374194145202,-0.2144619971513748,0.6141520738601685,0.1968118548393249,-0.2591277062892914,0.5175821781158447,0.2651430964469909,-0.2388997077941894,0.4941535890102386,0.1783146560192108,-0.3437675535678863,0.6259754300117493,0.0910632461309433,-0.3196419179439544,0.48211869597435,0.0777875408530235,-0.4638204276561737,0.5677007436752319,0.4848749339580536,0.0064799035899341,0.5246900916099548,0.481154590845108,-0.0066740587353706,0.5739341974258423,0.6092526316642761,0.030024928972125,0.5203478336334229,0.6090088486671448,0.0129255866631865,0.5645772218704224,0.7398720979690552,0.2110034674406051,0.5250095725059509,0.7336949706077576,0.2016879022121429,1
194,0.5513511896133423,0.2018818408250808,-0.3711013495922088,0.5847339034080505,0.2654639780521393,-0.1998269855976104,0.6140825748443604,0.191362977027893,-0.2427922338247299,0.5175703167915344,0.2591343224048614,-0.2280149310827255,0.4943743646144867,0.1769317835569381,-0.3469077348709106,0.6261501312255859,0.0840784758329391,-0.2996412217617035,0.4823411405086517,0.0787533968687057,-0.4817229509353637,0.5675873160362244,0.4812511205673218,0.0080843353644013,0.5246874094009399,0.4778221547603607,-0.0083000911399722,0.5732840299606323,0.6050867438316345,0.0262466091662645,0.5217666029930115,0.6050679087638855,0.0093284081667661,0.5645753741264343,0.7366915941238403,0.214909628033638,0.5250105857849121,0.7307149171829224,0.204582929611206,1
195,0.5513454079627991,0.196326345205307,-0.3588674664497375,0.5849005579948425,0.2595842480659485,-0.188391700387001,0.6142820119857788,0.1837843954563141,-0.2259444594383239,0.5182279944419861,0.2525136172771454,-0.2144999951124191,0.4945548772811889,0.171646237373352,-0.3260096609592438,0.6262081265449524,0.0776656717061996,-0.2871338129043579,0.4824599027633667,0.0747670456767082,-0.4576953947544098,0.5674742460250854,0.4723730683326721,0.0086243264377117,0.5248268842697144,0.4666139781475067,-0.0088429450988769,0.5733911395072937,0.6030677556991577,0.0108266780152916,0.5223724246025085,0.5968109369277954,0.0091742305085062,0.5644972324371338,0.7355221509933472,0.1774342209100723,0.5249987840652466,0.7254757881164551,0.2011104524135589,1
196,0.5516068935394287,0.1862687021493911,-0.3570854961872101,0.5850765705108643,0.2526156008243561,-0.1824246197938919,0.6144929528236389,0.1772113144397735,-0.2192118316888809,0.5181705355644226,0.2448205202817917,-0.2138976752758026,0.4944787621498108,0.1598059833049774,-0.3166980445384979,0.6264150142669678,0.0742387995123863,-0.2812075614929199,0.4824497103691101,0.0598993860185146,-0.4350442290306091,0.5674722194671631,0.4698429107666015,0.0087015340104699,0.5247785449028015,0.4656442105770111,-0.0089131006971001,0.5731157660484314,0.6038364768028259,0.0497392900288105,0.5223492383956909,0.5986992716789246,0.0180366933345794,0.5639351606369019,0.7355512976646423,0.2270074039697647,0.5244800448417664,0.7262337803840637,0.2111040949821472,1
197,0.5516601204872131,0.1818884760141372,-0.3751190900802612,0.5852057337760925,0.247691661119461,-0.1958003491163253,0.6160101294517517,0.1696498394012451,-0.236232042312622,0.5181915163993835,0.2410740554332733,-0.226893201470375,0.4942559599876404,0.1503104418516159,-0.3290080428123474,0.6275849938392639,0.0711478888988494,-0.3081473410129547,0.482448548078537,0.0519922710955143,-0.4480935037136078,0.567476212978363,0.4663922786712646,0.0086248684674501,0.5248139500617981,0.4630893766880035,-0.0088344849646091,0.5727279782295227,0.5977348685264587,0.0377052202820777,0.5226433873176575,0.5932223200798035,0.016239458695054,0.5639368891716003,0.7346186637878418,0.2064780294895172,0.5244933366775513,0.7278184294700623,0.1978337317705154,1
198,0.55166095495224,0.1766975224018097,-0.3644725084304809,0.585273027420044,0.2435560673475265,-0.1805149912834167,0.6159934997558594,0.1677139401435852,-0.2117397636175155,0.518079400062561,0.23587666451931,-0.2129673659801483,0.4942519068717956,0.1430640369653701,-0.2966950833797455,0.6280294060707092,0.0701685324311256,-0.28347247838974,0.4824594259262085,0.0455342642962932,-0.4005497992038727,0.5675824284553528,0.4637534320354461,0.0079636834561824,0.5248891115188599,0.4603415727615356,-0.0081564681604504,0.571476936340332,0.5986126065254211,0.046474914997816,0.5226426720619202,0.591439425945282,0.0289770010858774,0.5636519193649292,0.7373014092445374,0.2125771939754486,0.5243372917175293,0.7281350493431091,0.2069959193468094,1
199,0.5516541600227356,0.1704349219799041,-0.3423648476600647,0.5853246450424194,0.2380914241075515,-0.1661566942930221,0.6160064935684204,0.1632235050201416,-0.2014897316694259,0.5180413126945496,0.2303116172552108,-0.1957082897424698,0.4941914677619934,0.1372392773628235,-0.2813815176486969,0.628040611743927,0.0648236274719238,-0.2722077071666717,0.4818335473537445,0.0415369272232055,-0.3805479109287262,0.5671393871307373,0.4609270393848419,0.0035465906839817,0.5248860120773315,0.4577000737190246,-0.0037238299846649,0.5705354809761047,0.5990304946899414,0.0449190400540828,0.5226660966873169,0.5921831727027893,0.0479769371449947,0.5637280941009521,0.7374654412269592,0.2139955013990402,0.5243136286735535,0.7282208204269409,0.227293774485588,1
