head_x,head_y,head_z,left_shoulder_x,left_shoulder_y,left_shoulder_z,left_elbow_x,left_elbow_y,left_elbow_z,right_shoulder_x,right_shoulder_y,right_shoulder_z,right_elbow_x,right_elbow_y,right_elbow_z,left_hand_x,left_hand_y,left_hand_z,right_hand_x,right_hand_y,right_hand_z,left_hip_x,left_hip_y,left_hip_z,right_hip_x,right_hip_y,right_hip_z,left_knee_x,left_knee_y,left_knee_z,right_knee_x,right_knee_y,right_knee_z,left_foot_x,left_foot_y,left_foot_z,right_foot_x,right_foot_y,right_foot_z
-0.0110737001523375,-0.6361039280891418,-0.2947588562965393,0.1377424597740173,-0.5238226056098938,-0.1329394727945327,0.2211460620164871,-0.7441964149475098,-0.1841375231742859,-0.1521961838006973,-0.5058308839797974,-0.1418599188327789,-0.2844366133213043,-0.6811798214912415,-0.2185679227113723,0.2627426385879516,-0.9711431860923768,-0.2399018555879593,-0.2914288341999054,-0.9068330526351928,-0.305099219083786,0.1071687713265419,-0.0025455325376242,0.0051653129048645,-0.1074369326233863,0.0020266179926693,-0.003967254422605,0.0927158594131469,0.4117039144039154,0.0435748659074306,-0.1190714314579963,0.3910447657108307,0.0255491472780704,0.1301790922880172,0.7397557497024536,0.1756155043840408,-0.121820643544197,0.7299942374229431,0.1636983305215835
-0.0113124446943402,-0.6370324492454529,-0.2895261347293854,0.1370176970958709,-0.5249776244163513,-0.1279662996530532,0.2203644812107086,-0.7457906603813171,-0.1788532584905624,-0.1528309881687164,-0.5061603784561157,-0.139110192656517,-0.2854974269866943,-0.6826989650726318,-0.2136855572462082,0.2623019516468048,-0.9721742272377014,-0.2343532443046569,-0.2914821803569793,-0.9079631567001344,-0.2936799824237823,0.1072161421179771,-0.0025339163839817,0.0053523727692663,-0.1074836775660514,0.0020109703764319,-0.0041526029817759,0.0924929976463317,0.4110282659530639,0.0437687300145626,-0.1192543283104896,0.3911177814006805,0.0231731049716472,0.1300968527793884,0.7390415668487549,0.1748877316713333,-0.1244148761034011,0.7310134768486023,0.1570479869842529
-0.0081507945433259,-0.6369852423667908,-0.2895094454288482,0.1401572525501251,-0.5239903330802917,-0.1281013488769531,0.2256607413291931,-0.7406854629516602,-0.1807309985160827,-0.1517010927200317,-0.5057984590530396,-0.1389891952276229,-0.281600147485733,-0.675970733165741,-0.2223644256591797,0.2686975002288818,-0.9661563038825988,-0.2399583607912063,-0.2896887362003326,-0.901794970035553,-0.3203293681144714,0.107340507209301,-0.0024804605636745,0.0050989217124879,-0.1076086536049842,0.001961049856618,-0.0039095929823815,0.0928080976009368,0.4113155305385589,0.040372472256422,-0.1182265877723693,0.3907929956912994,0.0231749583035707,0.1320705860853195,0.7393499612808228,0.1733274757862091,-0.1208645179867744,0.7296452522277832,0.1579913794994354
-0.007411568891257,-0.6383016109466553,-0.2728856801986694,0.1432434469461441,-0.525489330291748,-0.1168607994914054,0.2302696406841278,-0.7425732016563416,-0.1701684296131134,-0.1503325998783111,-0.506993293762207,-0.1185607612133026,-0.2815224230289459,-0.6761394143104553,-0.1959830522537231,0.2714070081710815,-0.968351662158966,-0.2291247546672821,-0.2901517450809479,-0.9018797278404236,-0.2907131314277649,0.1073857620358467,-0.0020969014149159,0.0031519292388111,-0.1076476424932479,0.0015837043756619,-0.001982728485018,0.0955397859215736,0.4102374613285064,0.0367559753358364,-0.1172879710793495,0.3901246786117553,0.0304489806294441,0.1387414783239364,0.7393340468406677,0.1658271551132202,-0.1148830354213714,0.7277156114578247,0.1656859368085861
-0.0092005943879485,-0.6371544003486633,-0.2729069590568542,0.1416638195514679,-0.5259118676185608,-0.1154639944434166,0.2301318198442459,-0.7458769083023071,-0.1636633425951004,-0.1513310074806213,-0.5071637034416199,-0.1171921864151954,-0.2840692698955536,-0.6762315034866333,-0.193291962146759,0.2712172567844391,-0.9728723168373108,-0.2161623537540435,-0.2951648831367492,-0.9021535515785216,-0.2881417274475097,0.1074192076921463,-0.0018853879300877,0.0024188735987991,-0.1076763644814491,0.0013659680262207,-0.0012504043988883,0.0933906435966491,0.4103989899158478,0.0351213030517101,-0.1176437437534332,0.3900756537914276,0.030309384688735,0.1384534835815429,0.7398086190223694,0.1586167961359024,-0.1160705015063285,0.7299855947494507,0.159674197435379
-0.0080936532467603,-0.6372936367988586,-0.2843507528305053,0.1435917615890503,-0.5243145227432251,-0.1279490739107132,0.2326747328042984,-0.745520830154419,-0.1815924197435379,-0.1489694118499755,-0.5067750215530396,-0.1244485229253768,-0.2824324369430542,-0.6748942136764526,-0.2122216522693634,0.2736664414405823,-0.9730218052864076,-0.2370443046092987,-0.2928986251354217,-0.9001868367195129,-0.3179637789726257,0.1074981018900871,-0.001555064227432,0.0010434181895107,-0.1077544912695884,0.0010408204980194,9.88768515526317e-05,0.0937021449208259,0.4113737940788269,0.0335410833358764,-0.1172836944460868,0.3900339305400848,0.0339166522026062,0.1410408318042755,0.7419270873069763,0.159269705414772,-0.1133964955806732,0.7293577194213867,0.1698707342147827
-0.0089128892868757,-0.636551558971405,-0.2829555571079254,0.1418675631284713,-0.5242701172828674,-0.126612052321434,0.2310709208250045,-0.7452352046966553,-0.1813514679670334,-0.1501134485006332,-0.5068004131317139,-0.1243000477552414,-0.2828434705734253,-0.6747697591781616,-0.2122123539447784,0.2704004943370819,-0.9721094965934752,-0.2381224185228347,-0.2935917377471924,-0.9002546072006226,-0.3167220056056976,0.1075280904769897,-0.0015104963677003,0.0010622252011671,-0.1077812910079956,0.0009953593835234,8.123239240376279e-05,0.0936803743243217,0.4113334715366363,0.0295204315334558,-0.1171640828251838,0.3898110091686249,0.026272103190422,0.140868678689003,0.7419815063476562,0.1506626158952713,-0.1139328032732009,0.7308588027954102,0.1531632095575332
-0.0054048364982008,-0.636442244052887,-0.2844764590263366,0.1436781883239746,-0.524408221244812,-0.1265439689159393,0.2315873801708221,-0.7447022795677185,-0.1804239451885223,-0.1479010432958603,-0.5068832635879517,-0.1280761808156967,-0.281400591135025,-0.6749790906906128,-0.2122903913259506,0.2718463540077209,-0.9705968499183656,-0.23802150785923,-0.2932257056236267,-0.9007768034934998,-0.3129100203514099,0.1075738593935966,-0.0014678662410005,0.0010835146531462,-0.1078293099999427,0.0009501118329353,6.0287424275884405e-05,0.0958682596683502,0.4107796549797058,0.0310485269874334,-0.1166470870375633,0.3898402154445648,0.0283179674297571,0.140777051448822,0.7405964136123657,0.1600763350725174,-0.1153091043233871,0.7293481230735779,0.1636117994785308
-0.0075866430997848,-0.6364496350288391,-0.2737689614295959,0.1428732126951217,-0.5257126688957214,-0.1165320128202438,0.2282702624797821,-0.7451139688491821,-0.1671824604272842,-0.14935202896595,-0.5069907903671265,-0.1184887662529945,-0.2820698320865631,-0.6769558787345886,-0.1892100870609283,0.264171302318573,-0.970443844795227,-0.2225979566574096,-0.294686883687973,-0.9047163128852844,-0.2747547328472137,0.1076337769627571,-0.0014156261458992,0.0009845867753028,-0.1078836396336555,0.0008954168879427,0.0001632470957702,0.095559686422348,0.4107164740562439,0.0303794667124748,-0.1200233101844787,0.389766126871109,0.0284170545637607,0.139973908662796,0.7405988574028015,0.1589257568120956,-0.1186832413077354,0.729343056678772,0.1623051464557647
-0.0080452281981706,-0.6340655088424683,-0.2977558970451355,0.1425593346357345,-0.5224933624267578,-0.1370405405759811,0.2282869815826416,-0.7429873943328857,-0.1919892579317093,-0.1492802202701568,-0.5055020451545715,-0.1394546329975128,-0.2807518243789673,-0.6723141074180603,-0.2266570478677749,0.264312744140625,-0.9695524573326112,-0.2531279623508453,-0.2920018136501312,-0.8983471989631653,-0.3325424194335937,0.1076842620968818,-0.0013520774664357,0.0008941548294387,-0.1079381853342056,0.0008319183834828,0.0002490390616003,0.0968049392104148,0.4103854596614837,0.0292959436774253,-0.1186031773686409,0.3894733488559723,0.0277941413223743,0.1407367587089538,0.7406278848648071,0.1577178835868835,-0.1187094524502754,0.7290233373641968,0.1621863394975662
-0.0080592660233378,-0.6362360715866089,-0.2775596380233764,0.1430354714393615,-0.5231320261955261,-0.1220777481794357,0.2289947718381881,-0.7424672842025757,-0.1791761815547943,-0.1490482687950134,-0.5063855648040771,-0.1205749958753585,-0.2793379127979278,-0.6724017262458801,-0.202053427696228,0.2645183503627777,-0.9683729410171508,-0.2398212850093841,-0.2892727851867676,-0.898985743522644,-0.3004944622516632,0.1077140495181083,-0.0012681272346526,0.0006684883846901,-0.1079671010375022,0.0007484083762392,0.0004777918511535,0.0967985317111015,0.4103536903858185,0.0281055923551321,-0.1171101927757263,0.3892376124858856,0.0277594365179538,0.1408688873052597,0.7408758401870728,0.1549220383167266,-0.1166587546467781,0.7290114760398865,0.1615530848503112
-0.0110307056456804,-0.6357502937316895,-0.2784129679203033,0.1394681483507156,-0.5232935547828674,-0.122218556702137,0.2251381576061248,-0.743200957775116,-0.1786031424999237,-0.151097223162651,-0.5064412355422974,-0.1214410886168479,-0.2806061208248138,-0.6735354065895081,-0.2023191303014755,0.2587601542472839,-0.969063639640808,-0.2365933805704116,-0.2907940149307251,-0.9002357125282288,-0.2980435490608215,0.1076815873384475,-0.0012193869333714,0.0006662014639005,-0.1079272180795669,0.0006972052506171,0.000480120681459,0.0940367430448532,0.4107144474983215,0.0295101311057806,-0.1174894124269485,0.3892114162445068,0.0279247891157865,0.1367920041084289,0.7413037419319153,0.1550678163766861,-0.1193557381629943,0.7296183705329895,0.1613930314779281
-0.0085522243753075,-0.6338261365890503,-0.2999275028705597,0.1416052877902984,-0.5228706002235413,-0.1350454092025756,0.2260867655277252,-0.7421072721481323,-0.185354933142662,-0.1489720344543457,-0.5061231255531311,-0.1464031785726547,-0.2794741988182068,-0.675519585609436,-0.2220819294452667,0.2600570321083069,-0.96725732088089,-0.2415733337402343,-0.2873916327953338,-0.9006932973861694,-0.3060935139656067,0.107845515012741,-0.0012360939290374,0.0011872554896399,-0.1081164851784706,0.0007078517228364,-4.65434932266362e-05,0.0957870110869407,0.4106654226779938,0.039612989872694,-0.1167316064238548,0.3894380331039428,0.0289838500320911,0.1392512917518615,0.7382777333259583,0.1812394112348556,-0.1191516667604446,0.7273982167243958,0.1717744916677475
-0.0085828769952058,-0.634568452835083,-0.2896431088447571,0.141915887594223,-0.5229872465133667,-0.1290304958820343,0.2267047315835952,-0.7420396208763123,-0.180867314338684,-0.1491944044828415,-0.505938708782196,-0.1357680410146713,-0.2794007062911987,-0.6751847863197327,-0.2092755287885666,0.260335773229599,-0.9670050740242004,-0.2370641082525253,-0.2874009013175964,-0.90093994140625,-0.2945626080036163,0.1079248338937759,-0.0012322668917477,0.0012210609856992,-0.1081937551498413,0.0007031164714135,-7.7209529990796e-05,0.0961571559309959,0.4106546640396118,0.0392234362661838,-0.117568738758564,0.3893396258354187,0.0290110241621732,0.1404939591884613,0.7380841970443726,0.1784733980894088,-0.1190886050462722,0.7270276546478271,0.1715248972177505
-0.0071304240263998,-0.6363086104393005,-0.2873181402683258,0.1431799530982971,-0.5241760015487671,-0.1269297897815704,0.2289528995752334,-0.744893491268158,-0.1763590723276138,-0.1487917602062225,-0.5066739916801453,-0.1337170451879501,-0.2798247635364532,-0.6763558983802795,-0.2036124318838119,0.2633538246154785,-0.969833493232727,-0.2323200553655624,-0.2870415151119232,-0.9012479186058044,-0.2860470414161682,0.1079440787434578,-0.0011752175632864,0.0011817277409136,-0.1082109734416008,0.0006443957099691,-3.437689156271517e-05,0.0959242656826973,0.4108543395996094,0.0398887544870376,-0.1170635372400283,0.3893967568874359,0.0320631451904773,0.1402412801980972,0.7391179203987122,0.1777712106704712,-0.1169076263904571,0.7270808815956116,0.1718827039003372
-0.0061801522970199,-0.6366158723831177,-0.2908470332622528,0.1431823819875717,-0.5247843265533447,-0.1296753883361816,0.2281882166862487,-0.7500340342521667,-0.1773165017366409,-0.1486411690711975,-0.5066760182380676,-0.1396750509738922,-0.2798440456390381,-0.680304229259491,-0.2095861881971359,0.2617562711238861,-0.9753465056419371,-0.2319351285696029,-0.2857999503612518,-0.902389645576477,-0.2863241136074066,0.10792887955904,-0.0011114934459328,0.0013162133982405,-0.1081949919462204,0.0005769823910668,-0.0001692312507657,0.095602236688137,0.4110411405563354,0.0439177826046943,-0.1178698539733886,0.389502465724945,0.0356794632971286,0.1381433606147766,0.739218533039093,0.178583562374115,-0.1179916784167289,0.727090060710907,0.1742211580276489
-0.005817839410156,-0.6258919835090637,-0.3353855907917022,0.143184021115303,-0.5204948782920837,-0.1683752089738845,0.2282190918922424,-0.7467813491821289,-0.2236460894346237,-0.1477008759975433,-0.502554178237915,-0.1890021115541458,-0.2735303342342376,-0.6804261207580566,-0.2748112976551056,0.2615817487239837,-0.9720478057861328,-0.2799999117851257,-0.2795329689979553,-0.9028846621513368,-0.36125248670578,0.1079626977443695,-0.0011185199255123,0.0026413230225443,-0.1082400232553482,0.0005820603691972,-0.0014863911783322,0.0956146046519279,0.4116088151931762,0.0439932830631732,-0.1174835860729217,0.3895012140274048,0.0324812643229961,0.1381924003362655,0.739181399345398,0.1848813444375991,-0.1174280047416687,0.7238492369651794,0.1744192540645599
-0.005944337695837,-0.6223843693733215,-0.336933970451355,0.1389264315366745,-0.5187721848487854,-0.1649500727653503,0.2197343856096267,-0.7448145747184753,-0.2185308039188385,-0.1483885496854782,-0.4965943098068237,-0.1966699808835983,-0.2735636234283447,-0.6750789880752563,-0.2913459837436676,0.2553097605705261,-0.9694762229919434,-0.2765722274780273,-0.2796402871608734,-0.8994962573051453,-0.3797900080680847,0.1079766005277633,-0.0014638256980106,0.0091539705172181,-0.1082554534077644,0.0009208080009557,-0.0079425172880291,0.095482736825943,0.4116175770759582,0.0492495037615299,-0.1180195584893226,0.3889929056167602,0.0131854275241494,0.1372576206922531,0.7353624105453491,0.188691958785057,-0.1219920292496681,0.7229824066162109,0.1548027992248535
-0.0044338628649711,-0.622848629951477,-0.3327147960662842,0.1410151124000549,-0.5184327960014343,-0.1646431684494018,0.2212737947702407,-0.7446148991584778,-0.2195482105016708,-0.1472336649894714,-0.4967016875743866,-0.1884116232395172,-0.2718841731548309,-0.6751621961593628,-0.2774934470653534,0.2555229663848877,-0.9688253998756408,-0.2766483426094055,-0.2767906486988067,-0.8996289372444153,-0.3647672235965729,0.1080353260040283,-0.00157586496789,0.0086292289197444,-0.1083238273859024,0.0010311447549611,-0.0074245589785277,0.101001352071762,0.4114108085632324,0.0489692091941833,-0.1180150508880615,0.3893702030181885,0.0224989596754312,0.1415039896965026,0.7352808713912964,0.1911130249500274,-0.1199708357453346,0.7228054404258728,0.1687771528959274
-0.0088357897475361,-0.6195529699325562,-0.3349075019359588,0.1375445276498794,-0.5164352059364319,-0.1683357954025268,0.2166931331157684,-0.7395710945129395,-0.228264182806015,-0.1491439640522003,-0.4943812191486358,-0.1868162602186203,-0.2725816071033478,-0.6723358035087585,-0.2735908627510071,0.2475423961877823,-0.9618317484855652,-0.2879406213760376,-0.2796332538127899,-0.8990522027015686,-0.3605671525001526,0.1080515906214714,-0.0016155058983713,0.0085121328011155,-0.1083412989974021,0.0010699274716898,-0.007311466615647,0.0994900688529014,0.4115082323551178,0.0449656844139099,-0.1223187446594238,0.3893852531909942,0.0198741629719734,0.1410508900880813,0.7352969646453857,0.1816399991512298,-0.1264398097991943,0.7250971794128418,0.1581188738346099
-0.0059601478278636,-0.618030846118927,-0.3439314067363739,0.1403156071901321,-0.5159463882446289,-0.177343875169754,0.2205319106578827,-0.7414619326591492,-0.238358736038208,-0.1458063721656799,-0.4942911565303802,-0.1944163143634796,-0.2674333751201629,-0.6696830987930298,-0.2844383120536804,0.2484107613563537,-0.9664869904518129,-0.2966831624507904,-0.2767522037029266,-0.8963608741760254,-0.3792036473751068,0.1081638634204864,-0.0016410192474722,0.0077988537959754,-0.1084677353501319,0.0010946403490379,-0.00660863192752,0.106377936899662,0.4105346500873565,0.0447110682725906,-0.1187437623739242,0.3895072340965271,0.0224803928285837,0.1506774276494979,0.7338616847991943,0.1863179504871368,-0.1190980076789856,0.7246845364570618,0.1667769700288772
-0.0101856710389256,-0.6145405769348145,-0.3412087261676788,0.1392166316509246,-0.5164397358894348,-0.1710481941699981,0.2208074182271957,-0.7424198985099792,-0.2198162376880645,-0.1480166167020797,-0.4953226745128631,-0.1866866648197174,-0.2701866328716278,-0.6736236810684204,-0.2543945610523224,0.2492644786834716,-0.966212034225464,-0.2737637460231781,-0.2766408324241638,-0.8993111252784729,-0.3299871683120727,0.1081692650914192,-0.0016420565079897,0.0072757429443299,-0.1084733381867408,0.001092710183002,-0.0060781678184866,0.1061121523380279,0.4105628728866577,0.0442963913083076,-0.1191025525331497,0.3895752727985382,0.0256017595529556,0.1501355171203613,0.7339228391647339,0.1834736764430999,-0.1190505847334861,0.724993109703064,0.1670004576444625
-0.0082874950021505,-0.6126569509506226,-0.3524308800697326,0.1395726352930069,-0.5145326256752014,-0.1784892231225967,0.2229497283697128,-0.7397642731666565,-0.2308247685432434,-0.1475232690572738,-0.4950913190841675,-0.2045540809631347,-0.2701300084590912,-0.6760683655738831,-0.2875206172466278,0.2519379556179046,-0.9622300267219543,-0.2892952263355255,-0.2765833735466003,-0.9036564826965332,-0.3659412562847137,0.1082114204764366,-0.0017012300668284,0.0072817499749362,-0.1085260584950447,0.0011507434537634,-0.0060863750986754,0.1058030575513839,0.4105287492275238,0.0412867404520511,-0.1169019043445587,0.3898480236530304,0.0233111046254634,0.1496124118566513,0.7348931431770325,0.1796684861183166,-0.1148495003581047,0.7249478101730347,0.1646472662687301
-0.0082024252042174,-0.6130749583244324,-0.3428244590759277,0.1404582411050796,-0.516919732093811,-0.1736709326505661,0.2244329154491424,-0.7412121891975403,-0.2301520705223083,-0.1470651924610138,-0.4959558248519897,-0.190398707985878,-0.2698985040187835,-0.6737948060035706,-0.2826933562755584,0.2521674335002899,-0.962372660636902,-0.2890868484973907,-0.2760290801525116,-0.902921974658966,-0.3642928302288055,0.1082314774394035,-0.0017312625423073,0.0068786242045462,-0.108544997870922,0.0011831333395093,-0.0056818490847945,0.1059049591422081,0.4101451933383941,0.0395193770527839,-0.1167449206113815,0.388807088136673,0.0222980435937643,0.1472957879304886,0.7348394989967346,0.1783971786499023,-0.1155687719583511,0.7210747599601746,0.1644413918256759
-0.0081831980496644,-0.6128649711608887,-0.3391429185867309,0.1405029743909835,-0.5178370475769043,-0.1700914800167083,0.2245796173810959,-0.7434175610542297,-0.2243636846542358,-0.147248774766922,-0.4976560771465301,-0.1843618154525756,-0.271068125963211,-0.6762944459915161,-0.2591437101364136,0.2523817121982574,-0.9632164835929872,-0.2826482653617859,-0.2764832377433777,-0.9036106467247008,-0.3334389925003052,0.108274221420288,-0.0017684238264337,0.0058799688704311,-0.1085879206657409,0.0012207345571368,-0.0046908934600651,0.1072357669472694,0.4087908565998077,0.0368995890021324,-0.1199047118425369,0.3888039886951446,0.025185527279973,0.1480338424444198,0.7331017851829529,0.1770627945661544,-0.1186097338795661,0.7206255793571472,0.1669304966926574
-0.008143488317728,-0.6098126769065857,-0.3535874187946319,0.140337586402893,-0.5157150626182556,-0.1869316846132278,0.224768579006195,-0.7429535388946533,-0.2532282769680023,-0.1472304761409759,-0.4966410994529724,-0.2002671808004379,-0.2683452665805816,-0.6681707501411438,-0.2896384000778198,0.2525830864906311,-0.9636155962944032,-0.3111533224582672,-0.2773791551589966,-0.8954979777336121,-0.3858827352523803,0.1083453297615051,-0.0017443248070776,0.0050582159310579,-0.108661338686943,0.0011960741830989,-0.0038598333485424,0.1077037677168846,0.4084258377552032,0.0356791391968727,-0.1220903694629669,0.3878610134124756,0.0257440824061632,0.1479339450597763,0.7318522334098816,0.1800392568111419,-0.1216280609369278,0.7174304723739624,0.1721785217523574
-0.0108080189675092,-0.6093056797981262,-0.3524519205093384,0.1393477171659469,-0.5172276496887207,-0.1850261837244033,0.2248341143131256,-0.7430421710014343,-0.2461911737918853,-0.149139255285263,-0.4969075918197632,-0.1975423097610473,-0.2737745940685272,-0.6681985259056091,-0.2797233462333679,0.2546420991420746,-0.9638974070549012,-0.3031050264835357,-0.2795996069908142,-0.8960388898849487,-0.3660624027252197,0.1083988845348358,-0.0017914802301675,0.0049596242606639,-0.1087145954370498,0.0012403378495946,-0.0037525442894548,0.1073240488767623,0.4083696901798248,0.0423543155193328,-0.1215469017624855,0.3866932094097137,0.0267901010811328,0.1458372324705124,0.7255885601043701,0.1960789263248443,-0.1223519071936607,0.7114310264587402,0.1778474003076553
-0.010755019262433,-0.611827552318573,-0.322269856929779,0.1407402604818344,-0.5188906788825989,-0.1588182896375656,0.2248026877641677,-0.7416765689849854,-0.2227320671081543,-0.1485252678394317,-0.4969315230846405,-0.1730403751134872,-0.2736333608627319,-0.667920708656311,-0.2545781433582306,0.2547414898872375,-0.9634004831314088,-0.2795051038265228,-0.2798780500888824,-0.8969907164573669,-0.3359251022338867,0.1085814833641052,-0.0021692586597055,0.0070022065192461,-0.1088992655277252,0.0016278022667393,-0.0057485038414597,0.1084456816315651,0.408338338136673,0.0482225529849529,-0.1209220513701438,0.3846339285373688,0.0106593249365687,0.1458167284727096,0.7215512990951538,0.2052221745252609,-0.1234068498015403,0.7072446942329407,0.1610759794712066
-0.0108544984832406,-0.6118638515472412,-0.3227894008159637,0.1401935070753097,-0.5192885994911194,-0.1578701287508011,0.2252496033906936,-0.7425752282142639,-0.2231490314006805,-0.1509724706411361,-0.4966792166233063,-0.1735124140977859,-0.2788344919681549,-0.666138768196106,-0.2560600042343139,0.2597939074039459,-0.9640971422195436,-0.2859901785850525,-0.2914861440658569,-0.8951241374015808,-0.3411897718906402,0.1089163050055503,-0.0022944116499274,0.0069945170544087,-0.1092344969511032,0.0017649895744398,-0.0057466616854071,0.1164646297693252,0.4050812423229217,0.043602380901575,-0.1371306627988815,0.3805308043956756,0.0058058272115886,0.1552742570638656,0.7124893069267273,0.2036452293395996,-0.1293780207633972,0.699155867099762,0.1610123366117477
-0.0036138657014817,-0.6102703809738159,-0.3547123372554779,0.1451418995857238,-0.5144098997116089,-0.1885951161384582,0.2318148612976074,-0.7364736795425415,-0.2682957947254181,-0.1463086903095245,-0.4954953789710998,-0.2115681618452072,-0.2697630524635315,-0.6585679054260254,-0.3132961988449096,0.2680301666259765,-0.9627939462661744,-0.3349174261093139,-0.2893882989883423,-0.8898513317108154,-0.4050692021846771,0.1094040125608444,-0.0023508928716182,0.0072049903683364,-0.109760858118534,0.0018222663784399,-0.0059480532072484,0.1289777755737304,0.4004732668399811,0.0395372621715068,-0.1333287060260772,0.376216858625412,-0.0102077303454279,0.1618780642747879,0.7037153244018555,0.2119948863983154,-0.1240887716412544,0.6952696442604065,0.1500476598739624
-0.0037715751677751,-0.6096981763839722,-0.361335813999176,0.1448382139205932,-0.5138533711433411,-0.1964483708143234,0.2320600748062133,-0.7381118535995483,-0.2712895572185516,-0.1463896334171295,-0.4954851269721985,-0.2128547579050064,-0.2715610265731811,-0.6589617729187012,-0.3082593083381653,0.2699270248413086,-0.9676452875137328,-0.3358770310878753,-0.2948740124702453,-0.8898496627807617,-0.4041121304035187,0.1094460561871528,-0.0023747652303427,0.0061102281324565,-0.1098036617040634,0.0018464170861989,-0.0048888558521866,0.1310051828622818,0.3964934051036834,0.039292424917221,-0.1380152851343155,0.3763333559036255,0.0035318601876497,0.1692048758268356,0.6996660828590393,0.2109202593564987,-0.125955730676651,0.6958562731742859,0.165595456957817
-0.0021992824040353,-0.614065945148468,-0.3551523089408874,0.1459387093782425,-0.5147361159324646,-0.1947104483842849,0.2346100211143493,-0.7440358400344849,-0.269281804561615,-0.1438065320253372,-0.4981981813907623,-0.2122319936752319,-0.2681538462638855,-0.6665322184562683,-0.2913940548896789,0.2702102959156036,-0.974811851978302,-0.3308271765708923,-0.2939867675304413,-0.8973424434661865,-0.3630558848381042,0.1095365136861801,-0.0023289350792765,0.0056363479234278,-0.1099142506718635,0.0018099250737577,-0.0044602658599615,0.142390564084053,0.3829924762248993,0.0307933371514081,-0.1487683355808258,0.362168937921524,-0.004601817112416,0.1759487241506576,0.6790964603424072,0.2175223380327224,-0.1260561794042587,0.6708042621612549,0.1693998575210571
-0.0065164561383426,-0.6160886287689209,-0.3380777537822723,0.1458833217620849,-0.5173782110214233,-0.1869681924581527,0.2341978549957275,-0.7447269558906555,-0.2603953182697296,-0.1440540552139282,-0.5028162002563477,-0.1936299353837967,-0.2682585418224334,-0.6898719668388367,-0.2551872730255127,0.2656446695327759,-0.9744811058044434,-0.3199959993362427,-0.2935165166854858,-0.929815411567688,-0.3204281330108642,0.1102292761206626,-0.0023759903851896,0.0056096236221492,-0.1106218993663787,0.0018582867924124,-0.0044340514577925,0.1545725762844085,0.3689459562301636,0.0291811358183622,-0.1618475317955017,0.3421553373336792,-0.0342988558113575,0.1906507611274719,0.64193195104599,0.2543013095855713,-0.1259550601243972,0.6402700543403625,0.1627668589353561
-0.0054511632770299,-0.616924524307251,-0.3384222090244293,0.1458320468664169,-0.5171304941177368,-0.1864258348941803,0.236132338643074,-0.7466042041778564,-0.2537137567996979,-0.1438865512609481,-0.5027039647102356,-0.1968796998262405,-0.2687717378139496,-0.6874019503593445,-0.2585130929946899,0.2677968740463257,-0.9770826697349548,-0.3017227947711944,-0.293357640504837,-0.9255852699279784,-0.3289024829864502,0.1103364527225494,-0.0022775542456656,0.0050170556642115,-0.110741913318634,0.001778787234798,-0.0038423924706876,0.1547657251358032,0.3549219965934753,0.0121832489967346,-0.1884285360574722,0.3042552173137665,-0.0926145166158676,0.205941841006279,0.6186442375183105,0.2498359829187393,-0.1254596412181854,0.5953727960586548,0.1093965098261833
-0.0049821748398244,-0.6197333335876465,-0.3276543915271759,0.1464326530694961,-0.5171416997909546,-0.1783938258886337,0.2378278970718383,-0.7491468787193298,-0.2336135357618332,-0.1426289677619934,-0.5020354390144348,-0.1900353878736496,-0.2688439190387726,-0.6809200048446655,-0.2524521350860595,0.2688670456409454,-0.985101282596588,-0.2720250785350799,-0.2924110889434814,-0.9243616461753844,-0.3186649680137634,0.1106589213013649,-0.0022685618605464,0.0049851587973535,-0.1110830381512641,0.0017754141008481,-0.0038064131513237,0.1578516364097595,0.3445522785186767,0.0088167544454336,-0.1958749741315841,0.2915256023406982,-0.1183827891945838,0.2139850705862045,0.5975424647331238,0.2630139887332916,-0.1239107996225357,0.5765330195426941,0.0864398181438446
-0.0049671474844217,-0.6211041212081909,-0.3237543404102325,0.1494974642992019,-0.516934871673584,-0.1769963949918747,0.2391378730535507,-0.7496773600578308,-0.2312038540840149,-0.137811005115509,-0.5011383295059204,-0.1826119422912597,-0.270904004573822,-0.6774613261222839,-0.2413466274738311,0.2691879570484161,-0.9867303371429444,-0.2681052684783935,-0.2930440306663513,-0.9238708019256592,-0.3050902485847473,0.1113559156656265,-0.0016922185895964,0.0038056606426835,-0.1117947623133659,0.0012167100794613,-0.002606997732073,0.160527154803276,0.3393254578113556,0.0069971494376659,-0.2095995545387268,0.2753992080688476,-0.1441128998994827,0.2163200825452804,0.5809195041656494,0.286407858133316,-0.1255172491073608,0.5597264766693115,0.0633485466241836
-0.0075568468309938,-0.6257068514823914,-0.2965036630630493,0.1508324146270752,-0.5176249742507935,-0.1533603072166443,0.2398987710475921,-0.7514270544052124,-0.2049336284399032,-0.1377168595790863,-0.5019944906234741,-0.1503564864397049,-0.271066814661026,-0.681593120098114,-0.2015697807073593,0.2691705524921417,-0.9895470142364502,-0.2373493015766143,-0.2930727005004883,-0.9293349385261536,-0.2652386128902435,0.112479567527771,-0.0007161686080507,0.002815758343786,-0.1128838434815406,0.0002644084161147,-0.001578991767019,0.1669906377792358,0.3300457596778869,-0.0477336011826992,-0.2227637320756912,0.2585102915763855,-0.1695583313703537,0.2138321995735168,0.5627676248550415,0.2457870244979858,-0.1309828162193298,0.5336203575134277,0.0522528029978275
-0.0033144156914204,-0.6270583271980286,-0.287551999092102,0.1542406976222992,-0.5162428021430969,-0.1391815394163131,0.2462688982486724,-0.750531017780304,-0.1923083364963531,-0.1375157684087753,-0.5014814734458923,-0.144057959318161,-0.2718887627124786,-0.6812607645988464,-0.193140909075737,0.2792875468730926,-0.9893994927406312,-0.2294228374958038,-0.295788049697876,-0.9288764595985411,-0.2485908269882202,0.1135340183973312,-0.0001225893502123,0.0030800921376794,-0.1138812154531478,-0.0002919200924225,-0.0018158190650865,0.1684927195310592,0.31179079413414,-0.1728328615427017,-0.2238344997167587,0.243593618273735,-0.2522903382778168,0.2011809051036834,0.5302903652191162,0.1068258360028266,-0.1305160969495773,0.5008370876312256,0.0096487328410148
-0.0006315363571047,-0.6267276406288147,-0.2883144021034241,0.157216802239418,-0.5148881077766418,-0.1393675506114959,0.2460208982229232,-0.7447100281715393,-0.1890332251787185,-0.1372934430837631,-0.4991176128387451,-0.1431528180837631,-0.2727282047271728,-0.6698494553565979,-0.1925178170204162,0.2810438275337219,-0.9876798391342164,-0.2213172763586044,-0.2969276309013366,-0.9188624024391174,-0.2511656284332275,0.1157660782337188,0.0001872500870376,0.0028709217440336,-0.116036832332611,-0.0005915967049077,-0.0015690205618739,0.17339488863945,0.3175889253616333,-0.1160919666290283,-0.2384561002254486,0.2510055303573608,-0.2447292655706405,0.1970704346895218,0.5305969715118408,0.1796347349882125,-0.1376967579126358,0.495684802532196,0.0201329961419105
0.0008803706150501,-0.6285648941993713,-0.2896913886070251,0.1608213186264038,-0.514015257358551,-0.1411910355091095,0.245903193950653,-0.7384706139564514,-0.1919204890727996,-0.1372618973255157,-0.4990891814231872,-0.1429507434368133,-0.27326500415802,-0.6650277376174927,-0.194098025560379,0.2817564010620117,-0.983578085899353,-0.2249806225299835,-0.2977535128593445,-0.9124762415885924,-0.2572816014289856,0.117588996887207,0.0005334086017683,0.0026937003713101,-0.1178398951888084,-0.0009402429568581,-0.0013832200784236,0.1786922663450241,0.3171198964118957,-0.101107582449913,-0.2413792908191681,0.2511202692985534,-0.2323376685380935,0.1949338614940643,0.521769106388092,0.2148385941982269,-0.1395199447870254,0.4947996437549591,0.0241101160645484
0.0028047123923897,-0.6281262040138245,-0.2900514006614685,0.1638334393501281,-0.511677622795105,-0.1413224190473556,0.2487467229366302,-0.7351998090744019,-0.1936850249767303,-0.1353627294301986,-0.4988912343978882,-0.139361098408699,-0.272419810295105,-0.6649062037467957,-0.1849880516529083,0.2885739207267761,-0.9795536994934082,-0.2293477803468704,-0.2982572019100189,-0.9137832522392272,-0.2425954937934875,0.118119440972805,0.0009955061832442,0.0026884081307798,-0.1183580979704856,-0.0013867795933037,-0.001371701946482,0.1792992800474167,0.2928695678710937,-0.2173084914684295,-0.2450159937143325,0.2357516884803772,-0.2641773521900177,0.1923870295286178,0.4996141791343689,0.0732898712158203,-0.139743685722351,0.4707145392894745,0.0145209142938256
0.0044082393869757,-0.6280478239059448,-0.2902964353561401,0.1641032099723816,-0.5092159509658813,-0.141730859875679,0.2491006255149841,-0.7347885370254517,-0.1947439014911651,-0.1355659067630767,-0.496519386768341,-0.1403182744979858,-0.2752115428447723,-0.6629480123519897,-0.1871317774057388,0.2898076176643371,-0.9799491763114928,-0.2307479381561279,-0.3016445636749267,-0.9136367440223694,-0.2416675984859466,0.1184138283133506,0.0013021508930251,0.0028826512861996,-0.1186418235301971,-0.0016827995423227,-0.0015592576237395,0.1783144176006317,0.2811934649944305,-0.255973756313324,-0.2453884333372116,0.2150616347789764,-0.2982568144798279,0.1784389913082122,0.4794808030128479,0.0403805412352085,-0.1353383064270019,0.4459674060344696,-0.0085726901888847
0.0016263570869341,-0.6289806962013245,-0.2770021855831146,0.1637938469648361,-0.5116780996322632,-0.1328699588775634,0.248581126332283,-0.7361655831336975,-0.1881900280714035,-0.1371192187070846,-0.4967911541461944,-0.1275594383478164,-0.2810060083866119,-0.66298508644104,-0.1722992062568664,0.2902527749538421,-0.9821808934211732,-0.2273625433444976,-0.3044850528240204,-0.913256049156189,-0.2247262448072433,0.1185342594981193,0.0014292781706899,0.0028382495511323,-0.1187573298811912,-0.0018045079195871,-0.0015080124139785,0.1787231862545013,0.276401937007904,-0.2318376004695892,-0.2487139850854873,0.2083499431610107,-0.2911005020141601,0.1761361062526703,0.4663708508014679,0.0645258799195289,-0.1318721920251846,0.4442934095859527,-0.0080443043261766
0.0017769701080396,-0.6304961442947388,-0.2755647301673889,0.1671230643987655,-0.5113492608070374,-0.1337049007415771,0.25295490026474,-0.7343863248825073,-0.2037676721811294,-0.1366469413042068,-0.4967900514602661,-0.1275785118341446,-0.2809029519557953,-0.6645491719245911,-0.1734785735607147,0.297529399394989,-0.978563129901886,-0.254351943731308,-0.3043915331363678,-0.9155634045600892,-0.2305268049240112,0.1186708807945251,0.0017553148791193,0.0028540913481265,-0.1188813000917434,-0.0021149849053472,-0.0015225509414449,0.1843881458044052,0.2390923947095871,-0.2953947186470032,-0.2481607645750045,0.1755345463752746,-0.3173213303089142,0.1757132858037948,0.4247003495693207,-0.0132265174761414,-0.1275681108236313,0.416688323020935,-0.0515606366097927
0.0023622384760528,-0.6352302432060242,-0.2625534534454345,0.1669830381870269,-0.5113770365715027,-0.1223938390612602,0.2563304901123047,-0.7370230555534363,-0.1841166615486145,-0.1369446218013763,-0.4968241751194,-0.1220791861414909,-0.2808707952499389,-0.6655161380767822,-0.1743269115686416,0.3058456480503082,-0.9830767512321472,-0.222957506775856,-0.304312139749527,-0.915526270866394,-0.2286615222692489,0.1186994388699531,0.0019374396651983,0.0032508331350982,-0.1189046129584312,-0.0022845033090561,-0.0018987316871061,0.1760586649179458,0.20492784678936,-0.3022721409797668,-0.2471166402101516,0.1525703221559524,-0.3234854638576507,0.1738035231828689,0.402885764837265,-0.0240544043481349,-0.1275853216648101,0.3895946145057678,-0.060699388384819
0.0013070930726826,-0.6342294812202454,-0.2609185576438904,0.1667475998401641,-0.5106715559959412,-0.1199599802494049,0.2571825683116913,-0.7354989647865295,-0.1848220080137252,-0.1391770094633102,-0.4958442747592926,-0.121007464826107,-0.2837692499160766,-0.6647301316261292,-0.1752451807260513,0.3148065507411957,-0.9821051359176636,-0.2245012819766998,-0.3117396235466003,-0.9154541492462158,-0.2286442816257476,0.1191160157322883,0.0022220311220735,0.0036015938967466,-0.1192654743790626,-0.0025600818917155,-0.0022220737300813,0.1890954077243805,0.1788386702537536,-0.3355800807476043,-0.2518261671066284,0.119770772755146,-0.3358050584793091,0.170290008187294,0.3773986101150512,-0.0716338157653808,-0.1292234808206558,0.3568659424781799,-0.0898701101541519
-0.0025750792119652,-0.6331372857093811,-0.2517705857753753,0.1655004918575287,-0.5112404227256775,-0.1142829954624176,0.2506885826587677,-0.7326593995094299,-0.1839400082826614,-0.1420266777276992,-0.4953218400478363,-0.1120164915919303,-0.2919181585311889,-0.6615038514137268,-0.1705909669399261,0.3067214488983154,-0.9793561100959778,-0.2254701405763626,-0.3153749108314514,-0.914082407951355,-0.2233555912971496,0.1194503381848335,0.0026123598217964,0.0035843199584633,-0.1195692121982574,-0.002953634597361,-0.0021877125836908,0.1858912259340286,0.1661749184131622,-0.3377940058708191,-0.2639049291610718,0.0976383313536644,-0.336077868938446,0.1657879501581192,0.3676994740962982,-0.0744868814945221,-0.1421727389097213,0.3442689180374145,-0.0959643572568893
-0.003267616033554,-0.6327134370803833,-0.2474564760923385,0.1645155102014541,-0.5120956301689148,-0.1103130728006362,0.2501117885112762,-0.7307589054107666,-0.184198260307312,-0.1449566930532455,-0.4941611588001251,-0.1056829318404197,-0.3007141649723053,-0.6491026282310486,-0.1691685616970062,0.3065123558044433,-0.9727484583854676,-0.2370541244745254,-0.3264858424663543,-0.9032486081123352,-0.2241455465555191,0.1199440658092498,0.0030967912171036,0.0034927555825561,-0.1200323328375816,-0.0034534521400928,-0.002073491225019,0.1815995424985885,0.1645491868257522,-0.3359260857105255,-0.2642213702201843,0.0714891925454139,-0.3362916111946106,0.1589912921190261,0.3325282633304596,-0.0537737607955932,-0.1450552940368652,0.3290887176990509,-0.0901523455977439
-0.0033417078666388,-0.6298978328704834,-0.2316518872976303,0.163418561220169,-0.51334148645401,-0.0908169373869896,0.2501701116561889,-0.7308141589164734,-0.1564225703477859,-0.1480700671672821,-0.4930767118930816,-0.0922420471906662,-0.3048321604728699,-0.6406345963478088,-0.1544316709041595,0.3072625398635864,-0.9740880131721495,-0.2066544145345688,-0.3311701118946075,-0.8947863578796387,-0.2120855748653412,0.1206055656075477,0.0031561369542032,0.0036450242623686,-0.1206490769982338,-0.00351197947748,-0.0021979599259793,0.1809112876653671,0.1504115909337997,-0.3326305747032165,-0.2695226669311523,0.0735413432121276,-0.3406694233417511,0.1596525758504867,0.3340452313423157,-0.0581739507615566,-0.1533157974481582,0.3299442231655121,-0.0911184325814247
-0.0071174446493387,-0.6301994919776917,-0.205609455704689,0.1597964465618133,-0.5168105959892273,-0.0642548501491546,0.2520742416381836,-0.7291347980499268,-0.1231396943330764,-0.1550681889057159,-0.4916104972362518,-0.0619194321334362,-0.3154809474945068,-0.6332135796546936,-0.1113928854465484,0.3082629442214966,-0.973641872406006,-0.1753076165914535,-0.3463523685932159,-0.892784595489502,-0.1686787158250808,0.1210040748119354,0.0032231300137937,0.0029106277506798,-0.1209920197725296,-0.0035779899917542,-0.0014042251277714,0.1671580523252487,0.1253785789012909,-0.3399156928062439,-0.2780978083610534,0.0613248720765113,-0.3395216464996338,0.1579145193099975,0.3248856663703918,-0.0724502950906753,-0.1582383960485458,0.3175538778305053,-0.0896317362785339
-0.0043681790120899,-0.6110133528709412,-0.2318056374788284,0.1629785001277923,-0.5121785402297974,-0.0678355917334556,0.2739542424678802,-0.6831445097923279,-0.1465504169464111,-0.1546969562768936,-0.4888007044792175,-0.0786336734890937,-0.3176632523536682,-0.6078290343284607,-0.1237079426646232,0.3212451040744781,-0.9252610206604004,-0.2351240813732147,-0.3436164855957031,-0.8606520891189575,-0.174573615193367,0.1211926043033599,0.0030439049005508,0.0028593065217137,-0.1211992651224136,-0.0033828017767518,-0.0013662884011864,0.1886929124593734,0.1369580179452896,-0.3365094065666199,-0.2738613188266754,0.0741197243332862,-0.3386519253253937,0.1627080291509628,0.3331644535064697,-0.0551275722682476,-0.1572410315275192,0.3227257430553436,-0.0396320521831512
-0.0044063427485525,-0.6101386547088623,-0.2325218319892883,0.1640558093786239,-0.5106918811798096,-0.0697463229298591,0.2899101078510284,-0.663597047328949,-0.1431642025709152,-0.1546201854944229,-0.4889314770698547,-0.0795135870575904,-0.3217257559299469,-0.6086943745613098,-0.1192173063755035,0.3326340317726135,-0.9096632599830629,-0.2312221974134445,-0.3515525758266449,-0.8566901087760925,-0.171199545264244,0.1212671250104904,0.0029346647206693,0.0029938057996332,-0.1212728023529052,-0.00326236221008,-0.0015212061116471,0.2122361660003662,0.1385374367237091,-0.3348442912101745,-0.273142009973526,0.0935849249362945,-0.3396322727203369,0.167676031589508,0.3352717757225036,-0.053326740860939,-0.1575972288846969,0.3260470330715179,-0.0436247698962688
-0.0019968280103057,-0.6106389164924622,-0.2292117774486541,0.1667060703039169,-0.5106415152549744,-0.06681390106678,0.2973104119300842,-0.6718972325325012,-0.1376493722200393,-0.1540959477424621,-0.4891570210456848,-0.0764240324497222,-0.3250577747821808,-0.6095367074012756,-0.1165371239185333,0.3485029637813568,-0.9181807041168212,-0.2209077626466751,-0.3593691885471344,-0.8539621829986572,-0.1700146198272705,0.1214295029640197,0.0029980153776705,0.0033385194838047,-0.121419683098793,-0.0033219361212104,-0.0018869314808398,0.2249912172555923,0.1438156962394714,-0.3358065783977508,-0.2719560265541076,0.0922123044729232,-0.3484826385974884,0.1735747307538986,0.3387025892734527,-0.0680237933993339,-0.1565250903367996,0.3279763162136078,-0.0646407604217529
0.0029407765250653,-0.606887698173523,-0.2293466180562973,0.1710510551929474,-0.5100958347320557,-0.0668171271681785,0.3058420419692993,-0.6746581792831421,-0.1325232982635498,-0.1498186886310577,-0.4892558753490448,-0.0746524855494499,-0.324627161026001,-0.6092144250869751,-0.1089271157979965,0.3593576550483703,-0.9213355779647828,-0.2094737589359283,-0.3584900796413421,-0.853273332118988,-0.1626537442207336,0.1214905008673667,0.0034783869050443,0.0034287422895431,-0.1214811280369758,-0.0038013821467757,-0.0019909667316824,0.2324520945549011,0.1451449543237686,-0.337960422039032,-0.259289801120758,0.0799026191234588,-0.3597075045108795,0.1782704591751098,0.3398534953594208,-0.0738981738686561,-0.1554489433765411,0.3285133242607116,-0.0880959555506706
0.0031422874890267,-0.6058313846588135,-0.235457569360733,0.1713065505027771,-0.5080879926681519,-0.0732232853770256,0.3070604801177978,-0.6751180291175842,-0.1394757181406021,-0.1495814770460128,-0.4888942241668701,-0.0776726379990577,-0.3260040283203125,-0.606513500213623,-0.1106713488698005,0.3602596521377563,-0.921682059764862,-0.2148335725069046,-0.3610226213932037,-0.8505132794380188,-0.1690580248832702,0.121540792286396,0.0036341070663183,0.0034251159522682,-0.12153060734272,-0.0039501274004578,-0.0019928466062992,0.222817838191986,0.1502643674612045,-0.3423502743244171,-0.2551350891590118,0.0813523903489112,-0.3583017289638519,0.1772572249174118,0.3431637585163116,-0.0721580982208252,-0.1547451466321945,0.3290963470935821,-0.0806219950318336
0.0092744277790188,-0.5976766347885132,-0.2643040418624878,0.1744017004966735,-0.5059468150138855,-0.0913613215088844,0.318373292684555,-0.6787422895431519,-0.1478874534368515,-0.148271769285202,-0.487842857837677,-0.1018307730555534,-0.3273304402828216,-0.6072474718093872,-0.1312000602483749,0.3708394169807434,-0.9278743863105774,-0.2173829972743988,-0.3647051155567169,-0.8517278432846069,-0.1893012076616287,0.1215900927782058,0.0036865773145109,0.0039976690895855,-0.1215786859393119,-0.0040014614351093,-0.0025981198996305,0.2250387966632843,0.1667546480894088,-0.3380883634090423,-0.2445748150348663,0.0891270786523819,-0.3682500720024109,0.1772715002298355,0.3582612574100494,-0.0583537332713604,-0.1517012268304824,0.3441032171249389,-0.0852162688970565
0.0100516993552446,-0.5982199907302856,-0.2624830901622772,0.1746878772974014,-0.505372941493988,-0.0944638773798942,0.3171271085739136,-0.6885917782783508,-0.1508281379938125,-0.1483561843633651,-0.4869381189346313,-0.1054031103849411,-0.3286677896976471,-0.6077591776847839,-0.1454674303531646,0.3712525963783264,-0.9380887150764464,-0.2153229266405105,-0.3666653633117676,-0.8520172238349915,-0.2001482993364334,0.1216960772871971,0.0037856120616197,0.004133618902415,-0.1216872483491897,-0.0040959571488201,-0.0027491662185639,0.2033963054418563,0.1680004149675369,-0.343671441078186,-0.245250254869461,0.0916394367814064,-0.3675721287727356,0.1714341640472412,0.3594483435153961,-0.0585264191031456,-0.1505276262760162,0.343988686800003,-0.084573857486248
0.0139728616923093,-0.5949755907058716,-0.2830566167831421,0.1772465407848358,-0.5033100247383118,-0.1159501299262046,0.3178645074367523,-0.6965136528015137,-0.174596831202507,-0.1462048292160034,-0.4863514006137848,-0.1300150752067566,-0.324654757976532,-0.6102564930915833,-0.1749463975429535,0.3749961853027344,-0.9446836113929749,-0.231932520866394,-0.3663482666015625,-0.854376494884491,-0.2283752411603927,0.1217399537563324,0.0038067926652729,0.0044648223556578,-0.1217295452952385,-0.0041141822002828,-0.0031015677377581,0.2036560028791427,0.1685268431901931,-0.3428881466388702,-0.2422087639570236,0.1021059304475784,-0.3690684735774994,0.1722032874822616,0.3612719476222992,-0.0527934618294239,-0.1478884369134903,0.3440790772438049,-0.0814550295472145
0.0199541095644235,-0.5941637754440308,-0.2815673351287842,0.1811925321817398,-0.5028385519981384,-0.1152762323617935,0.3206003606319427,-0.7094852924346924,-0.1724224090576172,-0.1424908936023712,-0.4871655404567718,-0.1290913820266723,-0.3118250966072082,-0.6267968416213989,-0.1709741503000259,0.3807874023914337,-0.9596843719482422,-0.2294785678386688,-0.3562014102935791,-0.870430588722229,-0.2231362760066986,0.1218693405389785,0.0038254207465797,0.0047493260353803,-0.1218559145927429,-0.0041310773231089,-0.0033815798815339,0.2039281129837036,0.170717716217041,-0.3425034284591675,-0.2426200211048126,0.1194933652877807,-0.3695667684078216,0.1735660433769226,0.3693467080593109,-0.051571175456047,-0.1446546167135238,0.3506828546524048,-0.0797401741147041
0.021126540377736,-0.5943989157676697,-0.2796138823032379,0.1816087961196899,-0.5030879378318787,-0.1142471730709075,0.3202024400234222,-0.7152570486068726,-0.1686659306287765,-0.1419546008110046,-0.4891347885131836,-0.1264711171388626,-0.3106639683246612,-0.6377537250518799,-0.166508212685585,0.3837219178676605,-0.9642562866210938,-0.225197359919548,-0.3547064960002899,-0.8837676048278809,-0.2145195603370666,0.1219478026032447,0.0038888871204108,0.0051010814495384,-0.1219290643930435,-0.0041919243521988,-0.0037175207398831,0.2216302454471588,0.1777866631746292,-0.3291775584220886,-0.2429128885269165,0.1177221685647964,-0.3655736446380615,0.1790920197963714,0.3731383085250854,-0.0483217351138591,-0.1422715783119201,0.3503631055355072,-0.0758466497063636
0.0213539525866508,-0.5945953130722046,-0.2780449092388153,0.1817506998777389,-0.5030376315116882,-0.1154185459017753,0.3178095817565918,-0.7208518385887146,-0.1732067614793777,-0.1398531943559646,-0.4892627894878387,-0.1271044611930847,-0.3057031035423279,-0.6366507411003113,-0.1697147339582443,0.3827701210975647,-0.9719641804695128,-0.226874366402626,-0.3546770811080932,-0.8836003541946411,-0.2213814556598663,0.1219595000147819,0.0041416869498789,0.0051991264335811,-0.1219408214092254,-0.0044324900954961,-0.0038157158996909,0.2190000265836715,0.1774841845035553,-0.3275341093540191,-0.2435560077428817,0.1166850253939628,-0.3624933660030365,0.1780476123094558,0.372925341129303,-0.0456567965447902,-0.1438598334789276,0.3479543328285217,-0.0687672942876815
0.0212105605751276,-0.5967873930931091,-0.2720327079296112,0.1816943883895874,-0.5032138824462891,-0.1147781684994697,0.3141265213489532,-0.7241422533988953,-0.1724070459604263,-0.1395336389541626,-0.4908834099769592,-0.1262089312076568,-0.3033274412155151,-0.6408173441886902,-0.1685554087162017,0.3812389969825744,-0.9749557971954346,-0.2258418053388595,-0.3531866371631622,-0.8866803646087646,-0.2205386608839035,0.1219968944787979,0.0044815097935497,0.005307744257152,-0.1219757795333862,-0.0047664507292211,-0.0039225313812494,0.2230475693941116,0.1772958040237426,-0.3276194632053375,-0.243719607591629,0.1107229888439178,-0.3624374270439148,0.1776798218488693,0.3720748722553253,-0.0462314896285533,-0.141901358962059,0.3438741266727447,-0.0702088251709938
0.021991653367877,-0.5956948399543762,-0.2768187522888183,0.1816520541906356,-0.5017886161804199,-0.1186432391405105,0.3076868951320648,-0.723063051700592,-0.1785494685173034,-0.1380144506692886,-0.4911484718322754,-0.1327879130840301,-0.2937965095043182,-0.6421023011207581,-0.1798901706933975,0.3796617090702057,-0.973985493183136,-0.2284855544567108,-0.3472159206867218,-0.888961672782898,-0.2283645272254943,0.1220393851399421,0.0045475689694285,0.0060322252102196,-0.1220200806856155,-0.0048331776633858,-0.0046680518426001,0.2267291247844696,0.1637233644723892,-0.3295705914497375,-0.2405374944210052,0.112106554210186,-0.3655625581741333,0.1753568947315216,0.3603919148445129,-0.0494382008910179,-0.1341558694839477,0.3291530013084411,-0.0662803873419761
0.0203521456569433,-0.5953767895698547,-0.2777387797832489,0.1807933300733566,-0.5008339285850525,-0.121631771326065,0.2977642714977264,-0.7183475494384766,-0.1859232932329177,-0.1362424045801162,-0.4914183020591736,-0.134543091058731,-0.2864242196083069,-0.643105149269104,-0.182167187333107,0.3725073039531708,-0.970045804977417,-0.2391014248132705,-0.3427156507968902,-0.8917088508605957,-0.2307221293449401,0.1219783127307891,0.0047753187827765,0.0063828360289335,-0.1219565719366073,-0.0050454675219953,-0.0050183436833322,0.2262741476297378,0.1616988033056259,-0.3295630514621734,-0.2401108145713806,0.1131597682833671,-0.3634245991706848,0.1700312793254852,0.362253725528717,-0.0540367662906646,-0.1343758255243301,0.3217720985412597,-0.0618262141942977
0.0188062377274036,-0.5985433459281921,-0.2899219095706939,0.1781966239213943,-0.4983657300472259,-0.1364088058471679,0.2883382439613342,-0.7181439995765686,-0.2017693072557449,-0.1361204534769058,-0.4914152324199676,-0.1496719121932983,-0.2836023271083832,-0.6465349197387695,-0.2013359069824218,0.3627188801765442,-0.9704259634017944,-0.249542087316513,-0.3443180918693542,-0.8925539255142212,-0.253075361251831,0.1218584775924682,0.0049326173029839,0.0068174274638295,-0.1218371391296386,-0.0051974672824144,-0.0054469583556056,0.2213896960020065,0.1617340743541717,-0.3319945335388183,-0.237751618027687,0.1140615791082382,-0.3635536432266235,0.1631964594125747,0.3636090159416199,-0.0591986514627933,-0.1331655383110046,0.3214035332202911,-0.0659179836511612
0.019007233902812,-0.6069048643112183,-0.2892325520515442,0.1780703663825988,-0.4996764361858368,-0.1341973841190338,0.2861410677433014,-0.7255740761756897,-0.1989730149507522,-0.1358149349689483,-0.4941556751728058,-0.147812008857727,-0.2808766067028045,-0.6553162932395935,-0.1993385851383209,0.3611884117126465,-0.9815739393234252,-0.2451783418655395,-0.3445423543453216,-0.8978748321533203,-0.2519923448562622,0.1218382567167282,0.0051065976731479,0.0069862217642366,-0.121817909181118,-0.0053710285574197,-0.0056089372374117,0.2255782932043075,0.1682084947824478,-0.326017826795578,-0.2396815121173858,0.1179446727037429,-0.3571692705154419,0.1642640680074691,0.3637740015983581,-0.0538107901811599,-0.133297249674797,0.3219875991344452,-0.0573970675468444
0.0189877767115831,-0.610384464263916,-0.2882347106933594,0.1770446449518203,-0.5000367164611816,-0.1330646276473999,0.2819004654884338,-0.7272440791130066,-0.1972243338823318,-0.13557730615139,-0.4949217438697815,-0.1472900807857513,-0.2807165384292602,-0.657638430595398,-0.201823204755783,0.3592536747455597,-0.983146905899048,-0.2424216121435165,-0.3446660339832306,-0.8990999460220337,-0.2559658885002136,0.1218094676733017,0.0052185878157615,0.0071770185604691,-0.1217929124832153,-0.005478308070451,-0.0058037177659571,0.2255685627460479,0.1702975034713745,-0.3236942589282989,-0.2396461814641952,0.1196946129202842,-0.3531688749790191,0.165900319814682,0.3650351762771606,-0.0518459156155586,-0.134222537279129,0.321948379278183,-0.0522819980978965
0.0198713857680559,-0.6110963821411133,-0.2879314422607422,0.176949456334114,-0.5000558495521545,-0.1323625296354293,0.2811221778392792,-0.7271273732185364,-0.1961381584405899,-0.1353438943624496,-0.4959764778614044,-0.1469195932149887,-0.2799874246120453,-0.6622403264045715,-0.2034834176301956,0.358393132686615,-0.9832393527030944,-0.2398654967546463,-0.3434602320194244,-0.903897762298584,-0.2575865983963012,0.1217963695526123,0.0053453790023922,0.007457410916686,-0.1217813938856124,-0.0056060445494949,-0.0060864477418363,0.226111888885498,0.1713075190782547,-0.3208166062831878,-0.2358697056770324,0.1175951361656189,-0.3533660769462585,0.166035994887352,0.3647847473621368,-0.0505625195801258,-0.1325767338275909,0.321878433227539,-0.0563439615070819
0.020134849473834,-0.6086133718490601,-0.2960164248943329,0.176683247089386,-0.4976921677589416,-0.1411656886339187,0.2815932631492615,-0.7265977263450623,-0.2084654867649078,-0.135385051369667,-0.4948127567768097,-0.156665951013565,-0.2786799371242523,-0.661689281463623,-0.2118925154209137,0.3558757901191711,-0.9830563068389891,-0.251958966255188,-0.3407323360443115,-0.904530107975006,-0.2615469098091125,0.121797114610672,0.0053990730084478,0.007596415001899,-0.1217822432518005,-0.0056588626466691,-0.006230020429939,0.2224561870098114,0.1661322563886642,-0.3289662301540375,-0.2305465042591095,0.1094048470258712,-0.3656132519245147,0.1604305207729339,0.3587287366390228,-0.0557756759226322,-0.1222154349088668,0.313404768705368,-0.0686114877462387
0.0157903060317039,-0.6078161597251892,-0.3114975094795227,0.1718225330114364,-0.4945518374443054,-0.1570036262273788,0.2695704102516174,-0.727038562297821,-0.2315730899572372,-0.1354416310787201,-0.490447461605072,-0.1705041229724884,-0.2771880328655243,-0.6598395109176636,-0.224062830209732,0.340570867061615,-0.984627604484558,-0.2746528685092926,-0.3459104299545288,-0.9033322930336,-0.274147629737854,0.1217437162995338,0.005537046585232,0.0076370416209101,-0.1217259168624877,-0.0058005875907838,-0.0062603084370493,0.2196661829948425,0.168536901473999,-0.3416288495063782,-0.2393969446420669,0.1069733649492263,-0.3639286458492279,0.1514202952384948,0.3658458888530731,-0.0650302097201347,-0.1333712935447693,0.3167989253997803,-0.0739691779017448
0.0146074509248137,-0.6067752838134766,-0.3158900737762451,0.1714911460876464,-0.4940339922904968,-0.159880056977272,0.2699230909347534,-0.7291327118873596,-0.2309844344854354,-0.1356497555971145,-0.4884860217571258,-0.1731593161821365,-0.2774933278560638,-0.6600302457809448,-0.2244716733694076,0.3385699689388275,-0.986020803451538,-0.2717925012111664,-0.3458418548107147,-0.9050713181495668,-0.2735865414142608,0.1217273771762847,0.0056273033842444,0.0076241791248321,-0.1217095032334327,-0.0058985804207623,-0.0062342402525246,0.2191002368927002,0.1814787983894348,-0.340634673833847,-0.2438480108976364,0.1074867770075798,-0.35743448138237,0.1502572149038314,0.3777201175689697,-0.0644160062074661,-0.1387999951839447,0.3291423916816711,-0.0737637430429458
0.0132713168859481,-0.604021430015564,-0.3183564245700836,0.1712984144687652,-0.4939112365245819,-0.1617759764194488,0.2705217599868774,-0.7296435832977295,-0.2308387756347656,-0.1356494277715683,-0.4874983429908752,-0.1759652346372604,-0.2772892117500305,-0.6602888703346252,-0.2297317236661911,0.3372590541839599,-0.9858030080795288,-0.2710965871810913,-0.3448754847049713,-0.9062867164611816,-0.2777259349822998,0.1216508075594902,0.0056701283901929,0.0076572936959564,-0.1216359660029411,-0.0059414566494524,-0.0062646958976984,0.2163630127906799,0.180705189704895,-0.3400121331214905,-0.2448313981294632,0.1141903400421142,-0.355330228805542,0.1507837176322937,0.3783958852291107,-0.0638664215803146,-0.1400200873613357,0.3291831016540527,-0.071884773671627
0.0098612383008003,-0.6039839386940002,-0.3179250955581665,0.1690886914730072,-0.4945632517337799,-0.1613233238458633,0.2704908847808838,-0.7316848039627075,-0.2270281314849853,-0.1373121738433838,-0.4875333309173584,-0.1755561232566833,-0.278912603855133,-0.6640201807022095,-0.2292517125606537,0.3371585309505462,-0.986061990261078,-0.2646771371364593,-0.3462080955505371,-0.9104392528533936,-0.2759322822093963,0.1214768290519714,0.0056872610002756,0.0076745185069739,-0.121468186378479,-0.005957247223705,-0.0062806750647723,0.2039391994476318,0.1801458746194839,-0.3396763205528259,-0.2450023293495178,0.1195983588695526,-0.3515491485595703,0.1500992774963379,0.3820370733737945,-0.0635222494602203,-0.1406363993883133,0.3340188860893249,-0.070984162390232
0.0088046574965119,-0.6041577458381653,-0.3174915611743927,0.1676359921693802,-0.4953131973743438,-0.1601274162530899,0.2703500390052795,-0.7351828813552856,-0.2259573638439178,-0.1400362253189087,-0.4871236085891723,-0.1754627525806427,-0.2843736112117767,-0.6629514098167419,-0.2292889803647995,0.335966020822525,-0.9892211556434632,-0.26238614320755,-0.3489904105663299,-0.910381317138672,-0.2769844830036163,0.1215004101395607,0.0055833281949162,0.0077259074896574,-0.1214958652853965,-0.0058529488742351,-0.0063307452946901,0.2053520381450653,0.1865113675594329,-0.3363553285598755,-0.246496170759201,0.1319873481988906,-0.3475688695907593,0.1504585593938827,0.3872496783733368,-0.0576015263795852,-0.1441566795110702,0.3391839265823364,-0.0574263073503971
0.0067005883902311,-0.6004741787910461,-0.314626544713974,0.1667374968528747,-0.4954378008842468,-0.1594673246145248,0.2657834887504577,-0.7326464653015137,-0.2278872281312942,-0.1407567113637924,-0.4869811236858368,-0.1726743876934051,-0.2847758829593658,-0.660738468170166,-0.2273349165916443,0.3237762749195099,-0.988508939743042,-0.267111599445343,-0.3453828394412994,-0.9102782607078552,-0.2730564773082733,0.1215307265520095,0.0053740302100777,0.0075222174637019,-0.1215324774384498,-0.005644024349749,-0.0061407661996781,0.2001668214797973,0.1769296526908874,-0.3367216885089874,-0.2414418458938598,0.1272487193346023,-0.357220709323883,0.1494744420051574,0.3619142472743988,-0.0454941503703594,-0.1401851773262024,0.3247677981853485,-0.0505256280303001
0.0016716696554794,-0.6003828644752502,-0.314142495393753,0.1657876968383789,-0.4959903657436371,-0.1593372672796249,0.26524218916893,-0.7314873933792114,-0.2273522913455963,-0.1432007998228073,-0.4875737726688385,-0.1722991168498993,-0.2871369123458862,-0.6598012447357178,-0.2268989384174347,0.321949303150177,-0.9870449900627136,-0.2671231925487518,-0.3483437895774841,-0.90850830078125,-0.2741463184356689,0.1215204000473022,0.0053775236010551,0.0073015070520341,-0.1215277388691902,-0.0056464811787009,-0.0059258863329887,0.1991930454969406,0.1859510987997055,-0.3283404111862182,-0.233640655875206,0.1254664063453674,-0.3539036512374878,0.1499619930982589,0.3659077882766723,-0.0339221879839897,-0.1398912519216537,0.331610232591629,-0.0508896112442016
0.0018393044592812,-0.5971347093582153,-0.3198807537555694,0.165793627500534,-0.4951218366622925,-0.1638746112585067,0.2670311331748962,-0.7311294078826904,-0.2297907024621963,-0.1432506889104843,-0.4875868856906891,-0.1782894432544708,-0.2857193052768707,-0.6597738265991211,-0.2329113185405731,0.3223343193531036,-0.986739993095398,-0.2670495808124542,-0.3471003770828247,-0.90824556350708,-0.2814594507217407,0.1214791312813758,0.0053531876765191,0.0073007764294743,-0.1214938759803772,-0.0056212856434285,-0.005926358513534,0.1956103891134262,0.197877898812294,-0.3226895332336426,-0.2299778908491134,0.1387684494256973,-0.3493792116641998,0.1529698818922042,0.38792684674263,-0.0236264392733573,-0.1362840384244918,0.3527860045433044,-0.0467047691345214
0.0012328203301876,-0.5966566801071167,-0.3349977135658264,0.163527712225914,-0.4956893026828766,-0.1811666488647461,0.2671301066875458,-0.7345114350318909,-0.2541776299476623,-0.1444156616926193,-0.4885340631008148,-0.1906561404466629,-0.2892455160617828,-0.6654843688011169,-0.2441558986902237,0.322537362575531,-0.9885419607162476,-0.3001864552497864,-0.3493841886520386,-0.9141327142715454,-0.2996586263179779,0.121122308075428,0.0051485076546669,0.0067041451111435,-0.1211766675114631,-0.0054093999788165,-0.0053647505119442,0.2096974998712539,0.2340537905693054,-0.2782545983791351,-0.2317682802677154,0.1501059085130691,-0.3160332143306732,0.1689415127038955,0.4033320844173431,0.0298780985176563,-0.1375688165426254,0.3870384097099304,-0.0185731928795576
-0.002434114459902,-0.5925155282020569,-0.3496114015579223,0.1581650227308273,-0.4958088994026184,-0.1958998739719391,0.2584415376186371,-0.736615777015686,-0.2707373201847076,-0.1447546333074569,-0.4861454963684082,-0.2031941711902618,-0.2919850349426269,-0.6585183143615723,-0.2720626890659332,0.3093853592872619,-0.9884821176528932,-0.3127218782901764,-0.350596010684967,-0.9029080867767334,-0.3439342677593231,0.1207648366689682,0.0047692032530903,0.0064829979091882,-0.1208522990345954,-0.0050274687819182,-0.0051534492522478,0.1980241984128952,0.2460525780916214,-0.2459876388311386,-0.2302965223789215,0.164741113781929,-0.3088885545730591,0.1690677106380462,0.4102755784988403,0.0868015214800834,-0.1446614116430282,0.4029328525066376,0.0002358678320888
-0.0030631760600954,-0.5956575274467468,-0.3463245630264282,0.1589157581329345,-0.4973167777061462,-0.1920638233423233,0.2613646686077118,-0.7382305860519409,-0.2654284536838531,-0.1445425301790237,-0.4882097840309143,-0.2022649645805359,-0.2921673059463501,-0.6597887277603149,-0.2616614401340484,0.3100919723510742,-0.9911890625953674,-0.309820145368576,-0.350632756948471,-0.9046902060508728,-0.3334946632385254,0.1205562949180603,0.0046237804926931,0.0060549578629434,-0.1206740736961364,-0.004874556325376,-0.0047349366359412,0.2086348086595535,0.2472267746925354,-0.2468241900205612,-0.2301698476076126,0.1803979128599167,-0.294255256652832,0.1840966492891311,0.4239568412303924,0.0633396953344345,-0.1452043950557708,0.4141277372837066,0.0081923957914114
-0.0079879537224769,-0.5975924730300903,-0.3443979322910309,0.1555331945419311,-0.504224419593811,-0.190174326300621,0.2607986330986023,-0.7444132566452026,-0.2637357413768768,-0.1467375308275222,-0.4899840354919433,-0.199770838022232,-0.2945870161056518,-0.6590656638145447,-0.2585400938987732,0.3052218556404114,-0.9940040111541748,-0.3072130680084228,-0.3511460125446319,-0.9028170108795166,-0.3302779793739319,0.119690865278244,0.0045397421345114,0.004606784787029,-0.1198742538690567,-0.0047901952639222,-0.0033733139280229,0.2016026824712753,0.2779678106307983,-0.1308199912309646,-0.228871002793312,0.1977277845144271,-0.2326761931180954,0.1904348880052566,0.46656134724617,0.2054995447397232,-0.1424994617700576,0.4459648430347442,0.0350095406174659
-0.0079659549519419,-0.6033942699432373,-0.32835254073143,0.1556475460529327,-0.5075834393501282,-0.1792473345994949,0.2611026763916015,-0.7449196577072144,-0.2444797605276107,-0.1473942101001739,-0.494137167930603,-0.1843631863594055,-0.2946840822696686,-0.6598905324935913,-0.241544172167778,0.3065155446529388,-0.9961198568344116,-0.2870184779167175,-0.3495888411998749,-0.9041226506233216,-0.3179770112037658,0.1194837242364883,0.004208933096379,0.0041155368089675,-0.119694098830223,-0.0044531747698783,-0.0029004721436649,0.2012371718883514,0.2827484905719757,-0.1476603001356125,-0.2280536442995071,0.2068449109792709,-0.2278379499912262,0.1976544559001922,0.484504371881485,0.1698739677667617,-0.1420473605394363,0.4707768857479095,0.0271398201584815
-0.0057949414476752,-0.6035315990447998,-0.3347577452659607,0.1563199013471603,-0.5081853270530701,-0.1845530867576599,0.262162446975708,-0.7448098063468933,-0.2459604293107986,-0.1466129571199417,-0.495154470205307,-0.1905333250761032,-0.2945556938648224,-0.6582279801368713,-0.2575745284557342,0.3085132539272308,-0.9947760105133056,-0.2889953553676605,-0.3425616323947906,-0.8993386626243591,-0.344665378332138,0.1191264614462852,0.0038326864596456,0.0039325766265392,-0.1193674132227897,-0.0040938942693173,-0.0027261483483016,0.2090373039245605,0.2972578704357147,-0.0631832778453826,-0.2236349880695343,0.2254336476325988,-0.1943248659372329,0.217458575963974,0.5014707446098328,0.2726244926452636,-0.1385033428668975,0.4979663491249084,0.0423221550881862
-0.0058700637891888,-0.5978728532791138,-0.3434125185012817,0.1563254594802856,-0.508509635925293,-0.1907713115215301,0.2624946534633636,-0.7451775670051575,-0.2489341348409652,-0.1466017812490463,-0.495253711938858,-0.195900872349739,-0.2968153357505798,-0.6563328504562378,-0.2620835304260254,0.3070834875106811,-0.9935902953147888,-0.2915025353431701,-0.3418862223625183,-0.894344687461853,-0.3515874445438385,0.1186405643820762,0.0036410759203135,0.0030566409695893,-0.1189001724123954,-0.0039128023199737,-0.0018536015413701,0.1988333314657211,0.3092050850391388,-0.0260376930236816,-0.2141328603029251,0.2288012504577636,-0.2080711126327514,0.2150307744741439,0.5245070457458496,0.3133849799633026,-0.1348231881856918,0.5138481259346008,0.0247504562139511
-0.0058241114020347,-0.5979139804840088,-0.3427172601222992,0.156010240316391,-0.5081990361213684,-0.1902000457048416,0.2623353898525238,-0.7449255585670471,-0.248915895819664,-0.1466619074344635,-0.4949885308742523,-0.1961127966642379,-0.2967675030231476,-0.6551136374473572,-0.2610093355178833,0.3065628707408905,-0.9935712814331056,-0.2924333214759826,-0.3430231213569641,-0.8929678201675415,-0.3504872620105743,0.1181584894657135,0.0034747645258903,0.003097902983427,-0.1184525266289711,-0.0037362945731729,-0.0018986142240464,0.192054271697998,0.3070945143699646,-0.0579889453947544,-0.210224911570549,0.2363813668489456,-0.2145390510559082,0.2143172770738601,0.544112503528595,0.2111353278160095,-0.1348487734794616,0.5333261489868164,0.0023600731510668
-0.0072389780543744,-0.5952590107917786,-0.3519014120101928,0.1523889303207397,-0.5067850947380066,-0.1967554539442062,0.2597975134849548,-0.7426998019218445,-0.2581364214420318,-0.1491262763738632,-0.4945086240768432,-0.2073407024145126,-0.296966016292572,-0.6528257131576538,-0.2924189567565918,0.3025851249694824,-0.9919864535331726,-0.2974697947502136,-0.3431289494037628,-0.8874772191047668,-0.3930588662624359,0.117873229086399,0.0031960867345333,0.0031669873278588,-0.1181819215416908,-0.0034622082021087,-0.0019782595336437,0.1731713265180587,0.3140642046928406,-0.0778240710496902,-0.2010105550289154,0.2477690577507019,-0.2107280045747757,0.195265918970108,0.5552394986152649,0.2125858068466186,-0.1343676000833511,0.545475423336029,0.0066549652256071
-0.0087831215932965,-0.5902780890464783,-0.3523683547973633,0.1488920450210571,-0.5077725052833557,-0.1964669674634933,0.2581688463687897,-0.7426964044570923,-0.2575141489505768,-0.152516484260559,-0.4925858080387115,-0.2084028422832489,-0.2992746531963348,-0.6403132677078247,-0.2974974513053894,0.3028042316436767,-0.9901476502418518,-0.2979356050491333,-0.3430738747119903,-0.8761686682701111,-0.3989529311656952,0.1174021065235138,0.0027902075089514,0.0033612065017223,-0.117734283208847,-0.0030567063950002,-0.0021799765527248,0.1629307717084884,0.3233749270439148,-0.0583746880292892,-0.198328897356987,0.2534149885177612,-0.2140310108661651,0.1909667253494262,0.5676422119140625,0.2303566038608551,-0.134406104683876,0.5563311576843262,-0.0027282729279249
-0.0074428459629416,-0.5925026535987854,-0.3523356020450592,0.1490267664194107,-0.5053527355194092,-0.1955211013555526,0.2577681541442871,-0.7426785826683044,-0.2553901374340057,-0.1520226150751114,-0.4916610717773437,-0.2077489048242569,-0.2992461025714874,-0.6485722064971924,-0.2813843786716461,0.2966271042823791,-0.989612877368927,-0.2961279153823852,-0.3495570719242096,-0.8904655575752258,-0.3492608070373535,0.1168713867664337,0.0024550287052989,0.0037145961541682,-0.1172321438789367,-0.002720202319324,-0.002528951736167,0.1630547195672989,0.3218828439712524,-0.11187145113945,-0.1943794637918472,0.2568314373493194,-0.2154171466827392,0.1830272525548935,0.5807698965072632,0.1159732341766357,-0.1310485750436782,0.5740723013877869,-0.0259414091706275
-0.00804428383708,-0.5890774130821228,-0.3809116184711456,0.1482735723257064,-0.498905748128891,-0.2172982990741729,0.2575653791427612,-0.7422466278076172,-0.2874811291694641,-0.1502776145935058,-0.4852702617645263,-0.2320357710123062,-0.2965134382247925,-0.6409057974815369,-0.3290640711784363,0.2946534752845764,-0.986546754837036,-0.3335675299167633,-0.3451368510723114,-0.8775385618209839,-0.4301505386829376,0.1164227128028869,0.0023147114552557,0.004384989850223,-0.1168075576424598,-0.0025975878816097,-0.003179274033755,0.1598581373691558,0.3340473771095276,-0.0906838998198509,-0.182250291109085,0.2847980558872223,-0.1770298331975937,0.1810973286628723,0.6066544055938721,0.142067089676857,-0.1310293227434158,0.5993433594703674,0.0039335214532911
-0.0085772173479199,-0.5850539803504944,-0.3985674083232879,0.1434374004602432,-0.4945885241031647,-0.2304947972297668,0.2460552155971527,-0.7366979122161865,-0.3064815998077392,-0.1508568823337555,-0.4807938039302826,-0.2524598836898803,-0.2944360375404358,-0.6368063688278198,-0.3565429747104645,0.2835550606250763,-0.9821734428405762,-0.3578803539276123,-0.3448344469070434,-0.8725878596305847,-0.4601412713527679,0.1156496778130531,0.0022622775286436,0.0053216321393847,-0.1160492226481437,-0.0025512350257486,-0.0040883934125304,0.1419999152421951,0.3514028489589691,-0.0614802576601505,-0.1758416444063186,0.2824868857860565,-0.1669109612703323,0.169095829129219,0.6343396306037903,0.1434856653213501,-0.1314092129468917,0.5997732281684875,0.0134787447750568
-0.0084061436355113,-0.5859236121177673,-0.4015229344367981,0.1433192193508148,-0.4948231279850006,-0.2352301031351089,0.2446853220462799,-0.7357208728790283,-0.3106369376182556,-0.1500651240348816,-0.4803443551063537,-0.2573730051517486,-0.288172960281372,-0.6321499943733215,-0.3680589199066162,0.2809677720069885,-0.9804527163505554,-0.3616976737976074,-0.3330413103103637,-0.8645414710044861,-0.4783291220664978,0.1150872632861137,0.0021176831796765,0.0057097543030977,-0.1155104637145996,-0.0024240808561444,-0.0044846292585134,0.1441254764795303,0.3580997884273529,-0.0073617282323539,-0.1671796441078186,0.2935775220394134,-0.1200852841138839,0.1766102761030197,0.6458300948143005,0.2239571660757064,-0.1286983489990234,0.603825032711029,0.0679661035537719
-0.0070801894180476,-0.5807729959487915,-0.4200448393821716,0.142917051911354,-0.4947353601455688,-0.2485076636075973,0.2440261095762252,-0.7355939745903015,-0.3266002237796783,-0.1484411358833313,-0.4795055985450744,-0.2761783003807068,-0.2794455587863922,-0.6304047703742981,-0.3858612179756164,0.2797122299671173,-0.9795439839363098,-0.3783275783061981,-0.3167847990989685,-0.8594525456428528,-0.4941492974758148,0.1138109192252159,0.0017360725905746,0.0072049722075462,-0.1142314150929451,-0.00208176439628,-0.0059258579276502,0.132375955581665,0.370899885892868,0.0270015411078929,-0.1508443057537078,0.3153218030929565,-0.071993887424469,0.1692864894866943,0.6566482186317444,0.2509859800338745,-0.1347318291664123,0.619632363319397,0.1104159206151962
-0.0099183768033981,-0.5845447182655334,-0.4159026741981506,0.1401737332344055,-0.5006304383277893,-0.2464970648288726,0.2382642775774002,-0.7431500554084778,-0.3216509819030761,-0.1493200063705444,-0.4798405468463897,-0.2717390358448028,-0.2811109125614166,-0.6303914189338684,-0.375345915555954,0.2687324285507202,-0.9835146069526672,-0.3705068826675415,-0.3192294239997864,-0.8581392168998718,-0.4796774089336395,0.1130577251315116,0.0014232426183298,0.0072520184330642,-0.113462395966053,-0.0017853721510618,-0.0059684077277779,0.1253737062215805,0.378749817609787,0.0214668065309524,-0.1531749069690704,0.3273683488368988,-0.0534905530512332,0.1634982526302337,0.6685463786125183,0.2383120059967041,-0.14120814204216,0.6333819627761841,0.1291124373674392
-0.0102952839806675,-0.5901263356208801,-0.40119668841362,0.1400437802076339,-0.5065150260925293,-0.2347148656845092,0.236057311296463,-0.7440558671951294,-0.3012105524539947,-0.1495036631822586,-0.4824829995632171,-0.2469016462564468,-0.2821195423603058,-0.6306071877479553,-0.3448805809020996,0.2633151412010193,-0.9834749102592468,-0.3574634194374084,-0.3113414049148559,-0.8589079976081848,-0.4556653797626495,0.1127824410796165,0.0009076044079847,0.0059480196796357,-0.1131870225071907,-0.0013036543969064,-0.004687808919698,0.1268711686134338,0.3840179741382599,0.0416000373661518,-0.1524674892425537,0.3406940698623657,-0.0157745797187089,0.164329782128334,0.6685755848884583,0.2553071975708008,-0.1437014639377594,0.6502377390861511,0.1633545309305191
-0.0096719246357679,-0.5924443006515503,-0.3997806906700134,0.1402239203453064,-0.5074949264526367,-0.2338340580463409,0.2361864596605301,-0.7436642050743103,-0.30319944024086,-0.1493599861860275,-0.4835105538368225,-0.2467697113752365,-0.2820679247379303,-0.6307766437530518,-0.344807893037796,0.2645871043205261,-0.98300439119339,-0.3635573089122772,-0.3067595362663269,-0.8593932390213013,-0.4552304744720459,0.1126856356859207,0.0006438419804908,0.0051022386178374,-0.1130878999829292,-0.0010607008589431,-0.0038287157658487,0.1208612322807312,0.3901245892047882,0.0435965172946453,-0.1481121182441711,0.3510103821754455,-0.0008186954655684,0.1619632244110107,0.6775481700897217,0.2511069178581238,-0.145861268043518,0.6598776578903198,0.1757802367210388
-0.0096152648329734,-0.5943454504013062,-0.3830026686191559,0.1404570639133453,-0.5099583864212036,-0.2176954448223114,0.2363863140344619,-0.7434139251708984,-0.2927514314651489,-0.1494904607534408,-0.4863613247871399,-0.2270560711622238,-0.2828476428985595,-0.6327510476112366,-0.3168036639690399,0.264889508485794,-0.9808999300003052,-0.361374169588089,-0.3059782683849334,-0.8613210320472717,-0.4222526252269745,0.1124786287546157,0.0005813095485791,0.0045378790237009,-0.1128652244806289,-0.0010022690985351,-0.0032558138482272,0.1128868758678436,0.3980413973331451,0.0386493019759655,-0.1458090096712112,0.3585145771503448,0.0221029333770275,0.149681806564331,0.6909185647964478,0.2308695763349533,-0.151709571480751,0.6650313138961792,0.1970099508762359
-0.0084725944325327,-0.595721423625946,-0.371625691652298,0.1413452178239822,-0.512281060218811,-0.2072006314992904,0.2338187992572784,-0.7431581616401672,-0.2854442596435547,-0.1489822119474411,-0.4899148344993591,-0.2187435328960418,-0.2803934812545776,-0.6370562314987183,-0.3085585832595825,0.258126825094223,-0.9785138368606568,-0.354710578918457,-0.298480361700058,-0.8628023266792297,-0.4089386165142059,0.1122577711939811,0.0001870801643235,0.004542333073914,-0.1126295253634452,-0.0006346491281874,-0.0032560960389673,0.1126226708292961,0.4012312591075897,0.0480613224208354,-0.1294140070676803,0.3726583421230316,0.0123534658923745,0.1475694626569748,0.6994867920875549,0.230179488658905,-0.1454787701368332,0.6914517283439636,0.1794830709695816
-0.0082010049372911,-0.5958812236785889,-0.3570968210697174,0.1431969702243805,-0.5126143097877502,-0.1914957612752914,0.23395936191082,-0.7413842082023621,-0.2681564092636108,-0.1469536423683166,-0.4902814924716949,-0.2044965177774429,-0.2747507393360138,-0.6392836570739746,-0.2983464896678924,0.2590397000312805,-0.9744249582290648,-0.3341110050678253,-0.2897715866565704,-0.8676259517669678,-0.3980890810489654,0.1120288223028183,0.0001023861914291,0.0050727752968668,-0.1123890355229377,-0.0005550684290938,-0.003793247975409,0.110591359436512,0.4040271043777466,0.0442333444952964,-0.1292137801647186,0.3761349618434906,0.0067596933804452,0.1423200368881225,0.7109368443489075,0.2024501860141754,-0.1431450098752975,0.6993927955627441,0.1722325682640075
-0.0103000840172171,-0.597002387046814,-0.3433645963668823,0.141666904091835,-0.513778567314148,-0.1786389797925949,0.230579063296318,-0.7416042685508728,-0.2596673667430877,-0.1509442180395126,-0.4921280145645141,-0.1927026659250259,-0.2757738530635834,-0.654918372631073,-0.2866196632385254,0.2550264000892639,-0.9739553332328796,-0.3283831477165222,-0.2905445992946625,-0.8857453465461731,-0.3794002532958984,0.1119552478194236,-1.9578979845391583e-05,0.0053033735603094,-0.1123069152235984,-0.0004423824138939,-0.0040350118651986,0.1017413511872291,0.4062493741512298,0.0436891093850135,-0.1289636939764022,0.3787766098976135,0.0056681651622056,0.1325517445802688,0.7184385657310486,0.1893316805362701,-0.1430675387382507,0.7038434147834778,0.1701107621192932
-0.0102647012099623,-0.6066105365753174,-0.3273378908634186,0.1462874412536621,-0.5194863080978394,-0.1717323362827301,0.2302698493003845,-0.7426902055740356,-0.247055321931839,-0.1453339010477066,-0.4972405135631561,-0.1745524853467941,-0.2693658173084259,-0.6661026477813721,-0.2475864291191101,0.2491999417543411,-0.9718374609947203,-0.3117419779300689,-0.2790117859840393,-0.8938827514648438,-0.3183961510658264,0.1113892495632171,-0.0002814846229739,0.004053427837789,-0.1117592081427574,-0.0001841257180785,-0.0028441380709409,0.1099742799997329,0.4055405557155609,0.0427845865488052,-0.1246732398867607,0.3814177215099334,0.0293495096266269,0.1367492228746414,0.7166028022766113,0.1932430565357208,-0.1363550424575805,0.7061000466346741,0.1847169250249862
-0.014151057228446,-0.6062120795249939,-0.3313935101032257,0.1424589902162552,-0.5194434523582458,-0.1710742563009262,0.2226869761943817,-0.7432129979133606,-0.2450907975435257,-0.1487160921096801,-0.4968673288822174,-0.1789247393608093,-0.2697529196739197,-0.664058268070221,-0.259903073310852,0.2411008328199386,-0.9715827107429504,-0.309476763010025,-0.2777604758739471,-0.8928097486495972,-0.3420378267765045,0.111163206398487,-0.000349853769876,0.0040811379440128,-0.1115206554532051,-0.0001184719440061,-0.0028714223299175,0.1039062663912773,0.4065316617488861,0.041958637535572,-0.1252489537000656,0.3816762566566467,0.0232215151190757,0.1279480010271072,0.720528781414032,0.1829745918512344,-0.1397212892770767,0.7110146284103394,0.1770728528499603
-0.0126190716400742,-0.6062101721763611,-0.3223695755004883,0.1457685381174087,-0.5215879082679749,-0.1614374667406082,0.2230610400438308,-0.7458233833312988,-0.2302445173263549,-0.14271941781044,-0.4973562359809875,-0.1693566143512725,-0.2599188089370727,-0.6626831293106079,-0.2566153109073639,0.2412794381380081,-0.972199022769928,-0.2899564504623413,-0.2635322213172912,-0.8913292288780212,-0.3444758355617523,0.1108993589878082,-0.0005489451577886,0.0036545426119118,-0.1112578213214874,7.571726746391505e-05,-0.0024681834038347,0.1107902377843856,0.4057526290416717,0.0390531383454799,-0.1230328902602195,0.3833837211132049,0.0243215523660182,0.140043243765831,0.7190639972686768,0.182148590683937,-0.1333972662687301,0.7132373452186584,0.1748813241720199
-0.0177334751933813,-0.6069430708885193,-0.3253014385700226,0.1423923373222351,-0.5215634107589722,-0.1636581420898437,0.2189227789640426,-0.7476626038551331,-0.2342264950275421,-0.1443520933389663,-0.4972859919071197,-0.1724050343036651,-0.2606977820396423,-0.664723813533783,-0.2511774599552154,0.2337480932474136,-0.9744073748588562,-0.2942012250423431,-0.2651828825473785,-0.891922652721405,-0.3284596502780914,0.1105256080627441,-0.0006031082593835,0.0035746877547353,-0.1108788475394249,0.0001257113763131,-0.0023850251454859,0.1051506847143173,0.4057192504405975,0.0387300625443458,-0.1233505830168724,0.3845237493515014,0.0240500774234533,0.1353135108947754,0.720728874206543,0.1812943071126938,-0.1363786607980728,0.7181780338287354,0.1735750883817672
-0.0144152594730257,-0.6022621989250183,-0.3329590857028961,0.1429336816072464,-0.5198671817779541,-0.16816346347332,0.2168777883052826,-0.7494405508041382,-0.2348866313695907,-0.1388268917798996,-0.4965372085571289,-0.1833517253398895,-0.2482424825429916,-0.6641358733177185,-0.2697727680206299,0.2303648293018341,-0.9767051935195924,-0.296503484249115,-0.252090573310852,-0.8913707733154297,-0.3549368679523468,0.1101387217640876,-0.0005839669029228,0.0035114500205963,-0.1104946136474609,9.72902198554948e-05,-0.0023222039453685,0.1063271611928939,0.4056333899497986,0.0348090752959251,-0.1205061823129654,0.3845588564872741,0.0256691463291645,0.1369100660085678,0.7241091132164001,0.1795480698347091,-0.1309192180633545,0.7168278098106384,0.1753480434417724
-0.0140911052003502,-0.6094087362289429,-0.33138307929039,0.1428867280483245,-0.5208107829093933,-0.1685652285814285,0.214190736413002,-0.752229630947113,-0.2374174743890762,-0.1390609145164489,-0.49660524725914,-0.1820870488882064,-0.2504911720752716,-0.6695833206176758,-0.2595857083797455,0.2173415124416351,-0.9782886505126952,-0.2973062396049499,-0.2535874843597412,-0.8975669741630554,-0.3311319351196289,0.1099287420511245,-0.0006126732914708,0.0036773381289094,-0.110279269516468,0.0001243399310624,-0.0024861330166459,0.1049932762980461,0.4062464237213135,0.0405220761895179,-0.1176494136452674,0.3846776485443115,0.0252410471439361,0.1374077498912811,0.724322497844696,0.1928665190935135,-0.1307846903800964,0.7159506678581238,0.1773581206798553
-0.0128247570246458,-0.6092127561569214,-0.3356286585330963,0.1436091661453247,-0.5198476910591125,-0.177291065454483,0.21294666826725,-0.7524464726448059,-0.2522018253803253,-0.1378567814826965,-0.4947534799575805,-0.1860261261463165,-0.2460567504167556,-0.6670715808868408,-0.2724241912364959,0.2127062231302261,-0.9781807065010072,-0.3102970421314239,-0.2491455078125,-0.8910115957260132,-0.3632844686508178,0.1098278164863586,-0.0006499678711406,0.0036760873626917,-0.110175684094429,0.0001579350209794,-0.0024833474308252,0.105081595480442,0.4069867730140686,0.0419401042163372,-0.1175990179181099,0.3863162994384765,0.0277425218373537,0.1388234943151474,0.7240161895751953,0.1968283802270889,-0.1294369548559188,0.7186838984489441,0.1808280050754547
-0.0146900378167629,-0.6112162470817566,-0.3346334099769592,0.1433308869600296,-0.5200743079185486,-0.1802945435047149,0.2114473283290863,-0.7569400668144226,-0.2570296227931976,-0.1379937976598739,-0.4953535795211792,-0.180933341383934,-0.2458352148532867,-0.6712468862533569,-0.2534153461456299,0.2070283740758896,-0.9833507537841796,-0.3115767240524292,-0.2492319792509079,-0.8949578404426575,-0.3345164656639099,0.1097222939133644,-0.0006473702960647,0.0018644464435055,-0.1100630462169647,0.0001520886580692,-0.0007020040648058,0.1056838035583496,0.4067477881908417,0.0403251945972442,-0.117821380496025,0.3862011432647705,0.0344551280140876,0.1484470963478088,0.7242282032966614,0.1954240053892135,-0.1269723623991012,0.7184151411056519,0.1877108663320541
-0.0136281559243798,-0.6095757484436035,-0.3358565270900726,0.1436273604631424,-0.5191999077796936,-0.1805220544338226,0.2107921242713928,-0.7567110061645508,-0.2570613324642181,-0.1373136192560196,-0.4931811392307281,-0.1835112869739532,-0.2437533140182495,-0.664017379283905,-0.2665583193302154,0.2087253928184509,-0.9835931658744812,-0.3124938011169433,-0.2475584596395492,-0.8913848996162415,-0.3571453094482422,0.1096072494983673,-0.0007070178980939,0.0019447006052359,-0.1099472343921661,0.0002093743387376,-0.0007787580252625,0.1065759733319282,0.4068072140216827,0.0391084924340248,-0.1205032244324684,0.387057900428772,0.0340783558785915,0.1529608964920044,0.7244661450386047,0.1884113252162933,-0.1303040087223053,0.7211236357688904,0.1838839799165725
-0.0121074924245476,-0.6091361045837402,-0.3375270068645477,0.1438544243574142,-0.5171298980712891,-0.1842025369405746,0.2111253589391708,-0.7547094821929932,-0.2606209516525268,-0.1367348581552505,-0.4930192530155182,-0.1832311004400253,-0.244199514389038,-0.6637428998947144,-0.2650278806686401,0.2095786780118942,-0.9822864532470704,-0.3177025020122528,-0.2470494359731674,-0.8908593058586121,-0.3568454682826996,0.1094301119446754,-0.0006689935689792,0.0006629066774621,-0.109755627810955,0.0001701163419056,0.0004822878108825,0.1090201064944267,0.4064543843269348,0.0357989594340324,-0.1192640662193298,0.387123703956604,0.0349604822695255,0.165976732969284,0.7254753708839417,0.1760368049144745,-0.126350924372673,0.7232990860939026,0.1834612935781479
-0.0134738683700561,-0.6098081469535828,-0.3228254318237304,0.1438283026218414,-0.5178722739219666,-0.1747508347034454,0.2107895016670227,-0.7540621757507324,-0.2474590837955474,-0.1367757320404052,-0.494901031255722,-0.1642872393131256,-0.2444570511579513,-0.6693128943443298,-0.2290031015872955,0.2086319178342819,-0.9820927381515504,-0.3022946119308471,-0.2461443245410919,-0.8977763652801514,-0.3042179942131042,0.1092759519815445,-0.0006615299498662,-0.000384003156796,-0.1095937490463256,0.0001619779359316,0.001497734687291,0.1090264767408371,0.4063977301120758,0.03513665497303,-0.118379108607769,0.3874909877777099,0.0369756557047367,0.1665060818195343,0.7259759902954102,0.1766840517520904,-0.1206011921167373,0.723792552947998,0.1843167841434478
-0.0167213417589664,-0.6105477213859558,-0.3036235272884369,0.1414411514997482,-0.5196411609649658,-0.1562016755342483,0.2075061053037643,-0.7505441308021545,-0.2277291864156723,-0.1395978182554245,-0.4988609850406647,-0.1445101052522659,-0.2463000416755676,-0.6728509664535522,-0.199994295835495,0.2050042152404785,-0.9788395762443542,-0.2824326455593109,-0.2465462833642959,-0.9021129608154296,-0.271202027797699,0.1092031970620155,-0.0006925929337739,-9.947475518856663e-06,-0.1095238327980041,0.0001923887757584,0.0011467797448858,0.1021128520369529,0.4076893329620361,0.0350617915391922,-0.113389179110527,0.3864094913005829,0.0233863312751054,0.1511337459087371,0.7265445590019226,0.1769265234470367,-0.119931474328041,0.7216054797172546,0.1695127636194229
-0.0166579168289899,-0.610427975654602,-0.3061022460460663,0.1425646543502807,-0.5185456275939941,-0.1586725711822509,0.206472635269165,-0.7455838918685913,-0.2290230244398117,-0.137458398938179,-0.4983462393283844,-0.1479328572750091,-0.2440254241228103,-0.6712515354156494,-0.2041956931352615,0.2023250460624694,-0.9751008152961732,-0.2832947671413421,-0.2439245730638504,-0.9016923904418944,-0.2959231734275818,0.1091375350952148,-0.0007733292877674,3.623568409238942e-05,-0.1094562783837318,0.0002764098753686,0.001107930089347,0.1023635938763618,0.4076671898365021,0.0280077345669269,-0.1134051010012626,0.3863538801670074,0.0183671042323112,0.1513145714998245,0.7265410423278809,0.1648882925510406,-0.1183746010065078,0.7215328216552734,0.1586335748434066
-0.0198601856827735,-0.6106675863265991,-0.3241042792797088,0.1416899412870407,-0.515723705291748,-0.1790452301502227,0.2079600244760513,-0.7385174036026001,-0.2532280385494232,-0.1394586712121963,-0.4985108375549316,-0.1586716622114181,-0.2445039600133896,-0.6739618182182312,-0.2057922780513763,0.2026230692863464,-0.969288170337677,-0.30477374792099,-0.2441165000200271,-0.903353989124298,-0.2985140085220337,0.1090393438935279,-0.0007742722518742,-0.0006695651100017,-0.1093539223074913,0.0002755306486506,0.0017999928677454,0.1025865525007247,0.4072663784027099,0.0287766996771097,-0.1116458028554916,0.3859118521213531,0.021833412349224,0.1518490761518478,0.7268195748329163,0.165049061179161,-0.1105346605181694,0.7218203544616699,0.1599521040916443
-0.0224217940121889,-0.6145495176315308,-0.2857747077941894,0.1418463587760925,-0.5183729529380798,-0.1524152755737304,0.2066771835088729,-0.7389585971832275,-0.2319332063198089,-0.1393473446369171,-0.5024468302726746,-0.119346410036087,-0.2477181702852249,-0.6777028441429138,-0.1610792130231857,0.1977468132972717,-0.9702596068382264,-0.2849527597427368,-0.2498059272766113,-0.9087016582489014,-0.2288123220205307,0.1089832410216331,-0.0007757304701954,-0.0014477892545983,-0.1092974245548248,0.0002780845679808,0.0025938609614968,0.104489080607891,0.406794786453247,0.0201859232038259,-0.1107696741819381,0.3857118785381317,0.020434346050024,0.1544153988361358,0.7268538475036621,0.1541037708520889,-0.1096639335155487,0.7217866778373718,0.1557443886995315
-0.0256629660725593,-0.615544319152832,-0.2894396781921386,0.1422598361968994,-0.5235505700111389,-0.1537647843360901,0.2091497629880905,-0.7502041459083557,-0.2269650101661682,-0.1393931955099105,-0.5062106847763062,-0.1210168004035949,-0.2490875273942947,-0.6857357621192932,-0.1557479202747345,0.1990232467651367,-0.97843337059021,-0.2749733328819275,-0.2543533146381378,-0.9126278162002563,-0.2175745218992233,0.1089047938585281,-0.0004745613259728,-0.0038704127073287,-0.1092084422707557,-2.7215150112169795e-05,0.0049908612854778,0.1073947250843048,0.405962735414505,0.0206910297274589,-0.1103663221001625,0.3847264647483825,0.034975592046976,0.1554778069257736,0.7268815040588379,0.1555749326944351,-0.1060631424188613,0.7190142273902893,0.1725897192955017
-0.0270174127072095,-0.6141457557678223,-0.2919989228248596,0.1418703943490982,-0.5236320495605469,-0.1537155508995056,0.2090646624565124,-0.7503111362457275,-0.2246530801057815,-0.1402786076068878,-0.5048828125,-0.1243580356240272,-0.251701682806015,-0.681252658367157,-0.1667816787958145,0.1988195776939392,-0.9783706068992616,-0.2747001945972442,-0.2582901120185852,-0.9091868996620178,-0.2333670705556869,0.1088835746049881,-0.0005548655171878,-0.0030985388439148,-0.1091830804944038,4.82107607240323e-05,0.004243723116815,0.1075689941644668,0.4059231877326965,0.0208614617586135,-0.1102425754070282,0.3846918642520904,0.0273290146142244,0.1554844975471496,0.726313054561615,0.1572466790676117,-0.1059873327612876,0.7189714908599854,0.1664585173130035
-0.0279659572988748,-0.6146067380905151,-0.293751448392868,0.142138659954071,-0.5236806869506836,-0.1539565920829773,0.2122547477483749,-0.7500382661819458,-0.2233201563358307,-0.1402292996644973,-0.5052264332771301,-0.1272757351398468,-0.2518655061721802,-0.6829294562339783,-0.168292611837387,0.1999506205320358,-0.9782028198242188,-0.2718288600444793,-0.2584435939788818,-0.9101741909980774,-0.2314224541187286,0.1088478192687034,-0.0006301780231297,-0.0023628633935004,-0.1091445833444595,0.0001188534006359,0.0035260596778243,0.1096786633133888,0.4057566225528717,0.0280871037393808,-0.1075040251016616,0.384719967842102,0.0228756461292505,0.1558277904987335,0.7260085344314575,0.1632010638713836,-0.1064751073718071,0.720319390296936,0.1587817221879959
-0.0339932031929492,-0.6211383938789368,-0.2841847836971283,0.1413654536008834,-0.528029203414917,-0.152248278260231,0.2121488004922866,-0.7542456388473511,-0.2226411253213882,-0.141321375966072,-0.5102439522743225,-0.1111560761928558,-0.2573641538619995,-0.691105842590332,-0.1351953446865081,0.1997474879026413,-0.9807085990905762,-0.2717990279197693,-0.2621177136898041,-0.9143643975257874,-0.1935017853975296,0.1086103767156601,-0.0005080543342046,-0.0047811795957386,-0.1088800206780433,-1.7344956404485856e-06,0.0059426575899124,0.1083805412054061,0.4057820737361908,0.0298140104860067,-0.1079217717051506,0.3847739696502685,0.0392278432846069,0.1538572162389755,0.7265393137931824,0.1651923507452011,-0.1066294312477111,0.7203453183174133,0.1784616559743881
-0.0389226265251636,-0.6196091175079346,-0.2870412766933441,0.1386399567127227,-0.5275347232818604,-0.1538689136505127,0.2114502042531967,-0.7541214823722839,-0.2250006198883056,-0.1447651982307434,-0.5100449919700623,-0.1128877252340316,-0.2624263167381286,-0.6905022263526917,-0.1453801393508911,0.1975531727075576,-0.980239748954773,-0.2732041776180267,-0.2673221230506897,-0.913326621055603,-0.2074980735778808,0.10859315097332,-0.0005464265123009,-0.0050107948482036,-0.1088608428835868,3.616972389863804e-05,0.0061762621626257,0.1083954647183418,0.4054470360279083,0.0283707231283187,-0.1080748289823532,0.3846886157989502,0.0356549508869648,0.1546001136302948,0.7244200110435486,0.1651504635810852,-0.107134036719799,0.7203466892242432,0.1721226572990417
-0.0387036763131618,-0.6194455027580261,-0.291095107793808,0.1393045932054519,-0.5268454551696777,-0.1584616303443908,0.2115819603204727,-0.7539803981781006,-0.2287832647562027,-0.1432704031467437,-0.510129451751709,-0.1166072040796279,-0.2599371671676636,-0.690809965133667,-0.1487432569265365,0.1983837038278579,-0.9800002574920654,-0.2759635746479034,-0.2676141262054443,-0.9132140278816224,-0.2128081023693084,0.1084774285554885,-0.0005025967257097,-0.0059908577241003,-0.108750894665718,-4.999851171305636e-06,0.0071316724643111,0.1169747784733772,0.4042708575725555,0.0279509127140045,-0.1080387532711029,0.3846794664859772,0.0388983078300952,0.1628102362155914,0.7242193818092346,0.1638633608818054,-0.1071512401103973,0.7209400534629822,0.1743373125791549
-0.0387319400906562,-0.6193414926528931,-0.2852517664432525,0.1395847797393798,-0.5284778475761414,-0.1555608361959457,0.2117672562599182,-0.7553353309631348,-0.2276939898729324,-0.1431972086429596,-0.512112021446228,-0.1079705134034156,-0.2600112855434418,-0.6964176893234253,-0.1341220140457153,0.1968191415071487,-0.9799301624298096,-0.273337185382843,-0.2680973708629608,-0.9209862947463988,-0.1930939853191375,0.1083677411079406,-0.0003448801289778,-0.0073052854277193,-0.1086253747344017,-0.0001594498171471,0.0084384735673666,0.1145669668912887,0.4048316180706024,0.0234221871942281,-0.10995664447546,0.3848817646503448,0.0407314710319042,0.1597027331590652,0.7264402508735657,0.1588357537984848,-0.1074692085385322,0.7219164967536926,0.1751652508974075
-0.0396191105246543,-0.6184442639350891,-0.2851902544498443,0.1369772851467132,-0.5283905863761902,-0.1435872167348861,0.2090300172567367,-0.7549187541007996,-0.2070489525794983,-0.1472989469766616,-0.5118134021759033,-0.1098036244511604,-0.261270523071289,-0.6959580183029175,-0.1478251218795776,0.1948213428258896,-0.9784679412841796,-0.2499293386936187,-0.2679953873157501,-0.9200248122215272,-0.2102590799331665,0.1084135472774505,-0.0005013293703086,-0.0048838066868484,-0.1086716502904892,-1.673082442721352e-05,0.006067665759474,0.1142039522528648,0.404814064502716,0.0244334619492292,-0.1109391897916793,0.3847830593585968,0.0311655011028051,0.158083900809288,0.725122332572937,0.1605576127767563,-0.1107212007045745,0.7218995690345764,0.1653897613286972
-0.0486796349287033,-0.6239345669746399,-0.2533961236476898,0.1355818063020706,-0.5333235263824463,-0.1265636682510376,0.2078299224376678,-0.7582089900970459,-0.1975241303443908,-0.1474774628877639,-0.5150079727172852,-0.0782959461212158,-0.2612937688827514,-0.6956767439842224,-0.0990829914808273,0.1839293241500854,-0.9897114634513856,-0.2408007234334945,-0.2753476500511169,-0.919155478477478,-0.1582040786743164,0.1079203113913536,-0.0004740464501082,-0.006716497708112,-0.1081582754850387,-3.84381964977365e-05,0.0078984843567013,0.1137005016207695,0.4041330516338348,0.0261837095022201,-0.1106030642986297,0.3848675787448883,0.038794707506895,0.1580957174301147,0.7251126170158386,0.1636799424886703,-0.1110521629452705,0.7220344543457031,0.1750730276107788
-0.0485975407063961,-0.62369304895401,-0.2509538233280182,0.1353503614664077,-0.5350852012634277,-0.125971257686615,0.2080750167369842,-0.7580826878547668,-0.2002246975898742,-0.1499059051275253,-0.5162054896354675,-0.0773666426539421,-0.2642120718955993,-0.6956009268760681,-0.1036891639232635,0.183663472533226,-0.9883443713188172,-0.2419442236423492,-0.2764196395874023,-0.9187422394752502,-0.1648181229829788,0.1078060045838356,-0.0004943967214785,-0.0076423287391662,-0.1080338954925537,-1.1421671842981596e-05,0.0088089536875486,0.111778475344181,0.4041398763656616,0.0260372869670391,-0.1064357087016105,0.3850175440311432,0.0394253991544246,0.1573738157749176,0.7262824177742004,0.1623623520135879,-0.1041310653090477,0.7229260802268982,0.1748897284269333
-0.0532193966209888,-0.6174675822257996,-0.2546264231204986,0.1318650543689727,-0.534785807132721,-0.1267158985137939,0.2016873359680175,-0.7549856901168823,-0.2008316665887832,-0.1512519419193267,-0.5150057673454285,-0.0796768516302108,-0.2707282304763794,-0.685710072517395,-0.1043800115585327,0.1790443956851959,-0.984752357006073,-0.2449436336755752,-0.2869779467582702,-0.9066895246505736,-0.1681618690490722,0.1077735051512718,-0.0004364615888334,-0.0079488223418593,-0.1079999282956123,-6.59097422612831e-05,0.0091329980641603,0.1088100001215934,0.4045038819313049,0.0176167897880077,-0.1076762378215789,0.3850651383399963,0.0324217490851879,0.1556242704391479,0.7278207540512085,0.1486025154590606,-0.1065619140863418,0.7246116399765015,0.1614324301481247
-0.0528039149940013,-0.6169002652168274,-0.2649516761302948,0.1327219158411026,-0.5342280268669128,-0.1345195025205612,0.2036338448524475,-0.7550567984580994,-0.2088914215564727,-0.1511294245719909,-0.5147883296012878,-0.0928908884525299,-0.2693294882774353,-0.6860747933387756,-0.1198668926954269,0.1795584261417389,-0.98451828956604,-0.2535227537155151,-0.2852340340614319,-0.9069328308105468,-0.1787438541650772,0.1077692359685897,-0.0003741768596228,-0.0078607657924294,-0.1079977378249168,-0.0001271708752028,0.0090378997847437,0.1116128340363502,0.4044345021247864,0.0179638396948575,-0.1076061874628067,0.3846636712551117,0.0325452126562595,0.1545035243034362,0.7288002371788025,0.1540890336036682,-0.106607899069786,0.7222884893417358,0.1657879799604416
-0.0570083186030387,-0.6142305731773376,-0.2653125524520874,0.1313860863447189,-0.5342133045196533,-0.1371626108884811,0.2032819837331771,-0.7560735940933228,-0.2139429450035095,-0.1516755372285843,-0.5141928791999817,-0.0929461792111396,-0.2695301473140716,-0.68607497215271,-0.1199539005756378,0.1751225739717483,-0.9852182269096376,-0.2574049234390259,-0.2854590713977813,-0.9070937037467957,-0.1794084161520004,0.107354886829853,-0.0003094365238212,-0.0092965178191661,-0.1075834035873413,-0.0001853246358223,0.0104299187660217,0.1076455935835838,0.4039567112922668,0.0157612953335046,-0.106715589761734,0.3852179944515228,0.0345205105841159,0.1516599506139755,0.7288464307785034,0.1461071074008941,-0.1061358675360679,0.7256935834884644,0.1657784134149551
-0.0568371713161468,-0.6151034235954285,-0.2629762589931488,0.1314308047294616,-0.5354588627815247,-0.1348887532949447,0.2032358199357986,-0.7583872079849243,-0.2098553478717804,-0.1516643464565277,-0.5138545632362366,-0.0908268615603447,-0.2694395780563354,-0.68515944480896,-0.1162753999233245,0.1749502569437027,-0.9858379364013672,-0.2542806565761566,-0.2850514352321625,-0.9062012434005736,-0.1739247888326645,0.1073476523160934,-0.0002950491616502,-0.0092073492705821,-0.1075737997889518,-0.0001989011361729,0.0103453453630208,0.1110447272658348,0.4039260745048523,0.0183367561548948,-0.1067642495036125,0.3851670324802398,0.0362865515053272,0.1522485613822937,0.7288057208061218,0.1539387255907058,-0.1061860993504524,0.7243046164512634,0.1715151667594909
-0.0607454366981983,-0.613860547542572,-0.2581114470958709,0.1309694498777389,-0.5358743071556091,-0.1333706527948379,0.2030765414237976,-0.758479654788971,-0.2099739611148834,-0.1523214876651764,-0.5145084857940674,-0.0814932286739349,-0.2693189978599548,-0.6866797804832458,-0.1048002764582634,0.1721410006284713,-0.9864091873168944,-0.2546904683113098,-0.2850947380065918,-0.9082417488098145,-0.1638985127210617,0.1070649176836013,-5.876457726117224e-05,-0.0115318847820162,-0.1072811409831047,-0.0004233564250171,0.0126358270645141,0.1084452718496322,0.4037189781665802,0.0129023417830467,-0.106246180832386,0.385188341140747,0.0418512225151062,0.1497758030891418,0.7312115430831909,0.141042098402977,-0.1043837144970893,0.7246967554092407,0.1719181984663009
-0.0620420463383197,-0.6165264248847961,-0.2501852810382843,0.1299144476652145,-0.5378976464271545,-0.1269990801811218,0.1997463852167129,-0.7617033123970032,-0.2001701742410659,-0.1518086493015289,-0.5163214206695557,-0.0746648088097572,-0.2612079083919525,-0.6876198053359985,-0.0958658158779144,0.1668522655963897,-0.9929006695747375,-0.2376506477594375,-0.2839183509349823,-0.9082829356193542,-0.1528131514787674,0.106689378619194,1.0607071772028576e-06,-0.0125307040289044,-0.1068998053669929,-0.0004810723185073,0.0136208999902009,0.1115640103816986,0.4022122323513031,0.0148533694446086,-0.1061124876141548,0.3852294087409973,0.0519655086100101,0.1559557765722274,0.7299516797065735,0.1472393274307251,-0.1042088270187377,0.7245112657546997,0.1855055689811706
