FrameNo,head_x,head_y,head_z,left_shoulder_x,left_shoulder_y,left_shoulder_z,left_elbow_x,left_elbow_y,left_elbow_z,right_shoulder_x,right_shoulder_y,right_shoulder_z,right_elbow_x,right_elbow_y,right_elbow_z,left_hand_x,left_hand_y,left_hand_z,right_hand_x,right_hand_y,right_hand_z,left_hip_x,left_hip_y,left_hip_z,right_hip_x,right_hip_y,right_hip_z,left_knee_x,left_knee_y,left_knee_z,right_knee_x,right_knee_y,right_knee_z,left_foot_x,left_foot_y,left_foot_z,right_foot_x,right_foot_y,right_foot_z
0,0.5167768001556396,0.2583865225315094,-0.16219599545001984,0.5641737580299377,0.33651483058929443,-0.0001822182966861874,0.5844691395759583,0.4360012412071228,0.006709154229611158,0.47998183965682983,0.3433893024921417,0.03335927426815033,0.4642278552055359,0.44847869873046875,0.06458895653486252,0.589488685131073,0.5235238671302795,-0.11375024914741516,0.46038123965263367,0.534451961517334,-0.026433836668729782,0.5493428707122803,0.5451845526695251,-0.013798455707728863,0.4976450502872467,0.5463468432426453,0.013845202513039112,0.550759494304657,0.7143341302871704,-0.0508280023932457,0.4965052604675293,0.7163149118423462,-0.023407988250255585,0.559708833694458,0.8740566968917847,0.056280676275491714,0.5002484321594238,0.8752578496932983,0.08370889723300934
1,0.5169389247894287,0.25826817750930786,-0.24850699305534363,0.5643991827964783,0.33661752939224243,-0.05232779309153557,0.5844498872756958,0.4359874427318573,-0.00570759829133749,0.4795459508895874,0.34342384338378906,-0.03191789984703064,0.46399298310279846,0.44902127981185913,0.02502283826470375,0.5895214080810547,0.5235354900360107,-0.1105857789516449,0.4603494107723236,0.536679208278656,-0.056827593594789505,0.5488191843032837,0.5452467203140259,-0.012582299299538136,0.49653899669647217,0.5463898181915283,0.012564455159008503,0.5509354472160339,0.715521514415741,-0.04337430000305176,0.49645739793777466,0.7168834209442139,-0.018904320895671844,0.5599325895309448,0.8749631643295288,0.056189097464084625,0.49925968050956726,0.8754861950874329,0.08936751633882523
2,0.5165762305259705,0.25781115889549255,-0.21686330437660217,0.5645074844360352,0.3366253972053528,-0.034073859453201294,0.5844672918319702,0.4359886646270752,-0.006502560805529356,0.4794152081012726,0.3434334695339203,-0.013498693704605103,0.46450522541999817,0.4492192268371582,0.026279477402567863,0.5895216464996338,0.5245258212089539,-0.11065395921468735,0.460384726524353,0.5387639999389648,-0.050688695162534714,0.5488281846046448,0.5457572937011719,-0.014004715718328953,0.4965280294418335,0.5471218824386597,0.013989612460136414,0.5510666966438293,0.7164328098297119,-0.04424966126680374,0.4959821403026581,0.7179531455039978,-0.010579118505120277,0.560444176197052,0.8742539286613464,0.053416986018419266,0.49919790029525757,0.8753499388694763,0.09903620928525925
3,0.5165876746177673,0.25728416442871094,-0.2318996638059616,0.5648977160453796,0.3367113769054413,-0.04199063032865524,0.5844739079475403,0.436005175113678,-0.00645257206633687,0.47946134209632874,0.34334442019462585,-0.018969837576150894,0.46449437737464905,0.4492136240005493,0.028103435412049294,0.5896955132484436,0.5245716571807861,-0.11070697009563446,0.46038544178009033,0.5387743711471558,-0.05902204290032387,0.5487658977508545,0.5460357666015625,-0.01278443168848753,0.4962363839149475,0.5473051071166992,0.012758036144077778,0.5511825680732727,0.7166756391525269,-0.04355952516198158,0.4960266053676605,0.7187468409538269,-0.012109197676181793,0.5605180263519287,0.8738871216773987,0.06146988272666931,0.49907201528549194,0.8755407333374023,0.0981961190700531
4,0.5169557332992554,0.2570209801197052,-0.22765395045280457,0.5649963617324829,0.33671969175338745,-0.04374593123793602,0.5845447778701782,0.4359844923019409,-0.008512606844305992,0.4793662428855896,0.3433465361595154,-0.0159121286123991,0.46492576599121094,0.4495571255683899,0.030617743730545044,0.5897870063781738,0.5248344540596008,-0.1115107387304306,0.46045878529548645,0.5394564867019653,-0.058791082352399826,0.5488059520721436,0.5467114448547363,-0.012882456183433533,0.49622583389282227,0.5482375621795654,0.012855321168899536,0.5513888597488403,0.7169720530509949,-0.04085250571370125,0.49575144052505493,0.7195646166801453,-0.00820340495556593,0.5610899329185486,0.8737761378288269,0.07499881088733673,0.4990352988243103,0.875383198261261,0.11228343099355698
5,0.5170858502388,0.2569386661052704,-0.21608597040176392,0.5652650594711304,0.3367740511894226,-0.03709452971816063,0.5845322012901306,0.4361140727996826,-0.006691406946629286,0.47950485348701477,0.34334036707878113,-0.009594214148819447,0.4649471044540405,0.4494614899158478,0.03291110694408417,0.5899200439453125,0.5248985886573792,-0.11112385243177414,0.4604908227920532,0.5392643213272095,-0.05775836110115051,0.5488569736480713,0.546760618686676,-0.011881896294653416,0.4962095320224762,0.548245906829834,0.011863931082189083,0.5515666604042053,0.7172642946243286,-0.039863456040620804,0.4959211051464081,0.7199603319168091,-0.008764252997934818,0.5610938668251038,0.8736250400543213,0.07186375558376312,0.49902600049972534,0.8755760788917542,0.1074749305844307
6,0.5173763632774353,0.2564261257648468,-0.18465682864189148,0.5655350685119629,0.33682626485824585,-0.020113857463002205,0.5846263766288757,0.43611425161361694,0.010946707800030708,0.4795503318309784,0.3433166742324829,0.011205104179680347,0.46523502469062805,0.44946664571762085,0.05684088543057442,0.5900088548660278,0.5249381065368652,-0.08477655053138733,0.4607526957988739,0.5392065644264221,-0.02265295758843422,0.5488156080245972,0.5468454360961914,-0.012233899906277657,0.496162086725235,0.5482856035232544,0.01220572181046009,0.5517467260360718,0.7182069420814514,-0.04191549867391586,0.4958677589893341,0.721252977848053,-0.010148664005100727,0.5611929893493652,0.8735053539276123,0.07128069549798965,0.49888068437576294,0.8755137920379639,0.10540296137332916
7,0.5179792046546936,0.2564195990562439,-0.1827414482831955,0.5658756494522095,0.3369016647338867,-0.012414621189236641,0.5848284959793091,0.43611088395118713,0.015717001631855965,0.47988781332969666,0.34314605593681335,0.01335435826331377,0.4657260775566101,0.4492515027523041,0.05543696880340576,0.5901492834091187,0.5251457095146179,-0.08314607292413712,0.4608933925628662,0.539076030254364,-0.026224441826343536,0.548912763595581,0.5469618439674377,-0.012125974521040916,0.49623462557792664,0.5483922958374023,0.012109309434890747,0.5518775582313538,0.7183001637458801,-0.04193764179944992,0.4953641891479492,0.7214421033859253,-0.01151505671441555,0.5621586441993713,0.8735834956169128,0.07086870074272156,0.49860191345214844,0.8756640553474426,0.10166408121585846
8,0.5193290710449219,0.25647878646850586,-0.21065108478069305,0.5663452744483948,0.33697348833084106,-0.02154526114463806,0.5849074125289917,0.4361620247364044,0.0136033920571208,0.479986310005188,0.3431030511856079,-0.005777283105999231,0.4662025272846222,0.44924595952033997,0.04094131290912628,0.5903075337409973,0.5253392457962036,-0.08695799857378006,0.4611883759498596,0.5390406847000122,-0.04580169916152954,0.5489165782928467,0.5470244884490967,-0.01125389151275158,0.49618974328041077,0.5484079718589783,0.011239055544137955,0.5519051551818848,0.7181651592254639,-0.040945153683423996,0.4953671395778656,0.7214567065238953,-0.012058665044605732,0.5621243119239807,0.8733855485916138,0.07415926456451416,0.49857646226882935,0.8755435347557068,0.10196120291948318
9,0.5199065208435059,0.25656211376190186,-0.2195182591676712,0.5666059255599976,0.3370233178138733,-0.02744816057384014,0.585085928440094,0.43616124987602234,0.013099800795316696,0.48007720708847046,0.34301939606666565,-0.008334307931363583,0.4666733741760254,0.4490189254283905,0.03917062655091286,0.5904253125190735,0.5254698395729065,-0.0899406149983406,0.4614766538143158,0.5384233593940735,-0.050686970353126526,0.5490403771400452,0.5472896099090576,-0.011283851228654385,0.4962146282196045,0.5485591292381287,0.011270544491708279,0.552043080329895,0.7183645367622375,-0.04030299559235573,0.4953010380268097,0.7216324210166931,-0.012257753871381283,0.5626372694969177,0.8733366131782532,0.07993422448635101,0.4985945224761963,0.8755618333816528,0.10970728099346161
10,0.5199532508850098,0.2565671503543854,-0.21379360556602478,0.5668141841888428,0.3371514678001404,-0.02655302919447422,0.585395097732544,0.43624675273895264,0.013583650812506676,0.48023757338523865,0.3430165648460388,-0.005685342010110617,0.4668644666671753,0.44887474179267883,0.039335157722234726,0.590542197227478,0.5256364941596985,-0.08857661485671997,0.4617319703102112,0.5377964973449707,-0.05032801628112793,0.5490310788154602,0.5473062992095947,-0.01107014436274767,0.4961315095424652,0.5485503673553467,0.011055514216423035,0.5520459413528442,0.7183136343955994,-0.040341850370168686,0.49530020356178284,0.7216227054595947,-0.013213062658905983,0.5624909400939941,0.8732460737228394,0.07696899771690369,0.4985773265361786,0.8755884170532227,0.10941167920827866
11,0.520774781703949,0.25703033804893494,-0.21192283928394318,0.5668935775756836,0.33716875314712524,-0.0238243006169796,0.5854905843734741,0.43625107407569885,0.018839720636606216,0.48025286197662354,0.3427993655204773,-0.004461688455194235,0.46723055839538574,0.44850394129753113,0.04027210921049118,0.5906029343605042,0.5259537100791931,-0.08079928904771805,0.4619976282119751,0.5371279120445251,-0.049112431704998016,0.5491582155227661,0.5473646521568298,-0.010886241681873798,0.49616536498069763,0.5485798716545105,0.010876230895519257,0.5521905422210693,0.7183879613876343,-0.039375390857458115,0.49521443247795105,0.7215386629104614,-0.01355226431041956,0.5624794960021973,0.8737801313400269,0.07647456228733063,0.4986051321029663,0.8755677342414856,0.10777522623538971
12,0.5207797288894653,0.2571275532245636,-0.21102143824100494,0.5671041011810303,0.33731919527053833,-0.022319795563817024,0.5856666564941406,0.4362703859806061,0.019522789865732193,0.48040884733200073,0.34280139207839966,-0.0036748629063367844,0.46720731258392334,0.44821539521217346,0.04232879355549812,0.5906291007995605,0.5259641408920288,-0.08093429356813431,0.46206027269363403,0.5358183979988098,-0.04423936456441879,0.5490897297859192,0.5473613142967224,-0.010121410712599754,0.4960668981075287,0.5484537482261658,0.01010816264897585,0.552185595035553,0.7183628678321838,-0.03950025886297226,0.49523353576660156,0.7215235233306885,-0.018806669861078262,0.5623258948326111,0.8728327751159668,0.07439211755990982,0.498649537563324,0.8756076693534851,0.0950780063867569
13,0.5212164521217346,0.2576253116130829,-0.20106858015060425,0.5671570897102356,0.33732616901397705,-0.017646143212914467,0.5857616066932678,0.4362698495388031,0.01979861594736576,0.4804181158542633,0.34274134039878845,0.001125550945289433,0.4673355221748352,0.4479846954345703,0.044174183160066605,0.5906830430030823,0.5262675285339355,-0.08115576952695847,0.46216946840286255,0.5356733202934265,-0.04254549369215965,0.5492392778396606,0.5472978949546814,-0.010222448036074638,0.49616536498069763,0.5484463572502136,0.010217353701591492,0.5523250102996826,0.7184653878211975,-0.03956465423107147,0.49517276883125305,0.721248984336853,-0.01850372552871704,0.5623236894607544,0.8735489845275879,0.0712701603770256,0.4985944926738739,0.8755932450294495,0.09525573253631592
14,0.5211953520774841,0.2578640580177307,-0.21860145032405853,0.5672816038131714,0.33760693669319153,-0.0256903525441885,0.585924506187439,0.43626829981803894,0.018783656880259514,0.4806307256221771,0.34273701906204224,-0.00829855352640152,0.4673307538032532,0.4477217197418213,0.04387165978550911,0.5907069444656372,0.5262337923049927,-0.07909440994262695,0.46219173073768616,0.534761905670166,-0.04012637212872505,0.5491015315055847,0.5472337603569031,-0.01005839928984642,0.4959498941898346,0.548215389251709,0.010040332563221455,0.5523279905319214,0.7185181379318237,-0.03997016325592995,0.49536964297294617,0.7212566137313843,-0.019682660698890686,0.5623143911361694,0.8733404278755188,0.06795326620340347,0.4985949993133545,0.8755916953086853,0.09226854890584946
15,0.5218164920806885,0.25795137882232666,-0.2015654742717743,0.567315399646759,0.3376159369945526,-0.01809554174542427,0.5859888195991516,0.4362570643424988,0.019056180492043495,0.4806307554244995,0.3428242802619934,-0.0007734991959296167,0.46765512228012085,0.4476333260536194,0.04424010217189789,0.5907135009765625,0.5263516902923584,-0.08036697655916214,0.46220511198043823,0.5346794724464417,-0.0401899591088295,0.5493042469024658,0.5469890832901001,-0.010089201852679253,0.4961354434490204,0.5481545925140381,0.010080501437187195,0.5529151558876038,0.7185324430465698,-0.04003458842635155,0.4953811466693878,0.7203043103218079,-0.019109446555376053,0.5623121857643127,0.8735131025314331,0.06454827636480331,0.49850255250930786,0.8755998015403748,0.09230652451515198
16,0.5218945741653442,0.2582738697528839,-0.22460046410560608,0.5675449371337891,0.3378218710422516,-0.027490776032209396,0.5860552787780762,0.4362696707248688,0.016933493316173553,0.48081451654434204,0.3428293764591217,-0.014555685222148895,0.46756547689437866,0.44755449891090393,0.03884727507829666,0.5907190442085266,0.5262355208396912,-0.08121023327112198,0.4622063934803009,0.5344772934913635,-0.042438361793756485,0.5492395162582397,0.5469867587089539,-0.009242009371519089,0.4960355758666992,0.5481106638908386,0.009208541363477707,0.5529226660728455,0.7187642455101013,-0.04012076184153557,0.49538159370422363,0.7202851176261902,-0.020409055054187775,0.5622118711471558,0.8744930028915405,0.06284584850072861,0.49827736616134644,0.8757793307304382,0.0917058140039444
17,0.5220970511436462,0.2583586573600769,-0.1871134489774704,0.5676045417785645,0.3378286361694336,-0.008846058510243893,0.5860708355903625,0.4362766742706299,0.021277781575918198,0.4808121919631958,0.34293532371520996,0.00836134608834982,0.46772491931915283,0.44751429557800293,0.04781198874115944,0.5907309651374817,0.5263791680335999,-0.08032865077257156,0.46220698952674866,0.5343517065048218,-0.03757955878973007,0.5494157075881958,0.5470150709152222,-0.009255475364625454,0.49622222781181335,0.548140823841095,0.009230859577655792,0.5530347228050232,0.718952476978302,-0.04019210860133171,0.4953842759132385,0.7201141715049744,-0.020326348021626472,0.5622110962867737,0.875145673751831,0.05823015421628952,0.4981483817100525,0.8758009672164917,0.08835278451442719
18,0.5218762159347534,0.258362352848053,-0.24088674783706665,0.5676576495170593,0.33802998065948486,-0.0387553870677948,0.5861868262290955,0.43627333641052246,0.009978326968848705,0.48098981380462646,0.3428103029727936,-0.021276310086250305,0.46736812591552734,0.44698208570480347,0.035614654421806335,0.5907948613166809,0.5262897610664368,-0.08471034467220306,0.46220216155052185,0.5337631702423096,-0.0466349720954895,0.549371063709259,0.546953558921814,-0.008989966474473476,0.4960629642009735,0.5480772256851196,0.00895591638982296,0.5530660152435303,0.7189187407493591,-0.03972884640097618,0.4954945147037506,0.7201774716377258,-0.020257387310266495,0.5623084306716919,0.8748146295547485,0.059521082788705826,0.4982672929763794,0.8762210011482239,0.08876767754554749
19,0.5218632221221924,0.258438378572464,-0.17823699116706848,0.5676913261413574,0.3380347490310669,-0.011443265713751316,0.5862654447555542,0.43627363443374634,0.021032772958278656,0.48098722100257874,0.34277889132499695,0.013929031789302826,0.4674071967601776,0.44699525833129883,0.05749823525547981,0.5908280611038208,0.5264379382133484,-0.0714697316288948,0.46220284700393677,0.5337749123573303,-0.022190174087882042,0.5494095683097839,0.5470449328422546,-0.010457662865519524,0.49609094858169556,0.5482478141784668,0.010449230670928955,0.5530794262886047,0.7192571759223938,-0.04149980470538139,0.49547475576400757,0.7203676104545593,-0.014500105753540993,0.5623301267623901,0.8756515383720398,0.05163607746362686,0.4982682168483734,0.8762910962104797,0.09298232197761536
20,0.5215709805488586,0.25869622826576233,-0.18575690686702728,0.5678504705429077,0.3382605314254761,-0.012616332620382309,0.5863882303237915,0.4362926185131073,0.026027744635939598,0.4812610447406769,0.3426917791366577,0.011002766899764538,0.46731898188591003,0.44637444615364075,0.0596897229552269,0.5909022092819214,0.5264334678649902,-0.06322051584720612,0.4621765911579132,0.5336818099021912,-0.020290376618504524,0.5493909120559692,0.5469803810119629,-0.010477785021066666,0.49607744812965393,0.5480239987373352,0.010468263179063797,0.5529621839523315,0.7191060185432434,-0.041502803564071655,0.4955151081085205,0.7204216122627258,-0.015383069403469563,0.5623337030410767,0.8752341270446777,0.05312033370137215,0.49827662110328674,0.8762911558151245,0.09148386120796204
21,0.5216540098190308,0.2589084506034851,-0.12979155778884888,0.5678532123565674,0.3382727801799774,0.0140245221555233,0.5863943099975586,0.4362560510635376,0.042048268020153046,0.48121315240859985,0.34268391132354736,0.04643222317099571,0.4672984480857849,0.44645872712135315,0.08581814169883728,0.5909162759780884,0.5263406038284302,-0.036520589143037796,0.4621563255786896,0.5337729454040527,0.016898876056075096,0.5493781566619873,0.5470690727233887,-0.012020089663565159,0.496077299118042,0.5481728315353394,0.012016836553812027,0.5529881715774536,0.719711422920227,-0.043875280767679214,0.49551138281822205,0.7209740877151489,-0.012921685352921486,0.5624497532844543,0.8757928609848022,0.0426226444542408,0.49832209944725037,0.8763746023178101,0.09264163672924042
22,0.5215363502502441,0.25940120220184326,-0.15118952095508575,0.5679846405982971,0.33829745650291443,0.014146674424409866,0.5865405797958374,0.4362793266773224,0.04192746430635452,0.4815354645252228,0.3425672650337219,0.040401674807071686,0.46723634004592896,0.4458274841308594,0.08078139275312424,0.5909268856048584,0.526332437992096,-0.04956723004579544,0.4621163308620453,0.5335882902145386,0.0015575027791783214,0.5494499206542969,0.5470080375671387,-0.011997438035905361,0.4961583912372589,0.5479426980018616,0.011995311826467514,0.5529633164405823,0.7199633121490479,-0.04417628422379494,0.495510071516037,0.7210797071456909,-0.018439268693327904,0.5623977184295654,0.8764033317565918,0.04652242362499237,0.4983072578907013,0.8766818642616272,0.08560875058174133
23,0.5216072201728821,0.2594427466392517,-0.16404347121715546,0.567988395690918,0.33830487728118896,0.00966654159128666,0.5865085124969482,0.43628543615341187,0.03969337046146393,0.48144006729125977,0.3425750434398651,0.03212340921163559,0.46689483523368835,0.44590914249420166,0.07486800104379654,0.5909556150436401,0.5262503623962402,-0.054078176617622375,0.4620198607444763,0.5336964130401611,-0.005652160849422216,0.5494096279144287,0.5470153093338013,-0.012395516969263554,0.4961446523666382,0.5479190945625305,0.012392325326800346,0.5529372692108154,0.7199106812477112,-0.04447466880083084,0.49545472860336304,0.721086859703064,-0.018877390772104263,0.5624000430107117,0.8759498596191406,0.0485098622739315,0.49831050634384155,0.8767111897468567,0.08557810634374619
24,0.5211527347564697,0.25962817668914795,-0.16136913001537323,0.5681201815605164,0.3383443057537079,0.007468131836503744,0.5865156650543213,0.43628817796707153,0.03684994950890541,0.481563925743103,0.34251877665519714,0.037062883377075195,0.4668988585472107,0.445751816034317,0.08088403195142746,0.5909599661827087,0.5262463688850403,-0.05764548107981682,0.46190938353538513,0.5338369607925415,0.00017279721214435995,0.5494111776351929,0.5471138954162598,-0.012816703878343105,0.4962245225906372,0.5479465126991272,0.012819739058613777,0.5528826117515564,0.7202420234680176,-0.04521549493074417,0.4954858720302582,0.7213608622550964,-0.018961312249302864,0.5624575614929199,0.875918984413147,0.05073416978120804,0.49837812781333923,0.8767657279968262,0.08611813187599182
25,0.521116316318512,0.2597082555294037,-0.1974492073059082,0.5681235790252686,0.33839449286460876,-0.016070425510406494,0.5865573287010193,0.4362889230251312,0.024713465943932533,0.4815341830253601,0.34251102805137634,0.01546082366257906,0.4668101370334625,0.44611743092536926,0.06923963874578476,0.5910683274269104,0.5262821912765503,-0.06760573387145996,0.4618307948112488,0.5339676737785339,-0.014638347551226616,0.5494158864021301,0.5476340651512146,-0.013048090972006321,0.4962329566478729,0.5482810139656067,0.01305131334811449,0.5528919696807861,0.7205424904823303,-0.045173488557338715,0.49548301100730896,0.7219088077545166,-0.013893648982048035,0.5627599358558655,0.8758066892623901,0.05937236174941063,0.49844107031822205,0.8768125772476196,0.10170778632164001
26,0.5205929279327393,0.25999462604522705,-0.19480374455451965,0.5681793689727783,0.33842140436172485,-0.0151880644261837,0.586640477180481,0.43631964921951294,0.02184111438691616,0.4815552234649658,0.3425491750240326,0.015552067197859287,0.46644994616508484,0.4461267590522766,0.06892135739326477,0.5910754799842834,0.5263169407844543,-0.07579879462718964,0.46168243885040283,0.5339674949645996,-0.016159869730472565,0.5493974089622498,0.5476380586624146,-0.013032341375946999,0.4961808919906616,0.54828280210495,0.013035743497312069,0.5528357625007629,0.7207407355308533,-0.045134078711271286,0.4954814314842224,0.7219361066818237,-0.014566035009920597,0.5624580383300781,0.8763132095336914,0.05886605381965637,0.49843281507492065,0.8769277930259705,0.09833743423223495
27,0.5206626653671265,0.2599923610687256,-0.20408396422863007,0.5681838989257812,0.3384518027305603,-0.021773751825094223,0.5866456031799316,0.4363359808921814,0.019381271675229073,0.4815075099468231,0.34252581000328064,0.007211708929389715,0.4664565622806549,0.44643279910087585,0.06304501742124557,0.5910820364952087,0.5263303518295288,-0.0751514658331871,0.4614792764186859,0.5343877077102661,-0.019436290487647057,0.5494344234466553,0.5478541254997253,-0.013069892302155495,0.4962858259677887,0.5485267639160156,0.013075195252895355,0.5529688000679016,0.7207480669021606,-0.04434140399098396,0.49545159935951233,0.721912682056427,-0.008531841449439526,0.5624318718910217,0.8763446807861328,0.056862685829401016,0.4984808564186096,0.8766190409660339,0.10576503723859787
28,0.5204124450683594,0.2603124678134918,-0.21416828036308289,0.5682889223098755,0.33849644660949707,-0.02818053402006626,0.5866737365722656,0.4363415837287903,0.016156163066625595,0.4815281629562378,0.3425961136817932,-0.001420866698026657,0.4663158357143402,0.4464338421821594,0.056468430906534195,0.5910943746566772,0.5263370871543884,-0.07584536820650101,0.46139487624168396,0.5342391133308411,-0.02333659492433071,0.5493112802505493,0.547645092010498,-0.012881863862276077,0.4960942268371582,0.5482732057571411,0.012873549945652485,0.552964448928833,0.7206807136535645,-0.043946508318185806,0.49547067284584045,0.7218567728996277,-0.01153106801211834,0.5624333620071411,0.8761186003684998,0.055649153888225555,0.4984821081161499,0.8766690492630005,0.09308325499296188
29,0.5204980969429016,0.26038336753845215,-0.21315273642539978,0.5682917237281799,0.3385075032711029,-0.02946363389492035,0.5866783857345581,0.436408668756485,0.007953331805765629,0.4813895523548126,0.342671662569046,-0.0039041475392878056,0.4664882719516754,0.4468565583229065,0.04514507204294205,0.5911017060279846,0.5267915725708008,-0.09128981828689575,0.46137872338294983,0.5344226956367493,-0.04232041537761688,0.5493389964103699,0.5476449131965637,-0.012779922224581242,0.49613243341445923,0.5482931733131409,0.01277840230613947,0.5531370043754578,0.7206127643585205,-0.04416348412632942,0.49546805024147034,0.7213099598884583,-0.011973239481449127,0.5624268054962158,0.8760679364204407,0.05378453806042671,0.4983517527580261,0.8766043186187744,0.09313993901014328
30,0.5201103687286377,0.26060664653778076,-0.21106219291687012,0.5684080719947815,0.3385907709598541,-0.027086902409791946,0.5866899490356445,0.43650439381599426,0.010058618150651455,0.4814271032810211,0.34267181158065796,-0.0007950470899231732,0.4661892056465149,0.44685032963752747,0.04933220148086548,0.5911045670509338,0.5267737507820129,-0.08804832398891449,0.46130597591400146,0.534477174282074,-0.034623607993125916,0.5492281317710876,0.5476664304733276,-0.012724678963422775,0.4960417151451111,0.5482561588287354,0.012715338729321957,0.5530099868774414,0.7204867005348206,-0.04462440684437752,0.4954979717731476,0.7213568091392517,-0.014457195065915585,0.5623337626457214,0.8739069700241089,0.06084316223859787,0.49838337302207947,0.876510500907898,0.09324345737695694
31,0.5202764272689819,0.2606116533279419,-0.20118547976016998,0.5683770179748535,0.33859217166900635,-0.02264287695288658,0.5866942405700684,0.43651890754699707,0.011404412798583508,0.4813873767852783,0.34266743063926697,0.00018202727369498461,0.4662207365036011,0.4471694827079773,0.049903810024261475,0.5911092758178711,0.5270100831985474,-0.0860467255115509,0.4612956941127777,0.5348100662231445,-0.03561612218618393,0.5492993593215942,0.5476666688919067,-0.012419356033205986,0.4961402118206024,0.5482760667800903,0.012422701343894005,0.5533011555671692,0.720504641532898,-0.044070519506931305,0.4954892098903656,0.7209532856941223,-0.015101901255548,0.5622884035110474,0.8742610812187195,0.057883720844984055,0.498277485370636,0.876488983631134,0.08976154774427414
32,0.5196380019187927,0.26093465089797974,-0.20475083589553833,0.5684084892272949,0.3386111557483673,-0.02511531300842762,0.5867393016815186,0.4365234971046448,0.012160356156527996,0.48138338327407837,0.34267184138298035,0.0012453320669010282,0.4661397933959961,0.4471702575683594,0.0526084303855896,0.591113269329071,0.5269714593887329,-0.08491114526987076,0.46115338802337646,0.5348480343818665,-0.027906104922294617,0.5491617918014526,0.5476133823394775,-0.012382837012410164,0.49599263072013855,0.548016369342804,0.012378394603729248,0.5530571341514587,0.7201154232025146,-0.044582728296518326,0.4955400228500366,0.7209540605545044,-0.0179135724902153,0.5621915459632874,0.8723596334457397,0.05866340920329094,0.49830931425094604,0.8764896392822266,0.08866748213768005
33,0.5198196768760681,0.26098304986953735,-0.20522263646125793,0.5684111714363098,0.3386162221431732,-0.025455119088292122,0.5867536067962646,0.43651676177978516,0.008963612839579582,0.481349378824234,0.342669278383255,0.0013718002010136843,0.4662889540195465,0.4472023844718933,0.049804799258708954,0.5911220908164978,0.5273046493530273,-0.09170182049274445,0.4611482322216034,0.5349417328834534,-0.035485271364450455,0.5492287278175354,0.5476164221763611,-0.012430858798325062,0.49606138467788696,0.5480374097824097,0.012432348914444447,0.5531838536262512,0.7200940847396851,-0.0446140430867672,0.4955398142337799,0.7204477190971375,-0.014826621860265732,0.5621989965438843,0.872450590133667,0.05568689480423927,0.4982703924179077,0.8764485716819763,0.09253402799367905
34,0.5193086266517639,0.2611779570579529,-0.2161470651626587,0.5684239864349365,0.3386223316192627,-0.03228698670864105,0.5867902040481567,0.43652164936065674,0.0084691708907485,0.48134034872055054,0.34267669916152954,-0.0023799084592610598,0.46613335609436035,0.4472161829471588,0.05057910457253456,0.5911255478858948,0.5272998213768005,-0.08934382349252701,0.4611221253871918,0.5350141525268555,-0.03453000262379646,0.5491464138031006,0.547608494758606,-0.01242805365473032,0.49593663215637207,0.548017680644989,0.012428130954504013,0.5530417561531067,0.7199913263320923,-0.04453925043344498,0.4955681264400482,0.7205244302749634,-0.01494640577584505,0.5621948838233948,0.8723213076591492,0.059790197759866714,0.49827244877815247,0.8759496212005615,0.09329468756914139
35,0.5196627974510193,0.26106783747673035,-0.21556103229522705,0.5684267282485962,0.33862173557281494,-0.03075011633336544,0.5867946147918701,0.43652912974357605,0.007786175701767206,0.48125481605529785,0.3426705002784729,-0.0013364816550165415,0.46631431579589844,0.4473104774951935,0.04872777312994003,0.5911283493041992,0.5274671316146851,-0.09226059168577194,0.46112221479415894,0.5353074669837952,-0.038789618760347366,0.5492379069328308,0.5476267337799072,-0.012581994757056236,0.4960143566131592,0.548106849193573,0.012593274936079979,0.5530700087547302,0.7199894785881042,-0.04433239996433258,0.4955660104751587,0.7204180955886841,-0.013930600136518478,0.5622566342353821,0.8727294206619263,0.05833903327584267,0.49823737144470215,0.8759523630142212,0.0948159396648407
36,0.5191405415534973,0.26110410690307617,-0.21764102578163147,0.5684365034103394,0.3386307656764984,-0.035245656967163086,0.5868129134178162,0.4366200864315033,0.004996281582862139,0.48123466968536377,0.3427278399467468,-0.0021285724360495806,0.4661914110183716,0.4473499655723572,0.04998554289340973,0.5911097526550293,0.5274672508239746,-0.09197473526000977,0.4610544741153717,0.5353075265884399,-0.03399031236767769,0.5490468144416809,0.5476176142692566,-0.01266602985560894,0.49577459692955017,0.5480621457099915,0.012667371891438961,0.5529677867889404,0.7199553847312927,-0.04483669251203537,0.49560633301734924,0.720566987991333,-0.015021960251033306,0.5622544288635254,0.8719548583030701,0.060442689806222916,0.49835437536239624,0.8759660124778748,0.09470595419406891
37,0.5193347930908203,0.26108795404434204,-0.21533721685409546,0.5683429837226868,0.33844122290611267,-0.03311993554234505,0.5868031978607178,0.43651196360588074,0.005494393408298492,0.4811815321445465,0.3427269756793976,-0.0010588261066004634,0.4668816030025482,0.44740310311317444,0.05038290098309517,0.5910603404045105,0.5274752974510193,-0.09106744080781937,0.4610607326030731,0.535334587097168,-0.03390853852033615,0.5490596890449524,0.5475542545318604,-0.012771839275956154,0.4958244562149048,0.5480597615242004,0.012783297337591648,0.5531319975852966,0.7199130058288574,-0.043946001678705215,0.495601087808609,0.7199797034263611,-0.01192640233784914,0.5622523427009583,0.8722580671310425,0.06027762219309807,0.49832090735435486,0.8757834434509277,0.09799644351005554
38,0.5184324383735657,0.26113250851631165,-0.15790024399757385,0.5683521628379822,0.33844414353370667,-0.011637414805591106,0.5867730975151062,0.4365920126438141,0.009401179850101471,0.48120754957199097,0.3427395224571228,0.04190544784069061,0.4663626253604889,0.4473983645439148,0.08691500127315521,0.5910521149635315,0.5274646282196045,-0.08603218197822571,0.46102750301361084,0.5353880524635315,0.010042617097496986,0.5489434599876404,0.5475618839263916,-0.014877908863127232,0.49581179022789,0.5480504035949707,0.01485570427030325,0.5530305504798889,0.7199217677116394,-0.04807266965508461,0.4956154525279999,0.720648467540741,-0.012546776793897152,0.5622552037239075,0.8725104928016663,0.05992494896054268,0.4983595907688141,0.8757762908935547,0.09790349006652832
39,0.5184478163719177,0.26113688945770264,-0.16691924631595612,0.5681930184364319,0.33819007873535156,-0.007799068931490183,0.5867751836776733,0.4365953207015991,0.01427599135786295,0.4811699688434601,0.3427528440952301,0.03247150778770447,0.4663988947868347,0.4474022090435028,0.07717607915401459,0.5910086035728455,0.5275198817253113,-0.08192778378725052,0.4610338509082794,0.5353929996490479,-0.002964614424854517,0.5489505529403687,0.547565221786499,-0.014817938208580017,0.4958287477493286,0.5480520129203796,0.014797193929553032,0.5531360507011414,0.7200245261192322,-0.047806065529584885,0.49551501870155334,0.7202954888343811,-0.01271207444369793,0.5620812773704529,0.8733747005462646,0.05353758856654167,0.4982962906360626,0.8757646083831787,0.09408591687679291
40,0.5184304118156433,0.26116761565208435,-0.16820448637008667,0.568195641040802,0.3382095694541931,-0.01013286504894495,0.5867953300476074,0.43651729822158813,0.014221040531992912,0.4811643958091736,0.342742919921875,0.02863200008869171,0.4663999080657959,0.447394996881485,0.07495581358671188,0.5910087823867798,0.5273381471633911,-0.083109050989151,0.46100670099258423,0.5355476140975952,-0.00805746391415596,0.5489135980606079,0.5475860834121704,-0.01479172520339489,0.49579545855522156,0.5480467677116394,0.014771901071071625,0.5530025362968445,0.720020055770874,-0.04723816737532616,0.49549442529678345,0.7205416560173035,-0.013088194653391838,0.5620189309120178,0.8734021186828613,0.054110087454319,0.4982965290546417,0.8759327530860901,0.0935768187046051
41,0.5186322331428528,0.2611701190471649,-0.16568204760551453,0.5681739449501038,0.33810579776763916,-0.005662824958562851,0.5868031978607178,0.43642017245292664,0.01984591595828533,0.48112407326698303,0.3426911532878876,0.030757244676351547,0.46660125255584717,0.4473957419395447,0.07551318407058716,0.5910094976425171,0.5273399353027344,-0.07382067292928696,0.4610344171524048,0.535551905632019,-0.0053136032074689865,0.548971951007843,0.5478469133377075,-0.014942069537937641,0.495815247297287,0.5483327507972717,0.014933296479284763,0.55299973487854,0.7200165390968323,-0.045556072145700455,0.4954461455345154,0.7206212282180786,-0.008914519101381302,0.5619889497756958,0.8738068342208862,0.053193099796772,0.4983436167240143,0.8758315443992615,0.09792399406433105
42,0.5183672904968262,0.26120424270629883,-0.1437934935092926,0.5681710243225098,0.33811596035957336,0.0008555645472370088,0.5868189930915833,0.4364299178123474,0.019745901226997375,0.48116129636764526,0.34272217750549316,0.04833574593067169,0.4664399325847626,0.44740068912506104,0.08822982013225555,0.5909424424171448,0.5273259878158569,-0.07467673718929291,0.46102374792099,0.5355520248413086,0.01002770196646452,0.5489349961280823,0.5478577613830566,-0.015330943278968334,0.4957898259162903,0.5483447313308716,0.015316508710384369,0.5529228448867798,0.7202385067939758,-0.045663025230169296,0.4954271912574768,0.7212393879890442,-0.010389959439635277,0.5619054436683655,0.8743485808372498,0.05171670392155647,0.4983462393283844,0.8758505582809448,0.09318402409553528
43,0.5184100270271301,0.26115530729293823,-0.14366504549980164,0.5679985880851746,0.33789992332458496,0.004720968194305897,0.5867806077003479,0.4364307224750519,0.022739391773939133,0.4811238944530487,0.34268343448638916,0.04792557284235954,0.46644529700279236,0.44740650057792664,0.08679693937301636,0.5907695889472961,0.5273212790489197,-0.07325159758329391,0.4610503315925598,0.5355359315872192,0.006282367277890444,0.5489358901977539,0.547865092754364,-0.015629302710294724,0.4958209991455078,0.5483896732330322,0.015631282702088356,0.5529343485832214,0.720543384552002,-0.045773014426231384,0.4953446686267853,0.7212441563606262,-0.010438750497996807,0.5619210600852966,0.8758681416511536,0.04788972809910774,0.49824264645576477,0.8758441209793091,0.09129924327135086
44,0.5183775424957275,0.2612491846084595,-0.15429212152957916,0.5679986476898193,0.3379617929458618,0.006470533087849617,0.5868234634399414,0.43640801310539246,0.028136001899838448,0.4811341464519501,0.3425200879573822,0.04239135608077049,0.46646055579185486,0.4468597173690796,0.08312424272298813,0.590718150138855,0.5272378921508789,-0.07171626389026642,0.4610448479652405,0.5352855324745178,0.0024681042414158583,0.5489356517791748,0.5479210019111633,-0.015120281837880611,0.49578481912612915,0.5483894944190979,0.015125703997910023,0.5527324676513672,0.7206523418426514,-0.04572664946317673,0.49531880021095276,0.7215811610221863,-0.012809681706130505,0.5613356828689575,0.8758982419967651,0.05570552125573158,0.4982425570487976,0.8760356903076172,0.0935245007276535
45,0.5185808539390564,0.26121383905410767,-0.1581336259841919,0.5679986476898193,0.3379408121109009,0.003634082619100809,0.5867888331413269,0.43640708923339844,0.02558598853647709,0.4811148941516876,0.3424626588821411,0.04127848893404007,0.46664518117904663,0.44689705967903137,0.07904975861310959,0.5906131863594055,0.5272203683853149,-0.07844901829957962,0.4610428512096405,0.5353202223777771,-0.007436468731611967,0.5489702224731445,0.5479401350021362,-0.015109379775822163,0.49582070112228394,0.5484820604324341,0.015113573521375656,0.552803099155426,0.720649778842926,-0.04521508887410164,0.49529626965522766,0.7216843962669373,-0.011947262100875378,0.5615596771240234,0.8759351372718811,0.055141180753707886,0.49823641777038574,0.876046359539032,0.0959167554974556
46,0.5184983015060425,0.26123127341270447,-0.13505439460277557,0.5679954290390015,0.33795684576034546,0.011065295897424221,0.586792528629303,0.4363935887813568,0.02927578054368496,0.4811042547225952,0.34241172671318054,0.054783664643764496,0.46660149097442627,0.4468391239643097,0.09472128003835678,0.5905585885047913,0.5271949768066406,-0.06633661687374115,0.46101468801498413,0.5353211164474487,0.017611270770430565,0.5489076375961304,0.5479429960250854,-0.01511271670460701,0.495716392993927,0.5484403371810913,0.015115085989236832,0.5527337193489075,0.7206696271896362,-0.045182593166828156,0.495279461145401,0.7218422889709473,-0.013307087123394012,0.5615614056587219,0.8759894967079163,0.05494680628180504,0.49824461340904236,0.8761565685272217,0.09346961230039597
47,0.5189175605773926,0.2612176537513733,-0.13859692215919495,0.567992627620697,0.3379380404949188,0.010585206560790539,0.5867975950241089,0.4362638592720032,0.028004024177789688,0.48109883069992065,0.3424167335033417,0.051653891801834106,0.46682611107826233,0.4468623697757721,0.08962898701429367,0.5905386209487915,0.5271812677383423,-0.07033241540193558,0.4610688090324402,0.5353333950042725,0.01084795594215393,0.548922598361969,0.547962486743927,-0.015626799315214157,0.49576714634895325,0.5484707355499268,0.01565132476389408,0.5527235269546509,0.7206677198410034,-0.04621632769703865,0.495231568813324,0.7218446135520935,-0.013326238840818405,0.5615366101264954,0.8767779469490051,0.04724925011396408,0.49819499254226685,0.8762717247009277,0.08979438245296478
48,0.5189279317855835,0.26119479537010193,-0.11645933240652084,0.5679910778999329,0.3379385471343994,0.019782530143857002,0.586794912815094,0.4362400472164154,0.03159300610423088,0.48109346628189087,0.3423735499382019,0.06892161816358566,0.46682530641555786,0.446781724691391,0.1070171669125557,0.5904929637908936,0.5271143913269043,-0.06422293186187744,0.4610663652420044,0.5353342294692993,0.03236429765820503,0.5489045977592468,0.5479656457901001,-0.01640419475734234,0.4957503378391266,0.5484504699707031,0.016419176012277603,0.5526859760284424,0.7209250926971436,-0.046183954924345016,0.49516981840133667,0.7222153544425964,-0.013340545818209648,0.5615261793136597,0.8771272897720337,0.047470949590206146,0.49819645285606384,0.8766573071479797,0.09002774953842163
49,0.5191283822059631,0.26119041442871094,-0.13464416563510895,0.5679852366447449,0.33792996406555176,0.0174869392067194,0.5867956876754761,0.4361829161643982,0.02905338630080223,0.4810914993286133,0.3423711359500885,0.05529000982642174,0.4669796824455261,0.44678279757499695,0.09016096591949463,0.5904465317726135,0.5270477533340454,-0.07159321755170822,0.4610748589038849,0.5353052616119385,0.0063478522934019566,0.5489990711212158,0.5480015277862549,-0.01609107293188572,0.4958563446998596,0.5484975576400757,0.01611478626728058,0.5527324080467224,0.7208788394927979,-0.04489590600132942,0.49516743421554565,0.7222148776054382,-0.013262301683425903,0.5618919730186462,0.8767916560173035,0.0490078367292881,0.4981984496116638,0.8766191005706787,0.09039291739463806
50,0.5190874934196472,0.26121029257774353,-0.13958905637264252,0.5679743885993958,0.33792605996131897,0.015360862948000431,0.5867860913276672,0.43618908524513245,0.028756871819496155,0.4810198247432709,0.34236884117126465,0.05211734026670456,0.4665999710559845,0.44678688049316406,0.09023099392652512,0.5903423428535461,0.5270434021949768,-0.06991878896951675,0.4610148072242737,0.5353541374206543,0.011848613619804382,0.548973560333252,0.5479140877723694,-0.016081778332591057,0.49570199847221375,0.5484196543693542,0.01610211282968521,0.5526673197746277,0.7207102179527283,-0.04488758370280266,0.4951231777667999,0.7222334742546082,-0.013470093719661236,0.5618897080421448,0.8761863112449646,0.04904777556657791,0.49816450476646423,0.8765993714332581,0.08846697211265564
51,0.5191748738288879,0.26120322942733765,-0.16820067167282104,0.5679628849029541,0.33793941140174866,-0.001294014509767294,0.5867882966995239,0.4360983371734619,0.02074854075908661,0.4810166656970978,0.34236660599708557,0.03356720134615898,0.4666229486465454,0.4467548131942749,0.07510294020175934,0.5903452634811401,0.5270408987998962,-0.07988682389259338,0.46104854345321655,0.5353323817253113,-0.009675408713519573,0.548980712890625,0.5480465292930603,-0.01606268621981144,0.4957413673400879,0.5485597252845764,0.016085192561149597,0.5526772737503052,0.7207091450691223,-0.04398982971906662,0.49512165784835815,0.7222294807434082,-0.007126626092940569,0.5618575215339661,0.8761748671531677,0.05036357045173645,0.4983364939689636,0.8764899373054504,0.10165359079837799
52,0.5188769698143005,0.26122957468032837,-0.15813034772872925,0.5679186582565308,0.3379344940185547,-0.0008673554402776062,0.5867220163345337,0.436179518699646,0.019398478791117668,0.48101818561553955,0.34237194061279297,0.04432733356952667,0.4666241705417633,0.44674980640411377,0.08484999090433121,0.5902246236801147,0.5270378589630127,-0.08225884288549423,0.4610373377799988,0.5353290438652039,0.00055071956012398,0.5489059090614319,0.5477312803268433,-0.01691020280122757,0.49573028087615967,0.548370361328125,0.016928505152463913,0.5525408983230591,0.7207772135734558,-0.0463152751326561,0.4951061010360718,0.7223159074783325,-0.009349837899208069,0.5618505477905273,0.8766012191772461,0.04950477182865143,0.4983366131782532,0.8767643570899963,0.10066931694746017
53,0.5188865065574646,0.26145023107528687,-0.18030275404453278,0.5679000616073608,0.3379347324371338,-0.007188793271780014,0.5867230296134949,0.436078280210495,0.01834503747522831,0.48096245527267456,0.3424437344074249,0.028954556211829185,0.4666699469089508,0.44677847623825073,0.07493560016155243,0.5901737809181213,0.5270063877105713,-0.08310103416442871,0.4610806703567505,0.5352810621261597,-0.010639538057148457,0.5489068627357483,0.5478172302246094,-0.01642596907913685,0.4957503378391266,0.5484157800674438,0.016443001106381416,0.5526153445243835,0.7207024693489075,-0.044231802225112915,0.49509626626968384,0.7221212983131409,-0.00720261549577117,0.5618492960929871,0.8763487935066223,0.06166566535830498,0.49842554330825806,0.8765140175819397,0.10939694941043854
54,0.5189359188079834,0.2613259255886078,-0.1299169808626175,0.5678893327713013,0.33790260553359985,0.010697867721319199,0.5866450667381287,0.4361738860607147,0.024900536984205246,0.4809601604938507,0.3425072133541107,0.05315215140581131,0.4666084051132202,0.4469124972820282,0.09276993572711945,0.5901703238487244,0.5270860195159912,-0.07061893492937088,0.4610554575920105,0.5354500412940979,0.019099272787570953,0.548926055431366,0.5477911829948425,-0.016405746340751648,0.49575573205947876,0.5483798980712891,0.016419418156147003,0.5525791645050049,0.7208027839660645,-0.044026389718055725,0.4951576888561249,0.7221980094909668,-0.010594822466373444,0.5618867874145508,0.8761124014854431,0.05697256326675415,0.49842381477355957,0.8765277862548828,0.09647801518440247
55,0.5189068913459778,0.2614312767982483,-0.13540275394916534,0.5678871273994446,0.3379543125629425,0.010359328240156174,0.586638867855072,0.43617483973503113,0.02811642549932003,0.48091956973075867,0.3424777090549469,0.052569396793842316,0.46658435463905334,0.44693586230278015,0.09482531994581223,0.5901415348052979,0.5270277857780457,-0.06482282280921936,0.4610166549682617,0.5355752110481262,0.0208169873803854,0.5488946437835693,0.5476047396659851,-0.016398826614022255,0.4957219958305359,0.5482022762298584,0.016410227864980698,0.5525485277175903,0.7206942439079285,-0.044828861951828,0.49515843391418457,0.7223446369171143,-0.01330877747386694,0.5619171857833862,0.8761050701141357,0.054873425513505936,0.4984242022037506,0.8765420913696289,0.0926249623298645
56,0.5188658237457275,0.26143425703048706,-0.15585559606552124,0.5678685903549194,0.3379496932029724,0.004500895272940397,0.5865890979766846,0.43612849712371826,0.023811684921383858,0.4809371829032898,0.34238943457603455,0.043702319264411926,0.46661993861198425,0.4466381072998047,0.08691880851984024,0.5900477766990662,0.5270102620124817,-0.07230636477470398,0.4610154926776886,0.5355269908905029,0.006314235273748636,0.5488805770874023,0.547535240650177,-0.01601140759885311,0.4957192540168762,0.5481168031692505,0.01602594181895256,0.5526703000068665,0.7201395034790039,-0.043218109756708145,0.49510297179222107,0.7222944498062134,-0.012910977937281132,0.5623568296432495,0.87465900182724,0.05811339616775513,0.4984607398509979,0.8765450716018677,0.09404730051755905
57,0.5191707015037537,0.2614147663116455,-0.1710205227136612,0.5678653120994568,0.33793866634368896,-0.0035535814240574837,0.5865864157676697,0.43607768416404724,0.020266320556402206,0.48093509674072266,0.34237003326416016,0.03229498490691185,0.4667602479457855,0.44663482904434204,0.07725155353546143,0.5899881720542908,0.5270036458969116,-0.07847001403570175,0.46102961897850037,0.5355272889137268,-0.006742213852703571,0.548884928226471,0.5475396513938904,-0.016001198440790176,0.495725154876709,0.548118531703949,0.01601632870733738,0.5527362823486328,0.7201345562934875,-0.042424075305461884,0.4950934052467346,0.7222535014152527,-0.008161324076354504,0.5623564124107361,0.8746508359909058,0.059432417154312134,0.4985791742801666,0.8764011859893799,0.1033916026353836
58,0.5191593766212463,0.2613612711429596,-0.15943223237991333,0.5678627490997314,0.33794695138931274,-0.0015620727790519595,0.586598813533783,0.43607842922210693,0.021194303408265114,0.48093748092651367,0.3423171043395996,0.03801514580845833,0.4669795036315918,0.4466310441493988,0.0809570774435997,0.5899832844734192,0.5270180106163025,-0.07642705738544464,0.4610472619533539,0.5355600118637085,-0.002694484544917941,0.5489044785499573,0.5475809574127197,-0.016162090003490448,0.4957282245159149,0.5481351613998413,0.016177646815776825,0.5526927709579468,0.7202802896499634,-0.042736444622278214,0.49509724974632263,0.7223873734474182,-0.008206048980355263,0.5626019835472107,0.8743209838867188,0.059055719524621964,0.49860408902168274,0.8765873312950134,0.10265554487705231
59,0.5191583633422852,0.26134398579597473,-0.14098939299583435,0.567872941493988,0.33800017833709717,0.006667783949524164,0.5866043567657471,0.4361747205257416,0.02172992378473282,0.48094719648361206,0.34228894114494324,0.04960096254944801,0.4670903980731964,0.44661733508110046,0.08673457056283951,0.589955747127533,0.5271949172019958,-0.07662515342235565,0.46106281876564026,0.5356206297874451,0.003808530978858471,0.5489100813865662,0.5476532578468323,-0.0164553914219141,0.49572962522506714,0.548166811466217,0.016469648107886314,0.5525867342948914,0.720495879650116,-0.044436581432819366,0.49502888321876526,0.7226986885070801,-0.009399588219821453,0.5625528693199158,0.8750991225242615,0.0545387789607048,0.4986056089401245,0.8768714666366577,0.10037781298160553
60,0.5193725824356079,0.26128876209259033,-0.14285863935947418,0.567875862121582,0.3380048871040344,0.0068878233432769775,0.5865748524665833,0.4362630248069763,0.02242105081677437,0.4809476435184479,0.34226924180984497,0.04730937257409096,0.46715691685676575,0.4466118812561035,0.08254572749137878,0.5899024605751038,0.5272976160049438,-0.07765337824821472,0.4610631763935089,0.5356768369674683,-0.0033688959665596485,0.5489344000816345,0.5477230548858643,-0.0160306915640831,0.4957335293292999,0.5482028722763062,0.016052300110459328,0.5525208115577698,0.7206608653068542,-0.04419742524623871,0.4950138330459595,0.7226992845535278,-0.010741889476776123,0.5624419450759888,0.8756886124610901,0.054805707186460495,0.4986063241958618,0.8769312500953674,0.09846868366003036
61,0.519375205039978,0.2612692713737488,-0.14322258532047272,0.567879855632782,0.33800482749938965,0.008061934262514114,0.5865277051925659,0.4364393651485443,0.022747093811631203,0.480942040681839,0.3421415686607361,0.048091087490320206,0.46723654866218567,0.44660982489585876,0.08394607156515121,0.5898415446281433,0.5275454521179199,-0.0779649019241333,0.4610785245895386,0.5357159972190857,-0.00182921695522964,0.548934280872345,0.5477689504623413,-0.01603400707244873,0.4957118630409241,0.5482351779937744,0.01605541631579399,0.5524727702140808,0.720737636089325,-0.04530101642012596,0.4949711263179779,0.7228356599807739,-0.013136294670403004,0.5624291300773621,0.8759732842445374,0.05463423952460289,0.49860718846321106,0.8770349621772766,0.09759552776813507
62,0.5193671584129333,0.2612227201461792,-0.16569003462791443,0.5678809285163879,0.33801332116127014,0.0008296666783280671,0.5865262746810913,0.43651923537254333,0.02100888267159462,0.48094478249549866,0.3421284258365631,0.03704113885760307,0.4670585095882416,0.4465753436088562,0.07689045369625092,0.5898106098175049,0.5276655554771423,-0.08188746869564056,0.461076021194458,0.5357317328453064,-0.010588387958705425,0.548939049243927,0.5479820966720581,-0.015768473967909813,0.4956972002983093,0.5483290553092957,0.015789158642292023,0.5524694919586182,0.7207560539245605,-0.04471870884299278,0.494966596364975,0.7228410840034485,-0.011672420427203178,0.5624302625656128,0.8759360909461975,0.06439103186130524,0.4986082911491394,0.8770539164543152,0.1068226546049118
63,0.5193151831626892,0.2612529695034027,-0.1549685001373291,0.5678263306617737,0.33795300126075745,0.003694722428917885,0.586491048336029,0.4366477429866791,0.02097800001502037,0.48093804717063904,0.3421069085597992,0.04115122929215431,0.467122346162796,0.44660767912864685,0.07732002437114716,0.589777410030365,0.5276885628700256,-0.08242937922477722,0.4610832929611206,0.5358557105064392,-0.008502345532178879,0.5489931702613831,0.5480690002441406,-0.0157176423817873,0.49574607610702515,0.5485682487487793,0.015742115676403046,0.5525678992271423,0.7207569479942322,-0.04461882635951042,0.49495717883110046,0.7228420376777649,-0.011871163733303547,0.562554121017456,0.8758942484855652,0.06366318464279175,0.4986027181148529,0.8770077228546143,0.10561580955982208
64,0.5191241502761841,0.26142653822898865,-0.15507984161376953,0.5678452253341675,0.33795830607414246,0.004017779137939215,0.5865002274513245,0.43685290217399597,0.024913981556892395,0.4810950458049774,0.342073917388916,0.04089543968439102,0.4671202003955841,0.4463724195957184,0.0778571367263794,0.5896294713020325,0.5278204083442688,-0.07381490617990494,0.46109697222709656,0.5356428027153015,-0.007970539852976799,0.5489891171455383,0.5478477478027344,-0.014902147464454174,0.495647668838501,0.5483040809631348,0.01491163857281208,0.5525678992271423,0.7205386757850647,-0.04453445225954056,0.4949938654899597,0.7226697206497192,-0.015724577009677887,0.5624257326126099,0.8756871819496155,0.06291548907756805,0.4985375702381134,0.8765890002250671,0.097811758518219
65,0.5191617608070374,0.26144275069236755,-0.17823165655136108,0.5678360462188721,0.3378998935222626,-0.013772417791187763,0.5865245461463928,0.4368549883365631,0.00816640630364418,0.48093849420547485,0.34212544560432434,0.024564053863286972,0.4670019745826721,0.4467555284500122,0.06540865451097488,0.5896016955375671,0.5278708934783936,-0.0957779511809349,0.46114814281463623,0.5360798239707947,-0.022861424833536148,0.5490105748176575,0.5477561950683594,-0.015038665384054184,0.4956733286380768,0.5482644438743591,0.015050552785396576,0.5525921583175659,0.7205038070678711,-0.044345367699861526,0.49496427178382874,0.7219403386116028,-0.012574894353747368,0.5623999238014221,0.8756824135780334,0.05889510735869408,0.49837976694107056,0.8762207627296448,0.09757465124130249
66,0.5190595984458923,0.26150569319725037,-0.16640408337116241,0.567843496799469,0.3379088342189789,-0.010682137683033943,0.5865427851676941,0.43686243891716003,0.010696712881326675,0.48097532987594604,0.3419699966907501,0.03286845237016678,0.46700605750083923,0.4465523064136505,0.07027442753314972,0.589544951915741,0.5279040932655334,-0.0921759158372879,0.4611658453941345,0.5361023545265198,-0.01866208203136921,0.5490012764930725,0.5477571487426758,-0.015124589204788208,0.4956569969654083,0.5482096076011658,0.015133705921471119,0.5525918006896973,0.7204458117485046,-0.045628540217876434,0.4949614107608795,0.7220123410224915,-0.01347339153289795,0.5624122023582458,0.8753677606582642,0.05820096656680107,0.498384028673172,0.8762211203575134,0.09692735224962234
67,0.5193509459495544,0.26147159934043884,-0.17167143523693085,0.5678544640541077,0.3379163146018982,-0.00820301752537489,0.5865510702133179,0.43686479330062866,0.012192286550998688,0.48089799284935,0.34196943044662476,0.02806059829890728,0.46698853373527527,0.44662171602249146,0.06654606759548187,0.5895346403121948,0.527934193611145,-0.09073884785175323,0.4612054228782654,0.5361990928649902,-0.02126210555434227,0.5490007996559143,0.5480402708053589,-0.01457121316343546,0.49563726782798767,0.5483954548835754,0.014589257538318634,0.5526386499404907,0.7207231521606445,-0.04508402943611145,0.49482616782188416,0.7220688462257385,-0.010363370180130005,0.5622979998588562,0.8756097555160522,0.05927412211894989,0.49824512004852295,0.876176655292511,0.10785996913909912
68,0.5193025469779968,0.261421263217926,-0.1802634596824646,0.5678539276123047,0.3379136621952057,-0.010091064497828484,0.5865263342857361,0.4369657635688782,0.013272239826619625,0.48090678453445435,0.3419434726238251,0.02463247999548912,0.4669884145259857,0.4466254711151123,0.06593324989080429,0.5895293951034546,0.5279774069786072,-0.09006001055240631,0.46122658252716064,0.5362088084220886,-0.022642411291599274,0.5490307211875916,0.548088788986206,-0.014575304463505745,0.49568048119544983,0.5484825372695923,0.014593450352549553,0.5526233911514282,0.7206628322601318,-0.045178577303886414,0.4949083924293518,0.7220740914344788,-0.009124175645411015,0.5623713731765747,0.8756087422370911,0.06381269544363022,0.49852848052978516,0.8761976361274719,0.11262448132038116
69,0.5192392468452454,0.26136964559555054,-0.14724218845367432,0.5678319931030273,0.33791056275367737,-0.0002464410208631307,0.5864511132240295,0.4372163414955139,0.01632663607597351,0.48088014125823975,0.3419305980205536,0.04508622735738754,0.4669994115829468,0.4466208815574646,0.08380798250436783,0.5894383192062378,0.5282555222511292,-0.0836535319685936,0.4612256586551666,0.5361675024032593,0.002804471179842949,0.5489979982376099,0.5481356978416443,-0.015119525603950024,0.49558761715888977,0.5484911799430847,0.01513412594795227,0.5525512099266052,0.7208595275878906,-0.04982234165072441,0.49487829208374023,0.7223703265190125,-0.011114035733044147,0.562356173992157,0.8758209347724915,0.05548054724931717,0.4984228312969208,0.8763300180435181,0.11134961247444153
70,0.5192375779151917,0.26125529408454895,-0.16584309935569763,0.5678382515907288,0.33791831135749817,-0.0018668618286028504,0.5864495635032654,0.43722638487815857,0.016564443707466125,0.48087793588638306,0.3419177532196045,0.034226663410663605,0.4669826030731201,0.44662806391716003,0.07256907969713211,0.589432418346405,0.5282609462738037,-0.08529838174581528,0.46122801303863525,0.5362229943275452,-0.015191447921097279,0.5490041971206665,0.548392653465271,-0.014699101448059082,0.4955885410308838,0.5487545132637024,0.014719429425895214,0.5526213645935059,0.7207829356193542,-0.04736830294132233,0.4948769509792328,0.7223151326179504,-0.009150722995400429,0.5623650550842285,0.8758207559585571,0.06333597749471664,0.49843648076057434,0.8763450980186462,0.11526183784008026
71,0.5192358493804932,0.26094523072242737,-0.16553820669651031,0.567816436290741,0.337915301322937,-0.001857450813986361,0.5864145159721375,0.4373343288898468,0.016697565093636513,0.48087573051452637,0.34191352128982544,0.03431325778365135,0.4669330418109894,0.44662192463874817,0.07280971854925156,0.5894140005111694,0.5282657742500305,-0.08674102276563644,0.46122825145721436,0.536212682723999,-0.014559969305992126,0.5490047931671143,0.5483952760696411,-0.014725342392921448,0.4955857992172241,0.5487591028213501,0.01474604569375515,0.5525069236755371,0.7208298444747925,-0.04726583510637283,0.4948750138282776,0.7223178744316101,-0.011240731924772263,0.5623590350151062,0.8760219216346741,0.06053712218999863,0.4984564185142517,0.8763944506645203,0.10447976738214493
72,0.519149124622345,0.26094701886177063,-0.16608743369579315,0.5678136944770813,0.3379160165786743,-0.0022309357300400734,0.5863549709320068,0.43740805983543396,0.016746701672673225,0.4808373749256134,0.3418214023113251,0.034297727048397064,0.4670068323612213,0.44661903381347656,0.07292451709508896,0.5894055962562561,0.5283560752868652,-0.08728040754795074,0.4612472355365753,0.5362600088119507,-0.014095214195549488,0.5490053296089172,0.5486825704574585,-0.014751468785107136,0.49558576941490173,0.5489347577095032,0.014772353693842888,0.5525022745132446,0.7214529514312744,-0.047564759850502014,0.49480804800987244,0.7224911451339722,-0.0096323536708951,0.5626122951507568,0.876096785068512,0.06056414544582367,0.4984176456928253,0.8764991760253906,0.11391264200210571
73,0.5188531279563904,0.2610834836959839,-0.13306733965873718,0.5678119659423828,0.3379037082195282,0.010509224608540535,0.5863529443740845,0.4374645948410034,0.023586712777614594,0.4809650480747223,0.3417579233646393,0.058782197535037994,0.4669643044471741,0.44654661417007446,0.09606711566448212,0.5893571972846985,0.5283600687980652,-0.07597436010837555,0.4612656831741333,0.536171555519104,0.01730867102742195,0.5489382147789001,0.5483139753341675,-0.015583068132400513,0.4955854117870331,0.5484601855278015,0.015586959198117256,0.5522461533546448,0.7212958931922913,-0.04798568785190582,0.49482765793800354,0.7224663496017456,-0.013413898646831512,0.5620946884155273,0.8761175870895386,0.05889875441789627,0.4989418387413025,0.8767176866531372,0.09877288341522217
74,0.5188735127449036,0.2610425353050232,-0.17029012739658356,0.5677515268325806,0.33771342039108276,-0.00665609585121274,0.586370587348938,0.43735936284065247,0.013592146337032318,0.4808298647403717,0.341957151889801,0.03411826118826866,0.46692904829978943,0.446755588054657,0.07667163759469986,0.5893328189849854,0.5283479690551758,-0.09062910079956055,0.4612930119037628,0.5364252924919128,-0.009640066884458065,0.5489492416381836,0.5482880473136902,-0.015662433579564095,0.49561911821365356,0.5484634637832642,0.015667209401726723,0.5523163676261902,0.721295177936554,-0.04666483774781227,0.494820237159729,0.7223526239395142,-0.008381430990993977,0.5619922280311584,0.8761296272277832,0.05888848379254341,0.4989279806613922,0.8763793706893921,0.10430684685707092
75,0.5189229846000671,0.26110610365867615,-0.16878001391887665,0.5678014159202576,0.33774974942207336,-0.0005256113945506513,0.5864376425743103,0.4373621642589569,0.02256743051111698,0.48087188601493835,0.3419484496116638,0.033784687519073486,0.46692606806755066,0.44663193821907043,0.07506533712148666,0.5893203020095825,0.5284000635147095,-0.08199583739042282,0.4612959623336792,0.5364376306533813,-0.011962377466261387,0.5489978194236755,0.5482560992240906,-0.01454922091215849,0.4956321120262146,0.5484291911125183,0.014552370645105839,0.5522887706756592,0.7209271192550659,-0.04599415883421898,0.4948182702064514,0.7223489284515381,-0.013947254978120327,0.5617370009422302,0.8761427998542786,0.06005971133708954,0.49888184666633606,0.8762319087982178,0.09959408640861511
76,0.5192135572433472,0.2608274817466736,-0.1385381519794464,0.5678084492683411,0.33772963285446167,0.006156551651656628,0.586434543132782,0.43736228346824646,0.02239638939499855,0.4808030426502228,0.3419438302516937,0.04878263548016548,0.4670255780220032,0.44664207100868225,0.08605591207742691,0.5893106460571289,0.5284161567687988,-0.07902892678976059,0.46133342385292053,0.5364375710487366,0.007559420540928841,0.5490407347679138,0.5482608675956726,-0.01528132427483797,0.4956444203853607,0.5484462976455688,0.015284289605915546,0.5523012280464172,0.7211951017379761,-0.04593224078416824,0.4947180151939392,0.7224109768867493,-0.014438501559197903,0.5621083974838257,0.8761612772941589,0.05302445590496063,0.4988275468349457,0.8764139413833618,0.09346022456884384
77,0.5190682411193848,0.2608262896537781,-0.16428601741790771,0.5678334832191467,0.33775582909584045,0.0019459918839856982,0.5864973068237305,0.4373890161514282,0.022232022136449814,0.4808105230331421,0.34193161129951477,0.0365891270339489,0.4669906198978424,0.44642800092697144,0.07773766666650772,0.5892810821533203,0.5284212231636047,-0.07917164266109467,0.46133682131767273,0.5364290475845337,-0.007144738454371691,0.5490968823432922,0.5483207702636719,-0.014939351938664913,0.49564144015312195,0.5484668016433716,0.014939578250050545,0.5522846579551697,0.7211520075798035,-0.04485590383410454,0.494710236787796,0.7224717140197754,-0.014358801767230034,0.5617300271987915,0.8761628270149231,0.06004437431693077,0.49881410598754883,0.8764103651046753,0.09650444984436035
78,0.5190548896789551,0.2607790231704712,-0.1491071879863739,0.5678099989891052,0.3377240300178528,0.006457208655774593,0.5864558219909668,0.43740588426589966,0.02402273751795292,0.4807743728160858,0.34180203080177307,0.04383326694369316,0.46705055236816406,0.4464179575443268,0.0828336849808693,0.5892735123634338,0.5284178853034973,-0.07749587297439575,0.46133825182914734,0.5364327430725098,-1.9337590856594034e-05,0.5491127371788025,0.5483235120773315,-0.01495550200343132,0.4956417381763458,0.5484755039215088,0.014956844039261341,0.5521915555000305,0.7211505174636841,-0.04507490247488022,0.49471142888069153,0.7224692702293396,-0.015199358575046062,0.5615739822387695,0.8762221336364746,0.055040668696165085,0.4989030361175537,0.8767431974411011,0.09155742824077606
79,0.5189931988716125,0.2607818841934204,-0.14994890987873077,0.5678339004516602,0.33774909377098083,0.006580457091331482,0.5865031480789185,0.4374096989631653,0.027219124138355255,0.4807983338832855,0.3417961001396179,0.04239107668399811,0.46702975034713745,0.44627657532691956,0.08169295638799667,0.5892318487167358,0.5284207463264465,-0.0719715803861618,0.4613405466079712,0.5364224910736084,-0.0010635026264935732,0.5491325259208679,0.5482955574989319,-0.014315707609057426,0.495638370513916,0.5484600067138672,0.014316500164568424,0.5521926879882812,0.720973789691925,-0.044051963835954666,0.49471449851989746,0.7224774956703186,-0.015962675213813782,0.5614405870437622,0.8760538101196289,0.05523986741900444,0.49888256192207336,0.8766328692436218,0.0911249965429306
80,0.5191149115562439,0.2605542838573456,-0.1419495791196823,0.5678346753120422,0.3377249538898468,0.007672225125133991,0.5864967107772827,0.43741366267204285,0.02604561485350132,0.4807249903678894,0.34179091453552246,0.04771343618631363,0.4671419858932495,0.44632384181022644,0.08468107134103775,0.5892247557640076,0.5284601449966431,-0.07319285720586777,0.46135827898979187,0.5364416837692261,0.0026371588464826345,0.5491770505905151,0.5483042597770691,-0.014999502338469028,0.4956653118133545,0.548508882522583,0.015008327551186085,0.5522053837776184,0.7212987542152405,-0.04418276622891426,0.4946307837963104,0.7225561141967773,-0.015901323407888412,0.561933159828186,0.8761666417121887,0.05254774168133736,0.49885326623916626,0.8767223954200745,0.09189856052398682
81,0.519049346446991,0.26056626439094543,-0.15076979994773865,0.5678694844245911,0.33775636553764343,0.00762845017015934,0.5865504741668701,0.43741631507873535,0.02570214681327343,0.480734258890152,0.3417868912220001,0.045679204165935516,0.46711063385009766,0.446198970079422,0.0843459963798523,0.589186429977417,0.5284560322761536,-0.07411026954650879,0.46136078238487244,0.5363608002662659,0.0010795617708936334,0.5491805672645569,0.5483071804046631,-0.014816387556493282,0.4956497848033905,0.5485119819641113,0.014825353398919106,0.5522481799125671,0.7211247086524963,-0.043861329555511475,0.4946313202381134,0.7225803136825562,-0.01579350233078003,0.5618383288383484,0.8757968544960022,0.05556764826178551,0.4989703595638275,0.8766993880271912,0.09256350994110107
82,0.5190511345863342,0.2604843080043793,-0.14334917068481445,0.5678626298904419,0.3376963138580322,0.010903101414442062,0.5864846110343933,0.43741968274116516,0.026968304067850113,0.4807029068470001,0.3416813910007477,0.04750784486532211,0.46714794635772705,0.4461924731731415,0.08428487926721573,0.5891798138618469,0.5284590125083923,-0.07334288954734802,0.46135929226875305,0.5363666415214539,0.000955756870098412,0.5491875410079956,0.5483109354972839,-0.014782708138227463,0.49565786123275757,0.5485145449638367,0.01479444932192564,0.5522528290748596,0.7211194634437561,-0.04387563094496727,0.4946158826351166,0.7224645018577576,-0.016033213585615158,0.5618370771408081,0.8756893873214722,0.05528843775391579,0.4989454746246338,0.8767620921134949,0.09162639826536179
83,0.5188625454902649,0.26048240065574646,-0.16145604848861694,0.5678661465644836,0.33777180314064026,0.006049868650734425,0.5864843130111694,0.4374462366104126,0.02728535234928131,0.48070400953292847,0.3416654169559479,0.036452747881412506,0.46716663241386414,0.44610199332237244,0.07960332185029984,0.5891091227531433,0.5284796357154846,-0.07132536917924881,0.4613606333732605,0.5363675355911255,-0.003130686702206731,0.5491937398910522,0.5483117699623108,-0.014124540612101555,0.49561333656311035,0.5485147833824158,0.01412967499345541,0.5522520542144775,0.7209583520889282,-0.04336503893136978,0.49465757608413696,0.7224608063697815,-0.016304723918437958,0.561799943447113,0.8755661249160767,0.05940289422869682,0.49893221259117126,0.8767157196998596,0.09177951514720917
84,0.5188596248626709,0.26043808460235596,-0.15740448236465454,0.5678619146347046,0.33773455023765564,0.006010401528328657,0.5864655375480652,0.4374657869338989,0.02464975230395794,0.4806935489177704,0.34162718057632446,0.03903688117861748,0.46726348996162415,0.44609948992729187,0.08014008402824402,0.589073896408081,0.5284940600395203,-0.07787130028009415,0.461376428604126,0.5364162921905518,-0.0031155759934335947,0.5491970181465149,0.5483474135398865,-0.01437730435281992,0.4956180453300476,0.5485553741455078,0.014386001974344254,0.5522342324256897,0.7211336493492126,-0.043765850365161896,0.4946097731590271,0.7224687337875366,-0.01618480682373047,0.5619925856590271,0.8754796385765076,0.059339720755815506,0.4989013969898224,0.8767738938331604,0.09362760186195374
85,0.5188418626785278,0.260417103767395,-0.16707584261894226,0.5678718686103821,0.33776000142097473,0.002829459961503744,0.5864625573158264,0.43746891617774963,0.02462148852646351,0.4806927740573883,0.341620534658432,0.035941869020462036,0.46720263361930847,0.44606128334999084,0.07894956320524216,0.5890250205993652,0.5284456014633179,-0.07787598669528961,0.4613693058490753,0.5364106297492981,-0.005084321368485689,0.5491999983787537,0.5484822392463684,-0.014390949159860611,0.4956025183200836,0.5485926866531372,0.014398401603102684,0.552189290523529,0.7212004661560059,-0.04365430399775505,0.4946228265762329,0.7226446270942688,-0.014166220091283321,0.5617550611495972,0.8757150769233704,0.067067451775074,0.49899062514305115,0.877276599407196,0.10351262986660004
86,0.5188044905662537,0.2603994309902191,-0.17273275554180145,0.5678359866142273,0.33763542771339417,-0.0037790145725011826,0.5864426493644714,0.43747231364250183,0.02121048979461193,0.48067790269851685,0.3415786623954773,0.032903239130973816,0.46721237897872925,0.4460664689540863,0.0770825445652008,0.5889925956726074,0.5284355282783508,-0.08282605558633804,0.4613567292690277,0.5364121794700623,-0.009378015995025635,0.5492061376571655,0.5484693646430969,-0.014811255969107151,0.4956187307834625,0.548595666885376,0.014821899123489857,0.5521114468574524,0.7211899757385254,-0.04441199079155922,0.4946792721748352,0.7225220799446106,-0.013410951010882854,0.5617495179176331,0.8757218718528748,0.06676783412694931,0.4991583824157715,0.8774271011352539,0.10285253822803497
87,0.5186053514480591,0.26039883494377136,-0.15856093168258667,0.5678354501724243,0.33766990900039673,-0.0008606272167526186,0.5864448547363281,0.43749529123306274,0.02389693260192871,0.4806746244430542,0.3415721654891968,0.03681155666708946,0.46726033091545105,0.4460495412349701,0.08177106827497482,0.5888597369194031,0.5284489393234253,-0.07235214114189148,0.46135395765304565,0.5363935828208923,0.0020917283836752176,0.5492090582847595,0.5480829477310181,-0.014598359353840351,0.49554571509361267,0.5484212636947632,0.01460251770913601,0.5521515607833862,0.7207269072532654,-0.04441320523619652,0.49472177028656006,0.722478449344635,-0.015968842431902885,0.5617480874061584,0.8753840923309326,0.06303106248378754,0.49912029504776,0.8772401809692383,0.09415962547063828
88,0.5186045169830322,0.26029276847839355,-0.18411149084568024,0.5677867531776428,0.33766987919807434,-0.016650531440973282,0.5863867402076721,0.43747127056121826,0.006747470702975988,0.4805457592010498,0.3416298031806946,0.01979152485728264,0.46731042861938477,0.4462406635284424,0.06569202989339828,0.5888484716415405,0.5284501910209656,-0.0981450304389,0.4613511860370636,0.536494255065918,-0.020485708490014076,0.5491802096366882,0.5480830073356628,-0.014604341238737106,0.4955483376979828,0.5484349727630615,0.014608489349484444,0.5521686673164368,0.7205923795700073,-0.04430632293224335,0.49470406770706177,0.7223522067070007,-0.014837929978966713,0.5622591376304626,0.8734460473060608,0.0654517337679863,0.4991482198238373,0.8772372007369995,0.09768179804086685
89,0.518528401851654,0.26031577587127686,-0.17004406452178955,0.5677722692489624,0.33766281604766846,-0.007886270992457867,0.58636873960495,0.4374619722366333,0.007836132310330868,0.48059144616127014,0.3416174054145813,0.025196101516485214,0.4673067331314087,0.4461728036403656,0.06628286838531494,0.5887715816497803,0.5284767746925354,-0.09481947124004364,0.461349219083786,0.5364856719970703,-0.018295036628842354,0.5490656495094299,0.5479561686515808,-0.014379777945578098,0.49545300006866455,0.5482823848724365,0.014382601715624332,0.5520434975624084,0.7202979326248169,-0.04453716427087784,0.49470236897468567,0.7223049402236938,-0.017026400193572044,0.562032163143158,0.8734394311904907,0.062236297875642776,0.4989984333515167,0.8772554993629456,0.09396675229072571
90,0.5188291072845459,0.2601507008075714,-0.16873137652873993,0.5676969289779663,0.33743205666542053,-0.00684010935947299,0.586362361907959,0.4372759759426117,0.010699132457375526,0.48042383790016174,0.34177035093307495,0.027244051918387413,0.4671913683414459,0.446603387594223,0.06805328279733658,0.5887356996536255,0.5284545421600342,-0.09244226664304733,0.4613926410675049,0.5366798639297485,-0.017321959137916565,0.5490915775299072,0.5478155612945557,-0.014666968025267124,0.4954763948917389,0.5482549071311951,0.014677961356937885,0.552062451839447,0.7202494144439697,-0.04459349066019058,0.49471089243888855,0.7216936945915222,-0.014134999364614487,0.5620287656784058,0.8735887408256531,0.05581057444214821,0.4988689720630646,0.8771677613258362,0.09408643841743469
91,0.5188250541687012,0.2599031329154968,-0.1726764291524887,0.5676953792572021,0.33748289942741394,-0.006203016731888056,0.5862962603569031,0.43735069036483765,0.010971993207931519,0.480424165725708,0.34176766872406006,0.025217924267053604,0.46715614199638367,0.4465315639972687,0.06760407984256744,0.5886475443840027,0.5284383893013,-0.09161903709173203,0.4613960087299347,0.5367137789726257,-0.017332088202238083,0.549064040184021,0.5478150248527527,-0.013801580294966698,0.49544644355773926,0.548254132270813,0.013800705783069134,0.5522891283035278,0.7200651168823242,-0.04459439590573311,0.49471157789230347,0.721852719783783,-0.01627667248249054,0.5620906352996826,0.873075008392334,0.061020392924547195,0.49889519810676575,0.8771143555641174,0.09412815421819687
92,0.5188288688659668,0.25976309180259705,-0.15643145143985748,0.5675826668739319,0.33743220567703247,0.0013140100054442883,0.586256206035614,0.4373432993888855,0.017083104699850082,0.4802813231945038,0.34175583720207214,0.03201255947351456,0.46708178520202637,0.44660693407058716,0.06882645189762115,0.5886058807373047,0.5284048318862915,-0.08561700582504272,0.46139511466026306,0.5367145538330078,-0.014200382865965366,0.5490615367889404,0.54781574010849,-0.013799997977912426,0.4954422116279602,0.5482823848724365,0.013800996355712414,0.552328884601593,0.7202973365783691,-0.044722747057676315,0.49468469619750977,0.7219173908233643,-0.012942906469106674,0.5620564222335815,0.8750820159912109,0.05284696817398071,0.49880337715148926,0.8771685361862183,0.09690524637699127
93,0.518794059753418,0.2597760558128357,-0.16388629376888275,0.5675780773162842,0.3374384045600891,0.0011986310128122568,0.5863310694694519,0.43734264373779297,0.018912822008132935,0.4802827537059784,0.34173834323883057,0.03210006654262543,0.4670472741127014,0.4465745687484741,0.0688994824886322,0.588558554649353,0.5284101366996765,-0.08553186804056168,0.4613877236843109,0.5366479754447937,-0.014213217422366142,0.5491010546684265,0.5478457808494568,-0.01380427647382021,0.4954453408718109,0.5483240485191345,0.013805167749524117,0.5521993637084961,0.7203834652900696,-0.044342510402202606,0.49468475580215454,0.7224170565605164,-0.012798340991139412,0.5614578127861023,0.8760915398597717,0.06587926298379898,0.4988921880722046,0.8775160312652588,0.10547797381877899
94,0.5187641382217407,0.25977036356925964,-0.15154889225959778,0.5675637722015381,0.337452232837677,0.003211413277313113,0.5863204598426819,0.43734246492385864,0.018979987129569054,0.48022836446762085,0.3417350649833679,0.04223328083753586,0.4670535624027252,0.44657739996910095,0.07892388850450516,0.5884674191474915,0.5284207463264465,-0.08542152494192123,0.46138399839401245,0.5366422533988953,-0.005093758925795555,0.5491049885749817,0.5478453636169434,-0.014564885757863522,0.49543777108192444,0.5483335852622986,0.014572368003427982,0.552081286907196,0.7203712463378906,-0.044643595814704895,0.49473658204078674,0.7224670648574829,-0.012812962755560875,0.5612696409225464,0.876580536365509,0.061664827167987823,0.49918538331985474,0.877932071685791,0.1024981215596199
95,0.5185319185256958,0.25976917147636414,-0.13735635578632355,0.5675475597381592,0.3374778926372528,0.011485148221254349,0.5863137245178223,0.4373500943183899,0.025728739798069,0.4802286922931671,0.3416992425918579,0.051000967621803284,0.46707683801651,0.4465194642543793,0.08731662482023239,0.58838951587677,0.5284590721130371,-0.07328943908214569,0.4613679349422455,0.5366308093070984,0.007003648206591606,0.5490984916687012,0.5478370189666748,-0.014567467384040356,0.495403528213501,0.5483137369155884,0.014574632979929447,0.5519903302192688,0.7205440402030945,-0.04480043426156044,0.4946969449520111,0.7228615283966064,-0.01420795451849699,0.5612678527832031,0.877061665058136,0.05947200953960419,0.4991001784801483,0.8779319524765015,0.09986120462417603
96,0.5185283422470093,0.25962626934051514,-0.1426531821489334,0.5675053000450134,0.3374992907047272,0.008883392438292503,0.5863116383552551,0.43735119700431824,0.0198360662907362,0.48012951016426086,0.3417065143585205,0.04982199892401695,0.4670722782611847,0.44658079743385315,0.08212718367576599,0.5883774161338806,0.5286414623260498,-0.08279330283403397,0.4613637328147888,0.5366345047950745,-0.00015639256162103266,0.5491004586219788,0.5478370189666748,-0.014563082717359066,0.4954011142253876,0.5483173727989197,0.014570922590792179,0.5519894361495972,0.7208251953125,-0.04483005777001381,0.4946705102920532,0.7228345274925232,-0.014601818285882473,0.5614269375801086,0.8768490552902222,0.05720124766230583,0.4990263879299164,0.8778680562973022,0.09581178426742554
97,0.5182851552963257,0.2596236765384674,-0.168049618601799,0.5675020217895508,0.337502658367157,0.0003109223034698516,0.5863093137741089,0.4373769760131836,0.019648892804980278,0.48013415932655334,0.3416670262813568,0.034580085426568985,0.46708551049232483,0.4465118944644928,0.0761108323931694,0.588239848613739,0.5286456346511841,-0.0827813595533371,0.4613324701786041,0.536593496799469,-0.008587224408984184,0.5490800142288208,0.5476619601249695,-0.01413500402122736,0.4953083097934723,0.5479790568351746,0.014136453159153461,0.5519021153450012,0.7205462455749512,-0.04460795223712921,0.4946724474430084,0.7227937579154968,-0.015004688873887062,0.5613391399383545,0.8764100670814514,0.062370963394641876,0.4989343285560608,0.8776751756668091,0.0978921428322792
98,0.5184457898139954,0.25924763083457947,-0.19705739617347717,0.5674574375152588,0.33750325441360474,-0.02045089565217495,0.5862715244293213,0.4373669922351837,0.006554550025612116,0.4798229932785034,0.34167778491973877,0.010493653826415539,0.4668745994567871,0.44665542244911194,0.055230721831321716,0.5882281064987183,0.5286427736282349,-0.09988303482532501,0.4613337516784668,0.5366531014442444,-0.033899180591106415,0.5490624904632568,0.5475466251373291,-0.014135685749351978,0.49530652165412903,0.5479665398597717,0.01413721963763237,0.55196213722229,0.7199364304542542,-0.04377327486872673,0.49466729164123535,0.7223106026649475,-0.012343642301857471,0.5613930225372314,0.8756806254386902,0.06486225128173828,0.4989323318004608,0.8774825930595398,0.10251420736312866
99,0.5180233716964722,0.2591312825679779,-0.1915794312953949,0.5674152374267578,0.33751145005226135,-0.018947523087263107,0.5860218405723572,0.43744567036628723,0.007613630034029484,0.47982364892959595,0.34166544675827026,0.014611614868044853,0.4668675661087036,0.4465697109699249,0.059630345553159714,0.5881745219230652,0.5286799669265747,-0.09639710187911987,0.4613265097141266,0.5366514921188354,-0.0273683350533247,0.5490303635597229,0.5475258231163025,-0.014092914760112762,0.4952629506587982,0.5479340553283691,0.014092441648244858,0.5519835948944092,0.719550371170044,-0.043991003185510635,0.49468404054641724,0.7223100662231445,-0.01284068077802658,0.5614508390426636,0.8743889927864075,0.06441571563482285,0.4988965392112732,0.877320408821106,0.10230696201324463
100,0.517967939376831,0.2591264843940735,-0.20767909288406372,0.5673452019691467,0.3375204801559448,-0.03114795871078968,0.5860058069229126,0.43744802474975586,-0.0038676888216286898,0.47973692417144775,0.341687947511673,0.005782336462289095,0.4668649435043335,0.4466424286365509,0.05352151766419411,0.5881341099739075,0.528756320476532,-0.1111975610256195,0.4613284170627594,0.5366565585136414,-0.03672540560364723,0.5490306615829468,0.5477192997932434,-0.014140043407678604,0.49527135491371155,0.5482758283615112,0.014139867387712002,0.5520992875099182,0.7195588946342468,-0.04366816207766533,0.49468448758125305,0.722297191619873,-0.008980104699730873,0.5617973208427429,0.8742231726646423,0.07531436532735825,0.49895501136779785,0.8771886229515076,0.11714300513267517
101,0.5179644823074341,0.25905340909957886,-0.1671004444360733,0.5673320293426514,0.3374737799167633,-0.006785459816455841,0.5859754085540771,0.43758150935173035,0.0070740641094744205,0.479860782623291,0.3416525721549988,0.030457567423582077,0.46673983335494995,0.44648540019989014,0.06814588606357574,0.5878505110740662,0.5288158655166626,-0.10549145936965942,0.46132123470306396,0.5363900661468506,-0.019269440323114395,0.5489843487739563,0.5476809740066528,-0.013972647488117218,0.49519509077072144,0.5481404662132263,0.013975352048873901,0.5520221590995789,0.7195342183113098,-0.04388972744345665,0.49475112557411194,0.7222413420677185,-0.013622492551803589,0.5614175200462341,0.8745001554489136,0.06609947979450226,0.4989420473575592,0.8769317269325256,0.10166984051465988
102,0.5181474089622498,0.2590271830558777,-0.17729990184307098,0.5673263072967529,0.3374727666378021,-0.012633977457880974,0.5860178470611572,0.4375915229320526,0.007053167559206486,0.47970685362815857,0.34168127179145813,0.022553175687789917,0.46655115485191345,0.44669032096862793,0.06297009438276291,0.5878424644470215,0.5288863182067871,-0.10193726420402527,0.4613458216190338,0.5365292429924011,-0.024806881323456764,0.5489847660064697,0.5477568507194519,-0.014266222715377808,0.49519410729408264,0.5482209920883179,0.014275449328124523,0.5520797371864319,0.7197399139404297,-0.04394732415676117,0.4947289824485779,0.7221917510032654,-0.00563751719892025,0.5613539218902588,0.8756080865859985,0.056332703679800034,0.49891021847724915,0.876923143863678,0.10856932401657104
103,0.5177668333053589,0.25903913378715515,-0.18418173491954803,0.5673219561576843,0.3374839425086975,-0.013652077876031399,0.5860165357589722,0.43762385845184326,0.007249081041663885,0.4797099232673645,0.34162676334381104,0.020738452672958374,0.4665689468383789,0.44653409719467163,0.06345520168542862,0.5877663493156433,0.5288913249969482,-0.10006144642829895,0.46131452918052673,0.5364047288894653,-0.024258842691779137,0.5489820837974548,0.5475369691848755,-0.014100841246545315,0.49511805176734924,0.5479046106338501,0.0141057800501585,0.5520702004432678,0.7197265625,-0.04428955540060997,0.494745671749115,0.7221343517303467,-0.008988686837255955,0.5612384080886841,0.8755466938018799,0.0566612146794796,0.4988902807235718,0.8769087791442871,0.10605742037296295
104,0.5179429650306702,0.25857558846473694,-0.2065088301897049,0.5672642588615417,0.3374200463294983,-0.0301357489079237,0.5860077142715454,0.4376083016395569,-0.0041146897710859776,0.4793303608894348,0.34177130460739136,0.003676852211356163,0.4661933183670044,0.4469832479953766,0.04684129357337952,0.5877654552459717,0.5289020538330078,-0.11326941102743149,0.46131014823913574,0.5366315245628357,-0.04702001065015793,0.5489831566810608,0.5475314855575562,-0.014170383103191853,0.495118647813797,0.5479707717895508,0.014177212491631508,0.5520725846290588,0.7196280360221863,-0.04239683598279953,0.4947417974472046,0.7220106720924377,-0.006613306235522032,0.561665415763855,0.8753926753997803,0.06843864917755127,0.49891218543052673,0.876746416091919,0.11457817256450653
105,0.5178852081298828,0.2584269046783447,-0.20987752079963684,0.5672445297241211,0.3374832570552826,-0.028527885675430298,0.5857560634613037,0.4376867711544037,-0.0011838225182145834,0.4793996512889862,0.3416791260242462,0.000596381607465446,0.4662162959575653,0.44676879048347473,0.04696054756641388,0.5877023339271545,0.5288967490196228,-0.11232008039951324,0.46129316091537476,0.5365109443664551,-0.04260034114122391,0.5489477515220642,0.5471492409706116,-0.013166998513042927,0.495086133480072,0.5476210713386536,0.013162857852876186,0.5521163940429688,0.7191800475120544,-0.042445458471775055,0.4947577118873596,0.7219110727310181,-0.011776055209338665,0.5616880655288696,0.8742967844009399,0.06777658313512802,0.4989199936389923,0.8763713240623474,0.10508295893669128
106,0.5179369449615479,0.25815775990486145,-0.19982697069644928,0.5670773386955261,0.3374389410018921,-0.02687656320631504,0.5857253074645996,0.43764448165893555,-0.0044298330321908,0.4791807532310486,0.3418269157409668,0.0014899284578859806,0.46610724925994873,0.44722557067871094,0.04965577274560928,0.5876769423484802,0.5288985967636108,-0.10944772511720657,0.46128472685813904,0.5367053747177124,-0.04098004847764969,0.5488680005073547,0.5468912124633789,-0.014654477126896381,0.49507009983062744,0.5475929379463196,0.014644408598542213,0.5521075129508972,0.7191895842552185,-0.04647442325949669,0.49475544691085815,0.7218966484069824,-0.011857937090098858,0.5617381930351257,0.8739795684814453,0.04960908368229866,0.49891552329063416,0.8763672709465027,0.09529952704906464
107,0.5177481770515442,0.25818154215812683,-0.17220571637153625,0.5670632123947144,0.3374360501766205,-0.010992161929607391,0.5856695771217346,0.43765899538993835,0.00413947319611907,0.47921526432037354,0.3415709137916565,0.02514377236366272,0.465938925743103,0.4466497600078583,0.06445140391588211,0.5876769423484802,0.5289883017539978,-0.10225436091423035,0.46125295758247375,0.5367032885551453,-0.02233108878135681,0.5488163828849792,0.5468491315841675,-0.014667393639683723,0.4950527548789978,0.5474380850791931,0.014657936990261078,0.5520876049995422,0.7189801335334778,-0.0471176952123642,0.4946626126766205,0.7219430208206177,-0.01347162015736103,0.5617388486862183,0.8739919662475586,0.05108353868126869,0.4988369643688202,0.876588761806488,0.09404907375574112
108,0.5177915096282959,0.25816377997398376,-0.18786455690860748,0.5669569373130798,0.33741024136543274,-0.020238876342773438,0.5856704711914062,0.4376370906829834,-0.0009182415087707341,0.4790905714035034,0.34180983901023865,0.014204949140548706,0.46593600511550903,0.44691652059555054,0.054136861115694046,0.5876774787902832,0.5290244221687317,-0.10820574313402176,0.46125105023384094,0.5369905829429626,-0.03602669760584831,0.5488149523735046,0.5468651652336121,-0.014664513058960438,0.4950539767742157,0.547504723072052,0.014655033126473427,0.5520836114883423,0.7190878391265869,-0.047087423503398895,0.49458688497543335,0.7218658924102783,-0.009066878817975521,0.5618734359741211,0.8742696642875671,0.052482303231954575,0.49879711866378784,0.8764792680740356,0.10553576052188873
109,0.5175797939300537,0.25793561339378357,-0.1929805874824524,0.5668942928314209,0.33744844794273376,-0.0203335490077734,0.5855334401130676,0.4376569390296936,0.0006256267661228776,0.4791311025619507,0.3417885899543762,0.011754696257412434,0.46588605642318726,0.4467334747314453,0.05415911227464676,0.5876281261444092,0.528999388217926,-0.10486840456724167,0.461204469203949,0.5369433760643005,-0.034606534987688065,0.5488117933273315,0.5468737483024597,-0.013672186061739922,0.4950435757637024,0.5475080013275146,0.01365639828145504,0.552099883556366,0.7191528081893921,-0.047011908143758774,0.49468326568603516,0.7219045162200928,-0.01411942858248949,0.5617925524711609,0.8740639686584473,0.0568743534386158,0.4988059401512146,0.8763940334320068,0.10103445500135422
110,0.517559826374054,0.2578749656677246,-0.1663864105939865,0.5668028593063354,0.3374286890029907,-0.011213290505111217,0.5855411291122437,0.437620609998703,0.0018076567212119699,0.47909489274024963,0.3418141305446625,0.02943202666938305,0.46621614694595337,0.4468785226345062,0.06661387532949448,0.5876281261444092,0.5290372967720032,-0.10467921942472458,0.4612075388431549,0.5369718670845032,-0.020725933834910393,0.5488045811653137,0.5469422340393066,-0.014352269470691681,0.49503642320632935,0.5476263165473938,0.014348476193845272,0.5520630478858948,0.7197184562683105,-0.04756753146648407,0.4945433437824249,0.7221999168395996,-0.013684602454304695,0.5618818402290344,0.8748910427093506,0.052782636135816574,0.49864619970321655,0.8765403628349304,0.10073783993721008
111,0.5172325968742371,0.2578688859939575,-0.160810649394989,0.5667552947998047,0.337425172328949,-0.002185976132750511,0.5855438113212585,0.4376187026500702,0.012292180210351944,0.47911474108695984,0.34179702401161194,0.037150029093027115,0.46613427996635437,0.44676053524017334,0.07395818829536438,0.5876250267028809,0.5291414260864258,-0.09326177835464478,0.461202472448349,0.5368938446044922,-0.013466386124491692,0.5487902164459229,0.5470467805862427,-0.014354558661580086,0.49502137303352356,0.5477004051208496,0.014351245947182178,0.5519481301307678,0.7199211120605469,-0.04749737307429314,0.4945763349533081,0.7224606275558472,-0.014642215333878994,0.5616870522499084,0.8759939074516296,0.053706225007772446,0.49875539541244507,0.8770862221717834,0.10033594816923141
112,0.5172407627105713,0.2577836513519287,-0.17416027188301086,0.5667204260826111,0.3374246656894684,-0.007941176183521748,0.5855501890182495,0.4376130998134613,0.009063088335096836,0.4791010618209839,0.34171369671821594,0.035777825862169266,0.4661337733268738,0.4467243552207947,0.07292607426643372,0.5876269340515137,0.5291465520858765,-0.1011117547750473,0.4611711800098419,0.536862850189209,-0.02081805095076561,0.548775851726532,0.5470696091651917,-0.01476689800620079,0.49501869082450867,0.5477017164230347,0.014777385629713535,0.5518900156021118,0.7198523283004761,-0.04752858355641365,0.49457618594169617,0.7224330306053162,-0.011449982412159443,0.5618367195129395,0.8759864568710327,0.062051910907030106,0.49883872270584106,0.8770902752876282,0.11246348917484283
113,0.517159104347229,0.257813960313797,-0.16772189736366272,0.566655158996582,0.33742496371269226,-0.005703088827431202,0.5854884386062622,0.43761274218559265,0.013188144192099571,0.4791194200515747,0.34160053730010986,0.035284869372844696,0.4661692678928375,0.4466456174850464,0.07484792172908783,0.5876092314720154,0.5291511416435242,-0.09304488450288773,0.46116912364959717,0.5368438959121704,-0.01356661505997181,0.5486003160476685,0.5471019744873047,-0.01482284814119339,0.49488550424575806,0.547703206539154,0.014833025634288788,0.5518551468849182,0.7198660373687744,-0.04775432124733925,0.49452918767929077,0.722718358039856,-0.011469583958387375,0.561843752861023,0.8760896921157837,0.06044631823897362,0.4988265931606293,0.8771876692771912,0.11131849139928818
114,0.5171027183532715,0.2578119933605194,-0.13908369839191437,0.5665125250816345,0.33740559220314026,0.0069462936371564865,0.5854789614677429,0.437538743019104,0.01649567112326622,0.4791218042373657,0.3415614366531372,0.05494263395667076,0.4660862684249878,0.44664326310157776,0.08824624866247177,0.58754962682724,0.5289363265037537,-0.08787988871335983,0.4611263573169708,0.5368538498878479,0.003709216834977269,0.5485779047012329,0.5470438003540039,-0.015779420733451843,0.49489331245422363,0.5476973056793213,0.015802131965756416,0.5519075989723206,0.7200571298599243,-0.04945160821080208,0.4945363998413086,0.7226253747940063,-0.012078188359737396,0.56184321641922,0.8773322701454163,0.04776029661297798,0.4985591471195221,0.8772093057632446,0.098943792283535
115,0.5170665979385376,0.2578049898147583,-0.13980098068714142,0.5665066838264465,0.3374045193195343,0.006176442373543978,0.58547443151474,0.4375268816947937,0.013464887626469135,0.4791029095649719,0.34154069423675537,0.04932942986488342,0.46602967381477356,0.44656696915626526,0.08411228656768799,0.5875470638275146,0.5289344787597656,-0.09534871578216553,0.46112364530563354,0.5368150472640991,0.0007987999124452472,0.5485346913337708,0.5470548868179321,-0.015961717814207077,0.49486368894577026,0.5476924777030945,0.01598370634019375,0.5518953204154968,0.7200561165809631,-0.04955444484949112,0.49453678727149963,0.7226513624191284,-0.0118754543364048,0.56183922290802,0.8773384094238281,0.04858339950442314,0.49864569306373596,0.8772084712982178,0.1012999638915062
116,0.5170547962188721,0.2577532231807709,-0.1760851889848709,0.566502034664154,0.3374047875404358,-0.012725505977869034,0.5854896903038025,0.4374779164791107,0.0036146959755569696,0.47908246517181396,0.34151938557624817,0.029974138364195824,0.46592503786087036,0.44653576612472534,0.07019733637571335,0.587543785572052,0.5288493037223816,-0.10736134648323059,0.46106240153312683,0.5367723107337952,-0.01978781260550022,0.5485124588012695,0.5470651984214783,-0.01596832647919655,0.4948461055755615,0.5476956367492676,0.015990419313311577,0.551893949508667,0.7200216054916382,-0.049728307873010635,0.49453750252723694,0.7226315140724182,-0.008461290039122105,0.5620885491371155,0.8771927952766418,0.049179233610630035,0.4986652135848999,0.8772087097167969,0.11126349866390228
117,0.5170654058456421,0.2576605975627899,-0.175863578915596,0.5664697289466858,0.33728379011154175,-0.013549959287047386,0.585485577583313,0.4373885691165924,0.002853804500773549,0.47909221053123474,0.3414008617401123,0.02973717823624611,0.46601608395576477,0.4464837312698364,0.07017145305871964,0.5875452756881714,0.5287566781044006,-0.10699581354856491,0.4610671401023865,0.5367315411567688,-0.019796596840023994,0.5484970808029175,0.547066867351532,-0.016131864860653877,0.4948498010635376,0.5476957559585571,0.016157081350684166,0.5518064498901367,0.7200453877449036,-0.04968200623989105,0.4944736957550049,0.72263503074646,-0.008776637725532055,0.5624532699584961,0.8768671751022339,0.050203993916511536,0.49864229559898376,0.8772086501121521,0.1078091487288475
118,0.516993522644043,0.2576309144496918,-0.17512555420398712,0.5664623379707336,0.33725276589393616,-0.012933166697621346,0.5854971408843994,0.43737947940826416,0.0034094681032001972,0.4790920317173004,0.34134823083877563,0.030687447637319565,0.4660318195819855,0.44641172885894775,0.07173911482095718,0.5875458717346191,0.5287565588951111,-0.10639350116252899,0.46106788516044617,0.536694347858429,-0.017578061670064926,0.5484762787818909,0.5470681190490723,-0.016137175261974335,0.49484604597091675,0.5476969480514526,0.01616230048239231,0.5517988801002502,0.7201228737831116,-0.05004282668232918,0.4944775700569153,0.7226437330245972,-0.009748676791787148,0.5623708963394165,0.8770852088928223,0.051023632287979126,0.4986746311187744,0.877217173576355,0.10740701109170914
